step,train_margin_mean,train_margin_min,train_margin_q01,train_margin_q05,train_margin_q25,train_margin_median,train_margin_q75,train_margin_q95,train_margin_q99,test_margin_mean,test_margin_min,test_margin_q01,test_margin_q05,test_margin_q25,test_margin_median,test_margin_q75,test_margin_q95,test_margin_q99
50,-0.551068276063958,-5.1717963218688965,-3.0832580280303956,-2.197631335258484,-1.163276195526123,-0.5372092723846436,0.12445127964019775,0.9860495567321775,1.5111139822006232,-4.917895247338302,-11.376374244689941,-8.761760187149047,-7.491603136062622,-5.9196062088012695,-4.8435468673706055,-3.8657575249671936,-2.5739997029304504,-1.7532773613929744
100,2.8983413683363897,-0.3670969009399414,1.1635149765014647,1.6269136428833009,2.3497977256774902,2.853039264678955,3.4099044799804688,4.370814132690427,5.062792625427247,-14.648301954519399,-43.38866424560547,-31.075939655303955,-25.137571811676025,-18.327303409576416,-14.077244758605957,-10.424604177474976,-5.980554580688477,-3.4066502094268705
150,5.163285251377175,2.987699508666992,3.860761489868164,4.185299491882324,4.693530559539795,5.097837448120117,5.550442695617676,6.32953062057495,7.220722808837892,-20.75956479319857,-66.47152709960938,-45.42553005218506,-36.75545120239258,-26.221985340118408,-19.76374340057373,-14.478784084320068,-7.908629059791565,-4.4173819065093936
200,5.7068928323969255,3.5418529510498047,4.455925731658936,4.768594646453858,5.250027656555176,5.63786506652832,6.083981037139893,6.831505680084228,7.664910535812379,-21.995373414502765,-71.51170349121094,-48.94714469909668,-39.13580513000488,-27.877145290374756,-20.934189796447754,-15.385081052780151,-8.265643835067749,-4.535790491104121
250,6.026033619569712,3.900470733642578,4.782747611999512,5.107466030120849,5.579595565795898,5.970682144165039,6.3856072425842285,7.1222396850585925,7.940950241088868,-22.674827953960893,-74.19129943847656,-50.70081748962402,-40.511064529418945,-28.72884464263916,-21.474275588989258,-15.826155424118042,-8.405468702316284,-4.4659787654876695
300,6.263657685071269,4.151086807250977,5.019897212982178,5.358670234680176,5.825498580932617,6.211098670959473,6.629868507385254,7.348385047912597,8.079489154815676,-23.166937558227847,-76.11433410644531,-51.72427520751953,-41.58373737335205,-29.410743713378906,-21.89995002746582,-16.05723762512207,-8.535166263580322,-4.33573231697082
350,6.454840779843052,4.364435195922852,5.208187656402588,5.5594940185546875,6.016378402709961,6.396137237548828,6.817644119262695,7.54906702041626,8.256833190917975,-23.574587629401343,-77.66319274902344,-52.5648868560791,-42.43043899536133,-29.870258331298828,-22.262529373168945,-16.170799732208252,-8.60751986503601,-4.24469919204711
400,6.618356098876555,4.5522613525390625,5.383350601196289,5.7322265625,6.189077377319336,6.562236785888672,6.982781410217285,7.679004859924317,8.36454288482666,-23.931717702948028,-79.54216003417969,-53.5422607421875,-43.4419059753418,-30.288156032562256,-22.571263313293457,-16.345719814300537,-8.653631448745728,-4.2125508785247785
450,6.764273880201547,4.708202362060547,5.528859939575195,5.887234783172607,6.334561347961426,6.708078384399414,7.133822441101074,7.833759307861326,8.524630126953127,-24.263170479207947,-81.26505279541016,-54.355431747436526,-44.18793487548828,-30.740128993988037,-22.880475997924805,-16.498196125030518,-8.686496496200562,-4.234855508804315
500,6.898787721876701,4.828603744506836,5.652783279418945,6.019225406646728,6.4769086837768555,6.847713470458984,7.2654008865356445,7.951808547973632,8.611586914062501,-24.578519497701475,-82.94497680664062,-55.35342216491699,-44.90203666687012,-31.234867572784424,-23.145562171936035,-16.63295030593872,-8.613582849502563,-4.120472574234007
550,7.0261906578982405,4.982210159301758,5.777911262512207,6.136145973205567,6.608652114868164,6.981882095336914,7.398105621337891,8.069378471374511,8.726854934692383,-24.88525571385639,-84.47550201416016,-56.326711082458495,-45.83278465270996,-31.738394260406494,-23.415691375732422,-16.76626682281494,-8.583311796188354,-3.9977697372436345
600,7.146709002809831,5.166538238525391,5.915014915466308,6.259871578216552,6.719639778137207,7.102909088134766,7.516477584838867,8.173339557647704,8.838279914855958,-25.18291010157335,-85.84303283691406,-57.21331100463867,-46.63177680969238,-32.1396427154541,-23.738056182861328,-16.895142078399658,-8.526909112930298,-3.9443292617797736
650,7.262526919288645,5.34443473815918,6.0361613845825195,6.364794731140137,6.834576606750488,7.217924118041992,7.634442329406738,8.292885398864746,8.954678554534913,-25.47690222426336,-87.08980560302734,-58.14409980773926,-47.31352138519287,-32.575490951538086,-24.02063751220703,-17.00353193283081,-8.535217523574829,-3.8634039878845154
700,7.373356120306983,5.520786285400391,6.154580535888672,6.479226303100586,6.953360080718994,7.326261520385742,7.753969669342041,8.404431343078613,9.084302310943608,-25.757081076645317,-88.25888061523438,-58.88350143432617,-48.048102378845215,-32.99969482421875,-24.252155303955078,-17.068233966827393,-8.495496988296509,-3.8451624870300254
750,7.479129130682538,5.613857269287109,6.254630241394043,6.570207595825195,7.0586628913879395,7.438152313232422,7.864134311676025,8.53260507583618,9.165507755279542,-26.0289060496034,-89.42671203613281,-59.6373571395874,-48.74533271789551,-33.40970420837402,-24.457744598388672,-17.15485715866089,-8.478548288345337,-3.8562427043914713
800,7.579864539334725,5.690975189208984,6.340725021362305,6.661828517913818,7.164882659912109,7.54046630859375,7.958682537078857,8.618058109283448,9.217879123687744,-26.29092080129447,-90.4791488647461,-60.318775749206544,-49.34458351135254,-33.81516456604004,-24.66058921813965,-17.29757070541382,-8.480061292648315,-3.665743255615227
850,7.676247844219588,5.760234832763672,6.413947486877442,6.760672187805175,7.263680458068848,7.641432762145996,8.04646110534668,8.71573600769043,9.256023654937746,-26.541868256965174,-91.4415054321289,-60.92140560150146,-49.81059455871582,-34.26273536682129,-24.870034217834473,-17.38681936264038,-8.402995586395264,-3.5492601394653303
900,7.770172097598685,5.827388763427734,6.496808319091797,6.8495402336120605,7.348658561706543,7.739091873168945,8.148177146911621,8.803276252746581,9.344513397216797,-26.784830665149208,-92.34367370605469,-61.39197425842285,-50.406503677368164,-34.716407775878906,-25.113054275512695,-17.421054363250732,-8.34113335609436,-3.303119564056383
950,7.860659429503031,5.890666961669922,6.579940299987793,6.942477416992188,7.4349565505981445,7.824817657470703,8.243197917938232,8.88762731552124,9.469252853393556,-27.019738103665233,-93.1336898803711,-62.1605842590332,-50.97121620178223,-35.13739204406738,-25.272201538085938,-17.492932319641113,-8.360514402389526,-3.319486045837402
1000,7.949261280503832,5.960437774658203,6.662496109008789,7.02705192565918,7.529274940490723,7.909552574157715,8.327809810638428,8.96952028274536,9.520668334960938,-27.243311255357387,-93.84525299072266,-63.009121322631835,-51.55105113983154,-35.52715587615967,-25.492545127868652,-17.525893688201904,-8.298524379730225,-3.1694881439208777
1050,8.037194499873177,6.051898956298828,6.7421173477172855,7.1151786804199215,7.617928504943848,7.997234344482422,8.414457321166992,9.041818809509277,9.644353179931642,-27.45843403803048,-94.54716491699219,-63.7944694519043,-52.21040916442871,-35.831786155700684,-25.67671489715576,-17.521815299987793,-8.23825192451477,-3.1087276458740214
1100,8.12350816458044,6.126190185546875,6.815436630249024,7.203852272033691,7.706259727478027,8.07640266418457,8.501577377319336,9.143453407287597,9.724685592651369,-27.66433000167633,-95.16313934326172,-64.41222801208497,-52.77745532989502,-36.26250743865967,-25.791601181030273,-17.566283702850342,-8.223978519439697,-3.313638114929194
1150,8.208332067850007,6.189495086669922,6.893185195922851,7.289671421051025,7.795433044433594,8.169305801391602,8.596222877502441,9.21525650024414,9.823666305541993,-27.858893487287084,-95.69288635253906,-65.05172576904297,-53.30060577392578,-36.60646057128906,-25.813024520874023,-17.609810829162598,-8.195465564727783,-3.1673480987548768
1200,8.292093146838884,6.244453430175781,6.990686225891113,7.3801227569580075,7.882294654846191,8.25745964050293,8.673273086547852,9.313498592376709,9.864258708953859,-28.049011229708647,-96.086181640625,-65.45691566467285,-53.73366928100586,-37.022889137268066,-26.081241607666016,-17.626834392547607,-8.16339635848999,-3.147634220123273
1250,8.37549027654043,6.301246643066406,7.070681228637695,7.455131244659424,7.967774391174316,8.337579727172852,8.750811576843262,9.406533908843993,9.930253505706787,-28.23489860131983,-96.39936065673828,-66.2337631225586,-54.349196434020996,-37.34389591217041,-26.287854194641113,-17.62077236175537,-8.092146158218384,-3.004485988616932
1300,8.458951324089835,6.355060577392578,7.155576171875,7.546099758148194,8.053046226501465,8.430875778198242,8.839147567749023,9.471427059173584,10.029054145812989,-28.416287213912298,-96.61033630371094,-66.50640106201172,-54.86597728729248,-37.72654914855957,-26.51689910888672,-17.64494752883911,-7.897790908813477,-2.919137430191029
1350,8.542543978694901,6.411952972412109,7.240865936279297,7.629453849792481,8.13161849975586,8.510311126708984,8.923054695129395,9.54153528213501,10.1468998336792,-28.591352780997816,-96.75436401367188,-66.90372238159179,-55.35578155517578,-38.023104667663574,-26.64756679534912,-17.659595012664795,-7.761643409729004,-2.7846347808837804
1400,-1.0349551195829687,-3.3495898246765137,-2.6449024057388306,-2.0496593713760376,-1.4137593507766724,-1.0100992918014526,-0.6232784390449524,-0.10219091176986705,0.2608537697792058,-1.685152266323672,-4.957874774932861,-3.34477413892746,-2.789519250392914,-2.089188575744629,-1.6533337235450745,-1.2472421526908875,-0.67728391289711,-0.3023161709308622
1450,-1.2087261780854903,-4.590243339538574,-3.3166412496566773,-2.651749610900879,-1.7355909943580627,-1.1792765855789185,-0.6506926417350769,0.14055662155151333,0.6399533176422163,-3.019067515296122,-11.606911659240723,-6.181277799606323,-5.051244378089905,-3.6769320964813232,-2.904276132583618,-2.2144117951393127,-1.3665779829025269,-0.8399345755577085
1500,-0.8324283836466373,-5.630080699920654,-3.3488924360275267,-2.5933486461639403,-1.5255094170570374,-0.8328282833099365,-0.13474082946777344,0.8802416801452635,1.7093485307693481,-4.7482732092071585,-14.428583145141602,-9.498400592803955,-7.884059429168701,-5.756670713424683,-4.574325323104858,-3.5289742946624756,-2.242033004760742,-1.4854565382003775
1550,0.70759419079572,-4.38721227645874,-2.915277099609375,-1.7169603228569028,-0.1738755702972412,0.7885713577270508,1.6661760807037354,2.8688703775405875,3.613171977996826,-8.929865499443084,-32.18272018432617,-19.1623327255249,-15.396876335144043,-10.93260669708252,-8.49484634399414,-6.439660310745239,-3.9544618129730225,-2.4590164899826035
1600,3.3270010612380334,-1.4498441219329834,1.5220734977722168,2.1188798904418946,2.7959933280944824,3.3000612258911133,3.813917875289917,4.6990036964416495,5.46449188232422,-14.238884203618948,-57.479522705078125,-32.05986576080322,-25.154767513275146,-17.50290584564209,-13.354554653167725,-10.020058870315552,-6.074862837791443,-3.1131284952163627
1650,4.446567145681368,2.249049186706543,3.0647098922729494,3.4415422916412353,3.9812982082366943,4.394720077514648,4.838409900665283,5.600954437255859,6.42419984817505,-16.570409688213132,-66.25694274902344,-37.66662197113037,-29.6967191696167,-20.482314109802246,-15.47396469116211,-11.574826002120972,-6.945138454437256,-3.777526974678037
1700,4.867953870387081,2.815523147583008,3.5419944858551027,3.925048828125,4.430999755859375,4.831052780151367,5.248673915863037,5.980541276931762,6.657652378082276,-17.23160910331903,-68.40972137451172,-39.476909446716306,-31.0630841255188,-21.365414142608643,-16.050496101379395,-12.090870380401611,-7.156959652900696,-3.9070599555969228
1750,5.100881937682359,3.162722587585449,3.798494243621826,4.1705364227294925,4.684528827667236,5.062152862548828,5.4612226486206055,6.156975936889648,6.795057611465455,-17.491745436947436,-69.10940551757812,-40.05098762512207,-31.496605396270752,-21.724987030029297,-16.26724910736084,-12.237424373626709,-7.1232171058654785,-3.9835319042205795
1800,5.254161255872221,3.467609405517578,3.9754118156433105,4.342064762115479,4.841041088104248,5.223400115966797,5.607555866241455,6.280867767333984,6.873933219909668,-17.596241571655774,-69.12106323242188,-40.60657176971436,-31.77975845336914,-21.898300170898438,-16.323915481567383,-12.314572095870972,-7.160529375076294,-3.9991831064224215
1850,5.368136606031423,3.6189937591552734,4.122012796401978,4.468900394439697,4.960286855697632,5.3446855545043945,5.72767972946167,6.3988207340240475,6.9537598800659195,-17.63607869273249,-68.42037963867188,-40.7467077255249,-31.953230381011963,-21.959895133972168,-16.37851905822754,-12.285737037658691,-7.157925963401794,-4.07110238075256
1900,5.457293990568819,3.7947463989257812,4.237161645889282,4.583241558074951,5.0550696849823,5.434218883514404,5.805490493774414,6.471535062789916,7.007746429443359,-17.650727265277233,-67.69365692138672,-40.95052356719971,-31.9694766998291,-21.996350288391113,-16.403125762939453,-12.24450135231018,-7.108983755111694,-3.996074151992785
1950,5.535623765074126,3.858734130859375,4.315593652725219,4.66550579071045,5.143151760101318,5.504669189453125,5.890013217926025,6.518450546264648,7.086070289611817,-17.680965611540252,-67.11758422851562,-41.37157516479492,-32.1224422454834,-22.058423042297363,-16.400121688842773,-12.178992509841919,-7.021199822425842,-3.952615523338315
2000,5.608612249355635,3.9375362396240234,4.379208183288574,4.7308030128479,5.212825775146484,5.575325012207031,5.97116756439209,6.584648799896239,7.139937763214112,-17.722574161968033,-66.40460205078125,-41.66479568481445,-32.33771324157715,-22.10206890106201,-16.392587661743164,-12.134575366973877,-7.004020094871521,-3.8662438154220533
2050,5.680083647516855,4.014864921569824,4.427712783813477,4.7930961608886715,5.283668518066406,5.651597023010254,6.043973445892334,6.648721408843993,7.197867736816407,-17.78453233961598,-65.93447875976562,-42.32012462615967,-32.73194599151611,-22.191168308258057,-16.459202766418457,-12.127310276031494,-6.957282304763794,-3.8021555662155118
2100,5.7495817858077345,4.061191558837891,4.4943776702880855,4.8580530166625975,5.346185684204102,5.726081848144531,6.111622333526611,6.740324640274047,7.271287326812744,-17.867325708581504,-65.29386901855469,-42.70057983398438,-33.0755090713501,-22.356680870056152,-16.524548530578613,-12.131655931472778,-6.9516788721084595,-3.8486650466918917
2150,5.817795192755,4.113219261169434,4.559319114685058,4.9284743309021,5.416252851486206,5.799875259399414,6.1703362464904785,6.831922054290771,7.30556703567505,-17.970824863908142,-64.19314575195312,-43.272294235229495,-33.54709720611572,-22.514288425445557,-16.612825393676758,-12.132248878479004,-6.911425828933716,-3.7976188182830786
2200,5.88624841800054,4.221234321594238,4.626469268798828,4.98398265838623,5.477917194366455,5.869209289550781,6.246443748474121,6.8883702754974365,7.413441705703737,-18.09883253328605,-64.13374328613281,-43.730989646911624,-34.05482864379883,-22.739784717559814,-16.712037086486816,-12.162638187408447,-6.9443598985672,-3.731677675247188
2250,5.955440355113868,4.343923568725586,4.6866656684875485,5.045350646972656,5.54615330696106,5.937511444091797,6.315020561218262,6.973803567886351,7.5235004806518555,-18.246525551045654,-65.5364990234375,-44.3532793045044,-34.42625141143799,-22.933812618255615,-16.827430725097656,-12.165104866027832,-6.868905067443848,-3.730679368972773
2300,6.024654321394288,4.351600646972656,4.762823677062988,5.102945041656494,5.604996204376221,5.999197006225586,6.3921403884887695,7.059346485137938,7.600832061767578,-18.40638460481247,-66.85270690917969,-45.13209953308105,-34.98612594604492,-23.122530937194824,-16.98341464996338,-12.21002745628357,-6.8366968631744385,-3.639446020126339
2350,6.0929764040030285,4.396920204162598,4.823502178192139,5.170570373535156,5.672257661819458,6.062253952026367,6.462274074554443,7.137775564193725,7.675963096618653,-18.58829154344978,-68.19389343261719,-46.08270092010498,-35.379380226135254,-23.43380117416382,-17.13059902191162,-12.286197662353516,-6.787184715270996,-3.5142600059509164
2400,6.164433573206593,4.419436454772949,4.8992535018920895,5.242311286926269,5.7429609298706055,6.138741493225098,6.535141944885254,7.224812602996826,7.761107711791995,-18.787960184579024,-69.55368041992188,-47.45927772521973,-35.817917823791504,-23.78012752532959,-17.255194664001465,-12.323455810546875,-6.740622162818909,-3.4760417699813786
2450,6.235495150168462,4.451234817504883,4.965479125976563,5.288660907745362,5.812853813171387,6.197949409484863,6.612842559814453,7.289903163909912,7.865664215087891,-19.022089194457582,-70.73727416992188,-48.63935012817383,-36.54625606536865,-24.081684589385986,-17.471269607543945,-12.447563171386719,-6.701075792312622,-3.3210859298706032
2500,6.3105840532189825,4.409334182739258,5.021420269012451,5.348482608795166,5.886911869049072,6.273337364196777,6.695688247680664,7.353617095947265,7.9697189521789555,-19.25678136616449,-71.78897094726562,-49.83688583374023,-37.23477840423584,-24.384146690368652,-17.678340911865234,-12.50708270072937,-6.692703723907471,-3.272631502151488
2550,6.384376484315635,4.399894714355469,5.093197402954101,5.433555603027344,5.9513983726501465,6.340086936950684,6.766961097717285,7.457572698593139,8.101269969940187,-19.520928466062447,-72.80195617675781,-51.034387016296385,-38.009504318237305,-24.7520432472229,-17.85426139831543,-12.603332281112671,-6.642056584358215,-3.210618782043456
2600,6.459972304801119,4.404176712036133,5.154376258850098,5.493443965911865,6.026316165924072,6.420831203460693,6.845373630523682,7.561064052581787,8.181494598388673,-19.803226085533456,-73.7000732421875,-52.334825897216795,-39.01298904418945,-25.19520378112793,-18.090364456176758,-12.726725101470947,-6.578076004981995,-3.0935665607452383
2650,6.535497490028545,4.407266616821289,5.244098796844482,5.551190376281738,6.096786975860596,6.500128746032715,6.925217151641846,7.631177425384521,8.254997634887697,-20.089811014064946,-74.58143615722656,-53.10131092071533,-39.609883308410645,-25.629319667816162,-18.272732734680176,-12.820541858673096,-6.540420770645142,-2.9502202033996574
2700,6.612966321422608,4.412294387817383,5.312841768264771,5.616520357131958,6.167299270629883,6.577069282531738,7.005300998687744,7.738669967651363,8.314330577850342,-20.40807993383303,-75.57154083251953,-54.015771102905276,-40.51355743408203,-26.04121208190918,-18.473920822143555,-12.945985078811646,-6.529252767562866,-2.7759546518325795
2750,6.693659594741363,4.370950698852539,5.374095182418824,5.691936683654785,6.245661973953247,6.665609359741211,7.095718860626221,7.815005874633789,8.449794368743897,-20.738366039095727,-76.55413818359375,-55.22959823608399,-41.42003631591797,-26.472218990325928,-18.794991493225098,-13.059666395187378,-6.528443932533264,-2.712184762954705
2800,6.773788752341694,4.388240814208984,5.43835708618164,5.770675563812256,6.324334144592285,6.736764907836914,7.184323072433472,7.904157161712645,8.497934875488287,-21.073786437828154,-77.53482055664062,-56.133301925659175,-42.187140464782715,-26.98265027999878,-19.109400749206543,-13.20913290977478,-6.501086711883545,-2.6530398368835444
2850,6.856273920270568,4.47697639465332,5.519755630493164,5.869511127471924,6.405410289764404,6.811779022216797,7.267670154571533,7.9985785484313965,8.627805728912357,-21.439521550878833,-78.93389892578125,-56.92321376800537,-43.160841941833496,-27.538591384887695,-19.405834197998047,-13.378406047821045,-6.497095823287964,-2.6828672409057535
2900,6.945811177516535,4.571231842041016,5.593023300170898,5.939637756347657,6.492866516113281,6.910863876342773,7.3657073974609375,8.077049636840819,8.667356643676758,-21.79512998849164,-80.15019226074219,-57.624189376831055,-44.08191108703613,-28.075133323669434,-19.825087547302246,-13.3972008228302,-6.413585543632507,-2.5272783756256048
2950,7.033871582395181,4.684757232666016,5.685405559539795,6.021965408325196,6.573685646057129,7.005332946777344,7.451452255249023,8.162265586853026,8.80320327758789,-22.14689579324185,-81.08451080322266,-58.78117790222168,-44.90510368347168,-28.548640251159668,-20.06248378753662,-13.558078527450562,-6.3933345079422,-2.414343452453607
3000,7.120424465774508,4.73182487487793,5.735883712768555,6.1116045951843265,6.657744884490967,7.087027549743652,7.531003952026367,8.248099994659421,8.800848445892337,-22.482518439338513,-81.9466781616211,-59.73143081665039,-45.67089653015137,-29.10954761505127,-20.359917640686035,-13.659350633621216,-6.320866107940674,-2.485751247405999
3050,7.208149008886503,4.837669372558594,5.823490104675293,6.209807395935059,6.750810623168945,7.183773994445801,7.627194404602051,8.315663719177245,8.8769242477417,-22.82382030348553,-82.74269104003906,-61.314490509033206,-46.61272430419922,-29.660366535186768,-20.683805465698242,-13.742200136184692,-6.26664662361145,-2.3729405403137167
3100,7.296742545459107,4.9724884033203125,5.90948974609375,6.298303413391113,6.841637134552002,7.277820587158203,7.705161094665527,8.421895790100097,8.9095467376709,-23.15298334597021,-83.79513549804688,-62.397989654541014,-47.432387351989746,-30.185052394866943,-20.921979904174805,-13.84917426109314,-6.272734761238098,-2.284043931961047
3150,7.382226779997554,5.140779495239258,6.0123027801513675,6.384895896911621,6.922558784484863,7.353090286254883,7.790838241577148,8.517503356933593,8.998018951416016,-23.471807522846376,-84.59278869628906,-63.480556106567384,-48.63291358947754,-30.710001468658447,-21.226139068603516,-13.932820558547974,-6.130631685256958,-2.2093419075012206
3200,7.47171092508576,5.248598098754883,6.122507438659668,6.475065517425537,7.021786689758301,7.436885833740234,7.889047145843506,8.5783953666687,9.103564682006835,-23.789880248953846,-85.601318359375,-64.3502628326416,-49.29760456085205,-31.257193565368652,-21.490222930908203,-14.054491996765137,-6.054475784301758,-2.1469384193420407
3250,7.556380320951211,5.350578308105469,6.19364444732666,6.568678140640259,7.1022796630859375,7.513282775878906,7.963754653930664,8.66344585418701,9.210151519775394,-24.086722183261323,-86.71147155761719,-65.0196044921875,-50.15933322906494,-31.575522422790527,-21.81123447418213,-14.199875831604004,-6.058125138282776,-2.139501857757562
3300,7.639850904103324,5.516391754150391,6.284932193756103,6.649895095825196,7.200070381164551,7.605146408081055,8.044920921325684,8.746770763397215,9.324277000427246,-24.379767087094546,-87.74287414550781,-65.67865905761718,-50.99727821350098,-32.1473970413208,-22.044485092163086,-14.285784244537354,-5.965672016143799,-2.0560187816619813
3350,7.725585559248892,5.640596389770508,6.3862141990661625,6.741916847229004,7.283589839935303,7.693775177001953,8.138853073120117,8.825143432617187,9.390906715393067,-24.64913922584188,-88.69674682617188,-66.3712703704834,-51.61764621734619,-32.6999626159668,-22.32960796356201,-14.395955801010132,-5.875280261039734,-1.9259098529815624
3400,7.813139570668565,5.777713775634766,6.43414379119873,6.816787338256836,7.370998859405518,7.777690887451172,8.223443031311035,8.8840350151062,9.45785484313965,-24.913565418629876,-89.39974975585938,-67.1230625152588,-52.08518028259277,-33.04092216491699,-22.48905372619629,-14.530570983886719,-5.821939826011658,-1.7767771720886036
3450,-1.055014528605395,-3.807201385498047,-2.6578663539886476,-2.10627338886261,-1.5194842219352722,-0.9627251625061035,-0.6019503772258759,-0.14549267292022774,0.054484918117523824,-1.2325870688084883,-3.825269937515259,-2.8038330078125,-2.317122995853424,-1.7144560813903809,-1.1383001804351807,-0.7652815133333206,-0.32607975602149963,-0.037904369831084604
3500,-0.4791014656412642,-2.0188138484954834,-1.30777334690094,-1.0181452751159668,-0.6500885486602783,-0.4606974720954895,-0.2729726582765579,-0.040470170974731566,0.12465170383453386,-0.7919691634271063,-3.3642444610595703,-1.9236726820468903,-1.450143426656723,-0.9784290343523026,-0.7471411526203156,-0.5436250418424606,-0.2904147058725357,-0.1346749767661093
3550,-0.6781688521881227,-4.129213809967041,-1.9662052011489868,-1.4898220300674438,-0.9427582621574402,-0.6268755793571472,-0.37036004662513733,-0.026919806003570874,0.25980303883552575,-1.243458657329846,-8.870564460754395,-3.264184355735779,-2.3916730880737305,-1.5446438789367676,-1.1380815505981445,-0.8101403266191483,-0.43543121218681335,-0.21766446828842084
3600,-0.9183966810086164,-3.904731273651123,-2.695218391418457,-2.11621835231781,-1.3172010779380798,-0.8657562732696533,-0.4733790457248688,0.08059202432632386,0.5404075908660904,-2.0801711265885827,-21.368663787841797,-6.164316082000733,-4.028569936752319,-2.5498844981193542,-1.8681254982948303,-1.3424401581287384,-0.7204324901103973,-0.3161585062742233
3650,-1.2910172355648624,-6.679678916931152,-4.011232881546021,-3.068803548812866,-1.9231157898902893,-1.2639057636260986,-0.6304891407489777,0.33850250840186813,1.275999603271486,-3.462036381107123,-31.582012176513672,-11.432132339477539,-7.208615303039551,-4.225888013839722,-3.037105917930603,-2.0982088446617126,-1.129350870847702,-0.5267314165830609
3700,-0.8735002540240032,-5.249233245849609,-3.6825084114074706,-2.6651312351226806,-1.603467345237732,-0.8836631178855896,-0.2159339189529419,1.068678641319274,2.4122151184082035,-4.458056096801765,-40.90681457519531,-17.529695796966553,-10.184687376022339,-5.27180290222168,-3.700742244720459,-2.583369553089142,-1.4137680530548096,-0.6821899354457848
3750,-0.8462698752025388,-4.980295658111572,-3.0581746339797973,-2.1629265546798706,-1.2855753302574158,-0.7946338653564453,-0.3430096507072449,0.2704067051410672,0.7313709330558797,-2.648343608757198,-14.73170280456543,-8.638721656799316,-5.6900928020477295,-3.2951578497886658,-2.2938119173049927,-1.5767582058906555,-0.8194099366664886,-0.3697093084454533
3800,-0.4846737672602785,-6.55101203918457,-4.548745346069336,-3.0624825954437256,-1.402130663394928,-0.45261716842651367,0.5140783786773682,1.9195516824722283,3.0286620330810545,-7.347954276464867,-56.499290466308594,-33.97244300842285,-18.733025550842285,-8.671842813491821,-5.811742782592773,-3.871908724308014,-1.7474681735038757,-0.6106525897979727
3850,0.8192795478629203,-10.286920547485352,-3.5349126768112185,-1.8835546016693114,-0.11488962173461914,0.9225683212280273,1.8621253967285156,3.1591335296630856,4.566623849868774,-10.387403812743736,-74.16779327392578,-45.57204875946045,-26.67041778564453,-12.634408712387085,-8.171771049499512,-5.1684675216674805,-2.24042147397995,-0.5756284475326522
3900,2.0803363537363886,-5.855393409729004,-1.7183871269226076,-0.29926118850708006,1.211467981338501,2.100919723510742,2.9741982221603394,4.328241539001464,5.624695062637332,-12.269482527942975,-70.66255187988281,-45.16074180603027,-29.777435302734375,-15.447205543518066,-10.168653011322021,-6.348037362098694,-2.5900228023529053,-0.5128441333770686
3950,3.2070929057541724,-1.8614263534545898,0.45719257354736326,1.3123428344726562,2.4970669746398926,3.1620283126831055,3.8936843872070312,5.196465396881103,6.604595794677735,-14.669028676531646,-81.24522399902344,-51.85241470336914,-34.792229652404785,-18.770898818969727,-12.335400104522705,-7.724933385848999,-2.949667453765869,-0.42991898059844913
4000,3.913364072065229,0.3805704116821289,1.6566048049926758,2.3095641136169434,3.230272054672241,3.8429794311523438,4.497681617736816,5.724189376831054,7.145746612548829,-15.876498605822402,-85.70657348632812,-53.785441398620605,-37.013959884643555,-20.499589443206787,-13.496579647064209,-8.489340782165527,-3.1604270935058594,-0.3201239109039276
4050,4.331283989910619,1.2494564056396484,2.292994346618652,2.8953861236572265,3.682400703430176,4.250856399536133,4.876227378845215,6.023236274719238,7.349505329132086,-16.321800694202135,-85.44247436523438,-55.01395969390869,-37.79500389099121,-21.121776580810547,-13.97899580001831,-8.840975761413574,-3.290135622024536,-0.16726346015929855
4100,4.589481199037955,1.8109016418457031,2.7191727638244627,3.2460368156433104,3.960177421569824,4.505568981170654,5.087430000305176,6.186450195312499,7.542952728271485,-16.427127879433627,-84.66220092773438,-54.80410995483398,-37.762681007385254,-21.31571626663208,-14.100027084350586,-8.93317437171936,-3.361440896987915,-0.09100036621093276
4150,4.7655575554832765,2.229222297668457,2.9789412879943846,3.472472476959229,4.162327289581299,4.680019378662109,5.243453025817871,6.3125469207763665,7.539158687591553,-16.347809461723013,-83.17726135253906,-54.57354164123535,-37.643245697021484,-21.18138885498047,-14.083924293518066,-8.889308452606201,-3.2964640855789185,-0.009907960891722172
4200,4.8915839959356715,2.522836685180664,3.1532443618774413,3.6405771255493162,4.308682441711426,4.812021255493164,5.3647332191467285,6.398962020874023,7.615355834960938,-16.18718194834864,-81.66653442382812,-53.95994701385498,-37.20699882507324,-20.94781732559204,-14.0183424949646,-8.816709041595459,-3.225644826889038,0.05407948493958481
4250,4.992580554094398,2.775634765625,3.313129425048828,3.774539089202881,4.418179512023926,4.898714065551758,5.4674882888793945,6.4455441474914545,7.698666458129884,-15.98557327298716,-79.87615966796875,-53.316484451293945,-36.620534896850586,-20.685059547424316,-13.868147373199463,-8.717224359512329,-3.1491918563842773,0.10936937332153887
4300,5.0792741671604515,2.9539432525634766,3.4446584129333497,3.884278106689453,4.511077880859375,4.982464790344238,5.554030418395996,6.5318664550781245,7.547625083923342,-15.772502944395976,-78.01263427734375,-52.52446670532227,-36.36454772949219,-20.431623458862305,-13.722468852996826,-8.627154350280762,-2.9981157779693604,0.16764755249023905
4350,5.153835928569979,3.1007652282714844,3.5335790061950685,3.9822779655456544,4.589638710021973,5.063472747802734,5.624701499938965,6.579633712768554,7.513594589233399,-15.557724786446611,-76.13739776611328,-51.65076560974121,-35.52985095977783,-20.10056209564209,-13.569610118865967,-8.505418062210083,-2.8659658432006836,0.27306928634643995
4400,5.225044730366654,3.1492347717285156,3.624663963317871,4.069560146331787,4.665180683135986,5.139487266540527,5.684928894042969,6.645439720153807,7.497800788879396,-15.335582098258204,-74.35507202148438,-50.85852890014648,-35.074177742004395,-19.801793098449707,-13.382583618164062,-8.380121231079102,-2.7910497188568115,0.34881095886231045
4450,5.295217521894558,3.2207775115966797,3.7146084022521975,4.142282009124756,4.750980377197266,5.214460372924805,5.754631042480469,6.690424346923828,7.544174900054937,-15.116504452011494,-72.38102722167969,-49.80705528259277,-34.26904582977295,-19.496907711029053,-13.194536209106445,-8.277473449707031,-2.6986165046691895,0.3927546501159669
4500,5.363327224553027,3.2527151107788086,3.793695774078369,4.2086536407470705,4.816136837005615,5.287568092346191,5.826598167419434,6.7403764724731445,7.662348632812503,-14.921927774835046,-70.48519897460938,-49.544769287109375,-33.8938570022583,-19.30889320373535,-13.043001651763916,-8.158687591552734,-2.6430485248565674,0.54003772735597
4550,5.432872215674464,3.2559852600097656,3.868729553222656,4.281177139282226,4.885036468505859,5.350645065307617,5.898407936096191,6.806546831130981,7.718984298706054,-14.745113934982427,-68.33357238769531,-48.742744827270506,-33.19835567474365,-19.194770336151123,-12.839548110961914,-8.058771848678589,-2.5623228549957275,0.5247743129730258
4600,5.502169580304999,3.262798309326172,3.9457624435424803,4.350947093963623,4.948037147521973,5.4217634201049805,5.966803550720215,6.876784133911132,7.720954856872563,-14.566753641747432,-66.38307189941406,-47.84518527984619,-32.98238182067871,-19.003812789916992,-12.69905710220337,-7.957756042480469,-2.5534186363220215,0.5869864463806228
4650,5.57207579122336,3.2871408462524414,4.009645805358887,4.426382255554199,5.021740913391113,5.495189666748047,6.031172752380371,6.9682496070861815,7.8075124168396,-14.401389198230591,-64.44801330566406,-47.39939517974854,-32.578293800354004,-18.89871835708618,-12.634912490844727,-7.876149535179138,-2.4756765365600586,0.6808917045593349
4700,5.643096156301506,3.3355302810668945,4.064163665771484,4.478469753265381,5.080610752105713,5.580650329589844,6.101942539215088,7.0699380874633775,7.889124393463135,-14.25797408622839,-62.73342514038086,-47.138427352905275,-32.33539581298828,-18.709426879882812,-12.541362285614014,-7.802605867385864,-2.3256454467773438,0.8119466304779089
4750,5.712028109707352,3.393583297729492,4.123880786895752,4.553657817840576,5.139522075653076,5.641885757446289,6.180414199829102,7.118174362182616,7.865558433532716,-14.104295707872224,-61.410438537597656,-46.42984313964844,-32.20371437072754,-18.580247402191162,-12.38588571548462,-7.685068130493164,-2.2198081016540527,0.9051106452942039
4800,5.784516517006587,3.46627140045166,4.19541181564331,4.6147383689880375,5.209179639816284,5.712665557861328,6.269255638122559,7.210431671142578,7.927629413604737,-13.98949674723041,-60.977378845214844,-45.769956779479976,-32.1218957901001,-18.506598949432373,-12.285011768341064,-7.612268686294556,-2.1477763652801514,1.2613862991333025
4850,5.857483278396692,3.536313056945801,4.267156391143799,4.676611709594726,5.281776428222656,5.795782089233398,6.345771789550781,7.253605079650878,8.033226280212405,-13.865490773532393,-60.115352630615234,-44.7538480758667,-31.78711175918579,-18.323133945465088,-12.209775447845459,-7.485018730163574,-2.087858200073242,1.408265495300302
4900,5.933970759277992,3.6179418563842773,4.356045932769775,4.736393737792969,5.354503154754639,5.8699188232421875,6.413661956787109,7.342646312713619,8.19288986206055,-13.759067344868221,-59.52461242675781,-44.60157222747803,-31.446223735809326,-18.269335746765137,-12.116950511932373,-7.41797399520874,-2.0472166538238525,1.4859528541564968
4950,6.012316465948035,3.694085121154785,4.415682716369629,4.820652866363526,5.454456329345703,5.94542121887207,6.496058940887451,7.400749015808105,8.307489376068116,-13.677827281686714,-58.67890167236328,-44.12376174926758,-31.20744276046753,-18.227156162261963,-11.9382004737854,-7.314033031463623,-1.9596903324127197,1.5837713241577167
5000,6.092127516901369,3.7567968368530273,4.475947856903076,4.878391075134277,5.519259452819824,6.016018867492676,6.592323303222656,7.484752368927,8.431877479553224,-13.605991798725865,-59.197086334228516,-43.48068809509277,-31.044212341308594,-18.110133171081543,-11.907799243927002,-7.260555982589722,-1.895615816116333,1.6828750133514423
5050,6.171936993519106,3.942715644836426,4.55954875946045,4.962502956390381,5.604598045349121,6.095677375793457,6.673983573913574,7.570976448059079,8.537602577209473,-13.52107491199319,-59.592628479003906,-42.90750007629394,-30.95944309234619,-18.0658860206604,-11.794615268707275,-7.17260479927063,-1.8271725177764893,1.9908715724945079
5100,6.2536887595414665,4.044095993041992,4.627193870544434,5.04792594909668,5.686587333679199,6.186973571777344,6.744090557098389,7.67785301208496,8.651383895874023,-13.46469096849457,-59.69151306152344,-42.91407356262207,-30.762235164642334,-18.00632095336914,-11.727653980255127,-7.125935316085815,-1.8110935688018799,2.0176054477691734
5150,6.3325689036004125,4.152170181274414,4.683453598022461,5.107117938995361,5.762770652770996,6.264177322387695,6.839334487915039,7.7555417060852045,8.660896282196049,-13.41499975738566,-59.90940856933594,-42.86245403289795,-30.61262798309326,-17.965099811553955,-11.722029685974121,-7.080197811126709,-1.703658103942871,2.0359387397766118
5200,6.419787721560414,4.211088180541992,4.78639627456665,5.1925149917602536,5.851365566253662,6.364036560058594,6.933230876922607,7.881632804870605,8.657768650054933,-13.390883188487535,-59.991783142089844,-42.48665542602539,-30.53046417236328,-18.02337408065796,-11.746910095214844,-7.006346940994263,-1.5502772331237793,2.0323747634887717
5250,6.502675790023905,4.263309478759766,4.843981170654297,5.2650810241699215,5.924407958984375,6.440578460693359,7.002523899078369,7.9406354904174785,8.818882904052737,-13.360539999068987,-59.96918487548828,-42.14614696502686,-30.516791343688965,-18.001018524169922,-11.801973342895508,-6.961432456970215,-1.4290587902069092,2.1452872276306154
5300,6.584868863957567,4.29926872253418,4.925713481903077,5.32988805770874,6.005720138549805,6.525717735290527,7.0959014892578125,8.018039321899414,8.824900283813477,-13.316381723290423,-59.77604675292969,-41.87944984436035,-30.403637409210205,-17.94305992126465,-11.794034957885742,-6.883921384811401,-1.2632064819335938,2.0971133708953875
5350,6.676058253866859,4.356603622436523,5.006150379180908,5.408334541320801,6.098540306091309,6.622230529785156,7.196894645690918,8.1255220413208,8.833472137451173,-13.304183962747977,-59.63343811035156,-42.11236019134521,-30.555683612823486,-18.056476593017578,-11.790444374084473,-6.874854564666748,-1.1136951446533203,2.2854209899902456
5400,6.761755451255107,4.416766166687012,5.055916481018066,5.491420745849609,6.173745155334473,6.7215166091918945,7.274768352508545,8.199620246887205,8.921567096710206,-13.30590936033767,-60.22966384887695,-41.72954902648926,-30.76926898956299,-18.107892513275146,-11.784234523773193,-6.8671629428863525,-1.1161296367645264,2.3489850997924804
5450,6.839705757533429,4.570539474487305,5.14713752746582,5.568554306030274,6.25917911529541,6.798543930053711,7.354865074157715,8.286104011535643,9.024070205688478,-13.317169578118481,-61.47062301635742,-42.087632179260254,-31.034250259399414,-18.22747564315796,-11.795167922973633,-6.8524792194366455,-0.9197168350219727,2.4153223037719758
5500,6.9319996212886545,4.58378791809082,5.2256683731079105,5.670458602905273,6.3635125160217285,6.89021110534668,7.43265438079834,8.356981754302979,9.077883262634282,-13.284651396167307,-62.6757698059082,-42.05854377746582,-30.853163242340088,-18.22601890563965,-11.775946140289307,-6.782403588294983,-0.9399371147155762,2.4858753204345705
5550,7.007271475846419,4.524641036987305,5.292672729492187,5.764567565917969,6.433916091918945,6.966124534606934,7.51296329498291,8.422426986694335,9.176382980346684,-13.271450014051883,-64.03919982910156,-42.3037073135376,-30.794957160949707,-18.19930601119995,-11.732647895812988,-6.783365964889526,-0.9380173683166504,2.6283414840698325
5600,7.106014100028389,4.709245681762695,5.406138381958008,5.856113624572754,6.530160903930664,7.053361892700195,7.614743232727051,8.530897998809815,9.357823448181154,-13.333477803759655,-65.67981719970703,-42.76427593231201,-31.122565269470215,-18.295209884643555,-11.834571838378906,-6.753783941268921,-0.9754185676574707,2.6021135330200247
5650,7.198788374369365,4.742805480957031,5.504804306030273,5.951036357879639,6.634021282196045,7.154338836669922,7.705935478210449,8.590378761291504,9.285182113647462,-13.280290681505896,-66.25408172607422,-42.590555381774905,-31.073230743408203,-18.301998615264893,-11.830678939819336,-6.7251927852630615,-0.8546409606933594,2.657016658782969
5700,7.272488871185886,4.881326675415039,5.580806503295898,6.068570613861084,6.723354816436768,7.229448318481445,7.762179374694824,8.624823665618896,9.4067395401001,-13.259017905528522,-66.92842864990234,-42.36030216217041,-31.230968952178955,-18.313881397247314,-11.84996223449707,-6.711717128753662,-0.6972329616546631,2.920194435119631
5750,7.3588301610224365,5.10666561126709,5.6934945678710935,6.162617206573486,6.822231292724609,7.303863525390625,7.8320112228393555,8.715595531463622,9.501979331970219,-13.241609360071264,-67.36636352539062,-42.30181446075439,-31.473740100860596,-18.346550941467285,-11.76682186126709,-6.641838788986206,-0.6050601005554199,3.0548799514770524
5800,7.453515824883851,5.067869186401367,5.771937599182129,6.257761669158936,6.919275283813477,7.410184860229492,7.9392619132995605,8.737451171874998,9.488545513153078,-13.229124968076402,-67.3243179321289,-42.45094871520996,-31.547786235809326,-18.467720985412598,-11.802360534667969,-6.5766918659210205,-0.5049500465393066,3.1108434200286963
5850,-0.6357762326102544,-2.1758506298065186,-1.5429619479179382,-1.2087647557258605,-0.8360573351383209,-0.6238057613372803,-0.4172227084636688,-0.0964241445064547,0.08156049013137866,-0.7555352192566068,-2.485138416290283,-1.7268828928470612,-1.351037085056305,-0.9646444171667099,-0.7386801540851593,-0.5198929458856583,-0.22518523782491684,-0.03380273580551127
5900,-0.8353209533916012,-3.916679859161377,-2.3172344636917113,-1.7377501726150513,-1.1420931816101074,-0.7895033359527588,-0.48192065954208374,-0.04520426988601739,0.2549498176574708,-1.170677100275579,-4.576566219329834,-2.8630162954330443,-2.2727935314178467,-1.5229321718215942,-1.1096465587615967,-0.7532639056444168,-0.3066108897328377,-0.024095554649829848
5950,-1.1525591589369863,-11.04578971862793,-5.36259859085083,-3.559158873558044,-1.887717366218567,-0.998812198638916,-0.2670632004737854,0.731184196472167,1.5239368343353283,-2.502686370297438,-15.00541877746582,-8.621895027160644,-5.953049302101135,-3.401306986808777,-2.191272497177124,-1.2292877733707428,-0.2060442566871643,0.40295891761779956
6000,0.5058729729055566,-6.3434271812438965,-3.28980224609375,-1.8844634056091307,-0.39847278594970703,0.5717391967773438,1.42629075050354,2.7815555572509765,3.8281341171264653,-1.287359934346371,-21.53676986694336,-6.601817464828491,-4.516994476318359,-2.303262948989868,-1.1191120147705078,-0.0336909294128418,1.3442096710205078,2.3601610660553023
6050,2.8189937927100113,-1.0581073760986328,0.6382876968383789,1.2497272491455078,2.1412105560302734,2.7710342407226562,3.431600570678711,4.540682220458984,5.4740725326538096,0.7196218939567347,-9.652946472167969,-3.8339849948883056,-2.2912683486938477,-0.2822451591491699,0.8815336227416992,1.8463935852050781,3.181152820587158,4.18310251235962
6100,4.1560790411436965,1.3747749328613281,2.346075210571289,2.8337471008300783,3.5311717987060547,4.0683135986328125,4.681469917297363,5.769504928588867,6.799246139526368,1.630336600501952,-9.785005569458008,-3.8457138061523435,-1.8420658111572266,0.5031919479370117,1.8674850463867188,2.967310905456543,4.36793327331543,5.318810176849365
6150,4.753382804195455,2.4251022338867188,3.066983871459961,3.522896957397461,4.161455154418945,4.66973876953125,5.257228851318359,6.2267421722412095,7.311211166381838,2.0949256976698885,-8.125656127929688,-3.7207386016845705,-1.5824766159057617,0.9657669067382812,2.3456668853759766,3.4751501083374023,4.924333572387695,5.901449203491211
6200,5.114237705000594,2.8445816040039062,3.511393051147461,3.9260955810546876,4.542911529541016,5.021720886230469,5.580162048339844,6.532539749145507,7.4283784484863284,2.413796627221697,-7.980079650878906,-3.4597093582153318,-1.2786312103271484,1.292372703552246,2.6434993743896484,3.829122543334961,5.245322227478027,6.119431877136235
6250,5.363292722476469,3.1506309509277344,3.8413697052001954,4.229165267944336,4.818342208862305,5.287109375,5.830381393432617,6.74151611328125,7.511474609375002,2.661819279637271,-8.01413345336914,-3.2472558975219727,-1.063568115234375,1.5590763092041016,2.915445327758789,4.082365036010742,5.48828125,6.396698188781743
6300,5.549227886620653,3.3259506225585938,4.08671127319336,4.460221862792968,5.030427932739258,5.481925964355469,5.997735977172852,6.880104446411132,7.61681549072266,2.8740346136981616,-8.025161743164062,-3.0089685440063474,-0.8620815277099609,1.7532463073730469,3.1489028930664062,4.2804365158081055,5.693406105041504,6.602808952331543
6350,5.701747642373139,3.478099822998047,4.293797073364257,4.625816726684571,5.19828987121582,5.629512786865234,6.138797760009766,6.997097778320312,7.678647041320801,3.061842421120547,-7.668842315673828,-2.858235168457031,-0.6447153091430664,1.965113639831543,3.3191299438476562,4.438747406005859,5.8193359375,6.668385314941406
6400,5.830709538496525,3.6455230712890625,4.459283828735352,4.770565032958984,5.335895538330078,5.7831878662109375,6.260263442993164,7.08927421569824,7.7859659576416025,3.2389075187685807,-7.082817077636719,-2.7390365600585938,-0.41257572174072266,2.17128849029541,3.4862442016601562,4.6340227127075195,5.950580596923828,6.72721920013428
6450,5.945542228814296,3.7898902893066406,4.603577499389648,4.914028167724609,5.458499908447266,5.894844055175781,6.361845016479492,7.147926712036132,7.80423080444336,3.406299458300016,-7.090122222900391,-2.6343320846557616,-0.1926259994506836,2.3675222396850586,3.645477294921875,4.770081520080566,6.100064277648926,6.804522895812989
6500,6.049027660632431,3.962249755859375,4.701816177368164,5.04149055480957,5.580013275146484,6.007194519042969,6.454257965087891,7.228380584716794,7.87469306945801,3.5658130503866294,-6.887752532958984,-2.292134094238281,0.049523353576660156,2.551443099975586,3.8343639373779297,4.894327163696289,6.205802917480469,6.916280746459962
6550,6.136941801320039,4.185588836669922,4.788235015869141,5.143104934692383,5.684734344482422,6.101722717285156,6.543073654174805,7.296287536621091,7.867564392089844,3.715968887053438,-6.571811676025391,-1.8760879516601563,0.23762798309326172,2.7243118286132812,3.974241256713867,5.0103302001953125,6.2865190505981445,6.95617446899414
6600,6.2098862295482755,4.208980560302734,4.885337677001953,5.231685638427734,5.773441314697266,6.177646636962891,6.608495712280273,7.311174011230468,7.864036102294922,3.850068593337694,-6.702629089355469,-1.6005538940429687,0.43810176849365234,2.874652862548828,4.116359710693359,5.125155448913574,6.357390403747559,6.994676589965821
6650,6.274381996436604,4.387477874755859,4.978105239868164,5.312594604492188,5.847667694091797,6.241901397705078,6.6614532470703125,7.3267662048339846,7.884989013671875,3.975039646974321,-5.928424835205078,-1.3538345336914062,0.6197919845581055,3.0206689834594727,4.228584289550781,5.216882705688477,6.377127647399902,7.022096633911135
6700,6.333114032000263,4.547191619873047,5.075730819702148,5.401988983154297,5.918397903442383,6.307559967041016,6.708883285522461,7.346014785766601,7.861551589965822,4.092508638323177,-5.585308074951172,-1.112043571472168,0.8621311187744141,3.1463775634765625,4.344514846801758,5.302825927734375,6.415449142456055,7.038235855102542
6750,6.39300669757033,4.729198455810547,5.171183166503906,5.500308990478516,5.990957260131836,6.370994567871094,6.764589309692383,7.362207412719727,7.830738677978518,4.210910327545177,-5.242305755615234,-0.8740953445434569,1.0593338012695312,3.283468246459961,4.457668304443359,5.397394180297852,6.466683387756348,7.050933074951175
6800,6.451170505439541,4.790920257568359,5.248281326293945,5.56375732421875,6.05622673034668,6.436771392822266,6.819135665893555,7.3924716949462885,7.826440887451172,4.321075091833262,-4.827098846435547,-0.6854093551635742,1.2432308197021484,3.4223251342773438,4.557744979858398,5.481508255004883,6.529973983764648,7.103948593139649
6850,6.508871265525929,4.8975677490234375,5.349857559204102,5.635151672363281,6.126564025878906,6.494773864746094,6.863222122192383,7.422433090209961,7.820369644165039,4.427581459421069,-4.408046722412109,-0.4473325729370117,1.4396114349365234,3.5474700927734375,4.65379524230957,5.556838035583496,6.596296310424805,7.13443431854248
6900,6.563509793855584,4.9319610595703125,5.417425537109375,5.709724044799804,6.193180084228516,6.5525970458984375,6.9083099365234375,7.458966827392577,7.860407409667969,4.526914909043888,-4.137245178222656,-0.2607141494750976,1.6195478439331055,3.6620712280273438,4.746585845947266,5.638762474060059,6.621216773986816,7.1569303512573255
6950,6.6171431763198125,5.0238494873046875,5.507110443115234,5.789128875732422,6.258869171142578,6.6083221435546875,6.953193664550781,7.4757335662841795,7.856095504760742,4.620465858667572,-3.8489151000976562,-0.13478126525878895,1.7754974365234375,3.7946081161499023,4.843347549438477,5.707395553588867,6.670689582824707,7.178881645202638
7000,6.671221102294597,5.032985687255859,5.582190017700196,5.8593193054199215,6.327096939086914,6.661685943603516,6.997566223144531,7.511550903320312,7.909521026611328,4.710890987178682,-3.586780548095703,0.1006166458129884,1.9110965728759766,3.906540870666504,4.933290481567383,5.771740913391113,6.728850364685059,7.214400672912599
7050,6.725566353089563,5.050559997558594,5.649109115600586,5.942123794555664,6.398283004760742,6.718025207519531,7.037555694580078,7.5325988769531245,7.926236724853516,4.798066094290733,-3.378032684326172,0.16148033142089846,2.0284881591796875,4.004905700683594,5.02018928527832,5.839144706726074,6.777987480163574,7.245748710632325
7100,6.778242463480117,5.108440399169922,5.735125808715821,5.9980415344238285,6.45991325378418,6.776004791259766,7.081487655639648,7.5669208526611325,7.9471275329589846,4.879257637264455,-3.1795730590820312,0.2679101943969727,2.151270866394043,4.097434997558594,5.111053466796875,5.910188674926758,6.829135894775391,7.281279182434083
7150,6.831617289960558,5.179027557373047,5.785919036865234,6.068538665771484,6.51170539855957,6.824275970458984,7.140203475952148,7.604463195800781,7.974703674316407,4.955679209402087,-3.0695877075195312,0.35926532745361334,2.273273468017578,4.189236640930176,5.19810676574707,5.963004112243652,6.871270179748535,7.333613014221192
7200,6.88150199993538,5.28240966796875,5.848017654418945,6.109794616699219,6.569440841674805,6.8772125244140625,7.184720993041992,7.650743103027343,8.005969848632812,5.0265678050371925,-2.924407958984375,0.499642562866211,2.398038864135742,4.264307022094727,5.258302688598633,6.023533821105957,6.918388366699219,7.365246391296387
7250,6.909520867211116,5.324623107910156,5.837091979980468,6.133931732177734,6.583925247192383,6.906963348388672,7.222816467285156,7.678550720214844,8.056604232788086,5.087294676183092,-2.741291046142578,0.6163175582885743,2.4764585494995117,4.315040588378906,5.310792922973633,6.066155433654785,6.967266082763672,7.41204891204834
7300,6.993019376699512,5.466754913330078,5.993897781372071,6.247180557250976,6.690668106079102,6.986980438232422,7.281747817993164,7.745813369750977,8.082644119262696,5.164822605793838,-2.591266632080078,0.7027202606201173,2.57735538482666,4.425546646118164,5.392814636230469,6.147021293640137,7.017368316650391,7.529996681213379
7350,-1.129393915538613,-7.55165958404541,-3.4341812801361082,-2.4265198469161984,-1.4998952150344849,-1.0373631715774536,-0.6490724682807922,-0.17086902856826902,0.1841087412834173,-1.2174321967914432,-7.185844421386719,-3.65508496761322,-2.5674835443496704,-1.5781890749931335,-1.1151717901229858,-0.731152206659317,-0.235704243183136,0.07998491525650075
7400,-0.6364322264334511,-8.593985557556152,-3.7120571327209473,-2.322930097579956,-1.1010518074035645,-0.5073308944702148,-0.007968902587890625,0.6311044216156003,1.135569338798523,-1.0370219275328947,-15.596789360046387,-5.076935887336731,-3.0841695070266724,-1.5660915970802307,-0.8267562389373779,-0.2609584927558899,0.39113402366638184,0.8899188518524174
7450,2.3157157745888473,-2.570554733276367,-0.6253689575195314,0.2865901947021485,1.4892463684082031,2.3125572204589844,3.1151113510131836,4.363952255249023,5.272254943847657,1.4739846112328643,-7.724653244018555,-3.207335376739502,-1.4161725044250488,0.49481964111328125,1.6032476425170898,2.5862908363342285,3.9752864837646484,5.041613483428956
7500,5.201373241950691,2.352001190185547,3.160257797241211,3.6840206146240235,4.480104446411133,5.131614685058594,5.828672409057617,6.950399398803707,7.929985198974612,4.055951249206737,-5.812904357910156,-1.237677764892578,0.8847589492797852,3.0658721923828125,4.258222579956055,5.253377914428711,6.617232322692871,7.6819175720214865
7550,5.688627669318952,2.9785003662109375,3.8094512176513673,4.2940216064453125,5.031826019287109,5.620708465576172,6.249853134155273,7.27233848571777,8.226788864135742,4.511664885812476,-4.676605224609375,-0.8433752059936523,1.3127546310424805,3.5491409301757812,4.7178955078125,5.690454483032227,6.9545440673828125,7.964202880859375
7600,5.898226308911334,3.388652801513672,4.167029571533203,4.576985931396484,5.287267684936523,5.8292694091796875,6.440044403076172,7.430443572998047,8.208028869628906,4.734611158543261,-4.156486511230469,-0.5352333068847656,1.6239547729492188,3.796112060546875,4.945575714111328,5.879010200500488,7.06610107421875,8.043763542175293
7650,6.0266563228999495,3.7163925170898438,4.366567840576172,4.76148681640625,5.4482879638671875,5.965579986572266,6.540306091308594,7.455132293701172,8.207099761962892,4.8891952026832035,-3.5524978637695312,-0.10798397064208981,1.8698177337646484,4.006957054138184,5.099174499511719,5.980348587036133,7.141876220703125,8.040427780151374
7700,6.109798396929381,3.9902305603027344,4.508934707641601,4.904581451416016,5.5657501220703125,6.05340576171875,6.604862213134766,7.491297912597653,8.219165115356446,5.002716787394335,-2.810821533203125,0.3275144577026367,2.1030101776123047,4.169364929199219,5.214427947998047,6.072081565856934,7.139471054077148,7.967741775512696
7750,6.164964624709535,4.176239013671875,4.636322021484375,5.008269500732422,5.632408142089844,6.119426727294922,6.647958755493164,7.463205718994141,8.104764862060549,5.090780720996214,-2.766010284423828,0.6411762237548828,2.2956953048706055,4.295355796813965,5.29443359375,6.110957145690918,7.131219863891602,7.873325157165528
7800,6.208442638315104,4.249279022216797,4.741058502197266,5.088844299316406,5.7057647705078125,6.172847747802734,6.664400100708008,7.461535644531249,8.079309463500977,5.164763132055474,-2.684650421142578,0.956207275390625,2.473703384399414,4.398768424987793,5.371368408203125,6.155205726623535,7.115060806274414,7.808871650695801
7850,6.243134349830094,4.308551788330078,4.816719589233398,5.165054702758789,5.756914138793945,6.214908599853516,6.693767547607422,7.439533233642576,8.015980758666995,5.2302783975523495,-2.177154541015625,1.1674627304077148,2.660641670227051,4.485480308532715,5.435403823852539,6.183615684509277,7.104811668395996,7.7543552398681665
7900,6.273718633963457,4.348701477050781,4.877932662963867,5.223956680297851,5.80711555480957,6.244419097900391,6.711910247802734,7.410251998901366,7.945416259765627,5.288918435383552,-1.4507217407226562,1.2722671508789063,2.8126296997070312,4.5648345947265625,5.48914909362793,6.204836845397949,7.073465347290039,7.67271957397461
7950,6.301251225163573,4.3996429443359375,4.945115432739258,5.298628234863282,5.85453987121582,6.272361755371094,6.716640472412109,7.38173713684082,7.906229934692384,5.343371198737279,-1.1967964172363281,1.5052928924560547,2.958043098449707,4.651826858520508,5.535572052001953,6.229669570922852,7.054218292236328,7.6225549697876
8000,6.326608335975,4.520530700683594,5.012927322387696,5.343747329711914,5.90223503112793,6.293495178222656,6.734090805053711,7.356121826171874,7.8671750640869185,5.395319666712156,-0.9794731140136719,1.6626121520996093,3.0982322692871094,4.742722511291504,5.581661224365234,6.25484561920166,7.032708168029785,7.574052429199219
8050,6.351627869901269,4.595924377441406,5.080309448242187,5.409904098510742,5.951122283935547,6.3345489501953125,6.736143112182617,7.336171340942383,7.836280822753907,5.44540497803156,-0.6794815063476562,1.7981388092041015,3.223944664001465,4.823736190795898,5.62736701965332,6.281085968017578,7.031852722167969,7.553705978393555
8100,6.37755017935707,4.613639831542969,5.133386764526367,5.474360656738281,5.986394882202148,6.3570098876953125,6.751344680786133,7.339580154418945,7.794081268310547,5.496612877867722,-0.5804824829101562,1.9831096649169921,3.3494186401367188,4.89872932434082,5.676326751708984,6.295764923095703,7.036421775817871,7.5841812133789075
8150,6.406344242182115,4.623695373535156,5.1729037475585935,5.5241539001464846,6.029447555541992,6.3908843994140625,6.771640777587891,7.3482116699218745,7.7877079772949225,5.5496207688913,-0.5191688537597656,2.1665843963623046,3.452089309692383,4.968935966491699,5.724163055419922,6.319912910461426,7.055116653442383,7.578053665161133
8200,6.438906362200556,4.6937408447265625,5.243803100585938,5.581719589233399,6.067216873168945,6.424503326416016,6.799684524536133,7.3587646484375,7.759521179199219,5.604561728363632,-0.3919181823730469,2.2661420822143556,3.5604476928710938,5.027048110961914,5.7754058837890625,6.351042747497559,7.069886207580566,7.583715057373047
8250,6.475052681749816,4.762092590332031,5.319112854003906,5.6584827423095705,6.109516143798828,6.458889007568359,6.832529067993164,7.35799102783203,7.729106750488285,5.658956742903209,-0.3643531799316406,2.4513484954833986,3.6721115112304688,5.088082313537598,5.821977615356445,6.3861494064331055,7.0999555587768555,7.575281524658207
8300,6.5155174920383425,4.860931396484375,5.391012573242188,5.708255004882813,6.15977668762207,6.4997406005859375,6.856304168701172,7.374309921264646,7.772317504882813,5.714972186249028,-0.3569488525390625,2.5816980361938477,3.767925262451172,5.169022560119629,5.861423492431641,6.420919418334961,7.118927001953125,7.581074523925781
8350,6.555925451882367,4.891719818115234,5.48001838684082,5.745754241943359,6.2076416015625,6.541618347167969,6.888875961303711,7.409060287475586,7.796119537353516,5.769265506945727,-0.29378509521484375,2.712300682067871,3.8527603149414062,5.222681045532227,5.910829544067383,6.459144592285156,7.148900032043457,7.611942863464356
8400,6.599203893867794,4.995880126953125,5.5521754455566406,5.807482147216797,6.262416839599609,6.593456268310547,6.916975021362305,7.420437240600585,7.83520767211914,5.825058356355025,-0.21846389770507812,2.806475830078125,3.9508209228515625,5.300223350524902,5.967906951904297,6.501995086669922,7.1808671951293945,7.680271720886232
8450,-0.891296925679059,-6.263540267944336,-4.077375431060791,-2.753499150276184,-1.348081111907959,-0.741121768951416,-0.2507075071334839,0.4273352384567253,0.9728749656677259,-1.103743122680112,-11.020679473876953,-4.61151351928711,-3.1537071466445923,-1.5964312553405762,-0.9386372566223145,-0.3984982967376709,0.306428998708725,0.8772574424743655
8500,1.7519659799620917,-3.228424072265625,-1.1777608871459961,-0.07633819580078116,1.0317888259887695,1.77093505859375,2.4507646560668945,3.6009728431701653,4.522153816223145,1.2837045938462768,-6.816890716552734,-2.360507583618164,-0.9793834686279297,0.5282044410705566,1.3717098236083984,2.1459646224975586,3.26596736907959,4.131136131286623
8550,4.182828701464318,0.7303695678710938,2.223777275085449,2.8081531524658203,3.603976249694824,4.138784408569336,4.6976776123046875,5.788772583007811,6.6835121536254904,3.600162073352258,-4.987140655517578,-0.036176490783691395,1.3450288772583008,2.8920602798461914,3.7000370025634766,4.414958953857422,5.523024559020996,6.449100112915043
8600,4.762842618307153,1.9193534851074219,3.0175591278076173,3.531748390197754,4.220254898071289,4.717388153076172,5.240131378173828,6.229296874999999,7.049120025634766,4.171107249947418,-4.547157287597656,0.6634868621826172,2.0177993774414062,3.495814323425293,4.274816513061523,4.969424247741699,6.000938415527344,6.8849311828613295
8650,5.016402829748311,2.5426864624023438,3.393130187988281,3.8599479675292967,4.501357078552246,4.964607238769531,5.465959548950195,6.390919494628906,7.202938079833985,4.429692688285566,-3.9013824462890625,1.021116065979004,2.3561038970947266,3.766517162322998,4.528537750244141,5.190770149230957,6.150263786315918,7.061387062072757
8700,5.165554641695248,2.9613800048828125,3.649341354370117,4.080274200439453,4.6710205078125,5.116554260253906,5.596553802490234,6.453723907470703,7.198381576538089,4.5859785286028085,-3.2925682067871094,1.3481884002685547,2.5960073471069336,3.959589958190918,4.670412063598633,5.3171234130859375,6.217462539672852,7.044190788269044
8750,5.263724800249759,3.1337013244628906,3.835794334411621,4.2250415802001955,4.797365188598633,5.216564178466797,5.669462203979492,6.480623626708983,7.180181045532227,4.691774890222661,-2.8840866088867188,1.5388294219970704,2.762242317199707,4.0919904708862305,4.783313751220703,5.396706581115723,6.25823974609375,7.035239982604981
8800,5.334882811222689,3.28240966796875,3.949028091430664,4.341152191162109,4.891145706176758,5.290607452392578,5.736932754516602,6.490806198120117,7.2046675109863285,4.771598151420137,-2.4726829528808594,1.7978431701660156,2.8827390670776367,4.198090553283691,4.861005783081055,5.460766792297363,6.287348747253418,7.035988426208499
8850,5.39168467180798,3.3517723083496094,4.028032455444336,4.4250141143798825,4.965084075927734,5.3611602783203125,5.780689239501953,6.501420974731445,7.166139755249024,4.836072304212494,-2.1852951049804688,1.9667167663574219,3.0034332275390625,4.284629821777344,4.9217071533203125,5.504260063171387,6.289731025695801,7.003766441345216
8900,5.440994701137132,3.3820419311523438,4.118258743286133,4.508329582214356,5.0292510986328125,5.410167694091797,5.811712265014648,6.496973037719726,7.113213272094726,4.891483776120906,-1.8448066711425781,2.110312557220459,3.1117467880249023,4.35219669342041,4.985134124755859,5.552285194396973,6.2844038009643555,6.989684295654298
8950,5.486288370238381,3.4087600708007812,4.196370773315429,4.588261604309082,5.095848083496094,5.4643402099609375,5.847412109375,6.481646347045897,7.067380294799806,4.941895512287979,-1.5111274719238281,2.234665870666504,3.2149600982666016,4.40743350982666,5.038200378417969,5.5901336669921875,6.295749664306641,6.941518211364747
9000,5.52964744142101,3.4307861328125,4.282715225219727,4.643466186523438,5.154500961303711,5.515872955322266,5.883949279785156,6.488796997070311,7.048335494995118,4.990176237689406,-1.2185516357421875,2.320307731628418,3.299159049987793,4.469934463500977,5.083723068237305,5.632482528686523,6.302380561828613,6.921050453186036
9050,5.572769019060745,3.45867919921875,4.362467498779297,4.711252975463867,5.219217300415039,5.561923980712891,5.909793853759766,6.4940471649169895,6.979926300048828,5.0374221085573065,-0.9130439758300781,2.413618469238281,3.3951683044433594,4.519367218017578,5.134222030639648,5.6717987060546875,6.319476127624512,6.91702575683594
9100,5.616782080705831,3.529674530029297,4.441282653808594,4.782083892822266,5.268835067749023,5.607349395751953,5.950878143310547,6.490968894958495,6.97972038269043,5.084444768961718,-0.6342735290527344,2.5063335418701174,3.468639373779297,4.577654838562012,5.189817428588867,5.6994476318359375,6.335361480712891,6.912669563293457
9150,5.661826885668419,3.5994720458984375,4.500339584350586,4.842663192749024,5.324859619140625,5.654644012451172,5.9914703369140625,6.508717727661133,6.967957458496094,5.131472294692912,-0.3272514343261719,2.6082786560058593,3.574420928955078,4.637055397033691,5.240795135498047,5.735027313232422,6.3406524658203125,6.8728475570678755
9200,5.708399048074584,3.8112640380859375,4.554009933471679,4.907718658447266,5.3799896240234375,5.707630157470703,6.025276184082031,6.533623504638672,6.989874267578125,5.18002774890247,-0.059417724609375,2.6699216842651365,3.6620359420776367,4.692980766296387,5.287923812866211,5.776386260986328,6.359000205993652,6.8667882919311545
9250,5.755803354807176,4.004566192626953,4.621790466308593,4.959516143798828,5.432130813598633,5.756145477294922,6.065729141235352,6.558238983154297,7.04100227355957,5.227915451706533,0.14730453491210938,2.6725078582763673,3.7059202194213867,4.751853942871094,5.338550567626953,5.814241409301758,6.384818077087402,6.90305461883545
9300,5.803639123264285,4.052040100097656,4.684192886352539,5.0311828613281255,5.491090774536133,5.804054260253906,6.107421875,6.578772354125976,7.0397718811035155,5.275343293295741,0.12907028198242188,2.724742698669434,3.758112907409668,4.811520576477051,5.385498046875,5.859381675720215,6.411373138427734,6.950803184509279
9350,5.852161648233552,4.139091491699219,4.773637466430664,5.093112945556641,5.547176361083984,5.857646942138672,6.149007797241211,6.61568603515625,7.043204650878908,5.323678796020248,0.16135787963867188,2.790318489074707,3.821619987487793,4.863577842712402,5.432077407836914,5.905158996582031,6.4342498779296875,6.956859588623049
9400,5.900551379566461,4.235225677490234,4.8539031219482425,5.155295944213867,5.604942321777344,5.902980804443359,6.19120979309082,6.64440689086914,7.051234893798828,5.371990475129287,0.14623641967773438,2.8327123641967775,3.895111083984375,4.914872169494629,5.483331680297852,5.951184272766113,6.478904724121094,6.966605186462403
9450,5.949137511546073,4.325126647949219,4.92514633178711,5.208453369140625,5.658292770385742,5.9511260986328125,6.236574172973633,6.670823669433593,7.079717559814453,5.4196782556358825,0.0883026123046875,2.873806190490723,3.96120548248291,4.9674177169799805,5.525203704833984,5.995006561279297,6.51573371887207,6.998495483398438
9500,5.997933356583895,4.361896514892578,4.986349105834961,5.266969680786133,5.714473724365234,6.0047607421875,6.279672622680664,6.69747314453125,7.116870727539064,5.467603355107728,0.0081939697265625,2.8695920944213866,4.002432823181152,5.027223587036133,5.579164505004883,6.035194396972656,6.566027641296387,7.039957809448245
9550,6.046621256231976,4.398017883300781,5.034623413085938,5.32000503540039,5.762910842895508,6.051074981689453,6.326791763305664,6.73890380859375,7.132333602905274,5.514255774346303,-0.06472015380859375,2.8674144744873047,4.048846244812012,5.081577301025391,5.6282806396484375,6.077620506286621,6.610220909118652,7.0455677032470705
9600,6.095714529556003,4.456901550292969,5.10133804321289,5.377148818969727,5.814542770385742,6.1025848388671875,6.377048492431641,6.769088363647461,7.150818634033204,5.559940957364317,-0.15256881713867188,2.9457538604736326,4.085172653198242,5.129659652709961,5.674341201782227,6.120671272277832,6.654520034790039,7.069759559631348
9650,6.1438368605452265,4.624576568603516,5.165452880859375,5.429961013793945,5.864311218261719,6.155357360839844,6.417377471923828,6.813201522827148,7.167062911987305,5.603880354245842,-0.18922042846679688,3.0392148971557615,4.118629455566406,5.180567741394043,5.717462539672852,6.161934852600098,6.7006425857543945,7.084800148010255
9700,6.192259417231527,4.729259490966797,5.23092414855957,5.486379241943359,5.915683746337891,6.203132629394531,6.460170745849609,6.8650981903076165,7.220657196044923,5.647817517103897,-0.23839950561523438,3.055604934692383,4.158145904541016,5.231938362121582,5.763906478881836,6.2034502029418945,6.742781639099121,7.101148986816407
9750,6.241092087834115,4.777751922607422,5.282669906616211,5.552328872680664,5.9652862548828125,6.253040313720703,6.512704849243164,6.910857772827148,7.281206588745118,5.690909249538485,-0.3184356689453125,3.101028060913086,4.198315620422363,5.277912139892578,5.8087005615234375,6.244935989379883,6.779376983642578,7.162783241271976
9800,6.2896557700719535,4.815814971923828,5.338840560913086,5.60248031616211,6.0196380615234375,6.300605773925781,6.5634765625,6.9495189666748045,7.310679473876953,5.7339124142426865,-0.3162803649902344,3.148372459411621,4.243077278137207,5.32591438293457,5.854084014892578,6.2916412353515625,6.817182540893555,7.201497840881349
9850,6.33869361522633,4.819007873535156,5.395623931884765,5.668691253662109,6.074304580688477,6.348941802978516,6.607233047485352,7.001123809814453,7.330426406860353,5.776281015610298,-0.3225822448730469,3.099086380004883,4.267765998840332,5.3633575439453125,5.8956756591796875,6.342638969421387,6.859021186828613,7.229494285583497
9900,6.387986009056949,4.84228515625,5.453676223754883,5.718311309814453,6.118003845214844,6.398929595947266,6.6584320068359375,7.0479175567626955,7.391260986328126,5.818334783512863,-0.3431663513183594,3.150214004516602,4.31566047668457,5.411796569824219,5.930107116699219,6.382098197937012,6.893990516662598,7.289589881896975
9950,6.43763590175802,4.882671356201172,5.527704391479492,5.769917678833008,6.17106819152832,6.443866729736328,6.702047348022461,7.093358612060546,7.4316753387451175,5.859337045586451,-0.42376708984375,3.1635835647583006,4.361049652099609,5.4528656005859375,5.969142913818359,6.419623374938965,6.9356889724731445,7.336628150939942
10000,6.4877499254213,4.9441986083984375,5.554123153686524,5.81573486328125,6.216924667358398,6.4949951171875,6.749492645263672,7.148084259033203,7.480103683471681,5.90155034702043,-0.5049285888671875,3.1614383697509765,4.3989458084106445,5.485323905944824,6.012239456176758,6.4741973876953125,6.988005638122559,7.36499366760254
10050,-1.339007478610271,-8.741262435913086,-4.456241016387939,-3.2858455181121826,-1.9578267931938171,-1.2421870231628418,-0.595482349395752,0.20110279321670477,0.7631627655029303,-1.3818541537657554,-7.607783794403076,-4.550080561637879,-3.3893691301345825,-1.9739703834056854,-1.2673211097717285,-0.6471551358699799,0.1934141218662262,0.6967517077922826
10100,0.8120994085078223,-2.760498046875,-1.3107423019409181,-0.6420711517333983,0.21300029754638672,0.7536048889160156,1.4194307327270508,2.3285026550292964,3.0308329010009767,0.5744832509635739,-6.7487640380859375,-1.9778841972351073,-1.0202114582061768,-0.04606056213378906,0.5532388687133789,1.2115089893341064,2.2560839653015137,2.9290911197662357
10150,4.037137199075431,0.7769317626953125,1.6522791290283203,2.2741580963134767,3.196249008178711,3.888774871826172,4.721340179443359,6.371127700805663,7.705068740844728,3.649833297797057,-3.3411636352539062,0.13349552154541017,1.38616943359375,2.702691078186035,3.5537281036376953,4.512879371643066,6.273741722106934,7.619915580749521
10200,5.017456083579042,2.165355682373047,2.900116271972656,3.4191089630126954,4.268926620483398,4.889904022216797,5.635009765625,7.053456878662109,8.06022216796875,4.568039316088859,-2.442646026611328,0.9359598159790039,2.3534278869628906,3.7066211700439453,4.552743911743164,5.422115325927734,6.901938438415527,8.039847183227542
10250,5.3604799940204035,2.5950584411621094,3.4262705993652345,3.892022705078125,4.662603378295898,5.273204803466797,5.949527740478516,7.1686054229736325,8.074828720092773,4.900108705629409,-2.2977371215820312,1.4346136093139648,2.745234489440918,4.111164093017578,4.92750358581543,5.703531265258789,7.0154314041137695,7.951722145080571
10300,5.525694153456493,2.9174270629882812,3.7218171691894533,4.169919204711914,4.8896026611328125,5.461658477783203,6.077032089233398,7.116733551025389,7.891962814331056,5.0685538944943005,-2.1454849243164062,1.783863639831543,3.0055809020996094,4.345820426940918,5.109954833984375,5.842835426330566,6.982272148132324,7.80696544647217
10350,5.612373270444847,3.156208038330078,3.912186584472656,4.353663635253906,5.041828155517578,5.577274322509766,6.1402740478515625,7.0612545013427725,7.700680770874024,5.160337754863397,-1.6228485107421875,1.933573913574219,3.2076902389526367,4.491915702819824,5.215795516967773,5.903426170349121,6.917841911315918,7.6508125305175785
10400,5.660743806642831,3.3270950317382812,4.046392440795898,4.486983871459961,5.140655517578125,5.633884429931641,6.130117416381836,6.973268890380859,7.557283401489259,5.216437023580391,-0.635101318359375,2.1803638458251955,3.3218231201171875,4.591301918029785,5.290685653686523,5.919000625610352,6.836106300354004,7.481262588500979
10450,5.6886756505669664,3.4951629638671875,4.146728363037109,4.575348663330078,5.20722770690918,5.690399169921875,6.142086029052734,6.86634407043457,7.410694122314454,5.252495292058195,0.2580718994140625,2.3529569625854494,3.4434022903442383,4.664362907409668,5.340751647949219,5.923699378967285,6.769016265869141,7.370944786071779
10500,5.70692735702916,3.606903076171875,4.244686508178711,4.650880813598633,5.259208679199219,5.71484375,6.138284683227539,6.800043869018554,7.317972793579103,5.277811516610773,0.6759872436523438,2.5103624343872073,3.5552892684936523,4.718303680419922,5.370391845703125,5.923290252685547,6.714141845703125,7.238689613342286
10550,5.719906999302645,3.698413848876953,4.33055160522461,4.712612533569336,5.294567108154297,5.725532531738281,6.127368927001953,6.749696350097656,7.201784362792969,5.2971098261693665,0.761260986328125,2.672697639465332,3.6402273178100586,4.769632339477539,5.388454437255859,5.9142961502075195,6.645744323730469,7.145818138122559
10600,5.733260659312365,3.8003807067871094,4.430254516601562,4.771040344238282,5.333187103271484,5.735820770263672,6.121232986450195,6.68157844543457,7.107900543212891,5.3153678087997305,0.8653945922851562,2.817510223388672,3.717770576477051,4.819568634033203,5.406085968017578,5.918047904968262,6.590460777282715,7.056305694580079
10650,5.748611053823632,3.9291458129882812,4.5185514831542966,4.829190444946289,5.366374969482422,5.7495269775390625,6.119192123413086,6.659038925170898,7.081953964233398,5.336509391090104,0.9613609313964844,2.9201841354370117,3.7977218627929688,4.859794616699219,5.428699493408203,5.912884712219238,6.551154136657715,6.981783676147464
10700,5.766886267863528,4.044200897216797,4.586871566772461,4.892895889282227,5.4034881591796875,5.771343231201172,6.117443084716797,6.636861419677734,7.042740325927735,5.359860006731704,1.0706329345703125,2.9964572906494142,3.878671646118164,4.903199195861816,5.445892333984375,5.915513038635254,6.528717041015625,6.898205947875977
10750,5.7890434599670355,4.1407318115234375,4.6464442443847656,4.9353080749511715,5.444545745849609,5.794132232666016,6.126567840576172,6.613138580322266,7.013428955078125,5.387414373829565,1.1807937622070312,3.073844146728516,3.954357147216797,4.950733184814453,5.472860336303711,5.926607131958008,6.499889373779297,6.8676918029785154
10800,5.814673255233095,4.219215393066406,4.7038427734375,5.002658081054688,5.482463836669922,5.818733215332031,6.14837646484375,6.609885025024414,7.022736053466798,5.417882876745826,1.3724479675292969,3.1639902114868166,4.034968376159668,4.996770858764648,5.502782821655273,5.9438276290893555,6.485960960388184,6.860336112976077
10850,5.84276505692538,4.280548095703125,4.769273147583008,5.054038619995117,5.517030715942383,5.842899322509766,6.165449142456055,6.6143661499023425,6.975601501464844,5.451146678134054,1.5468826293945312,3.325032424926758,4.1046295166015625,5.0363969802856445,5.535526275634766,5.9619598388671875,6.477291107177734,6.886624145507812
10900,5.873573039650695,4.372337341308594,4.833413162231445,5.119449234008789,5.562768936157227,5.870693206787109,6.177955627441406,6.630395126342772,6.957466430664064,5.487467212116216,1.69805908203125,3.43094539642334,4.164548873901367,5.0848894119262695,5.566303253173828,5.986193656921387,6.4784440994262695,6.873210716247559
10950,5.907202350374171,4.4445953369140625,4.895931396484375,5.166536712646485,5.603107452392578,5.903900146484375,6.202022552490234,6.648614883422852,6.957162628173829,5.525888877433537,1.8491744995117188,3.5179962158203124,4.245378494262695,5.1309309005737305,5.604156494140625,6.011109352111816,6.491971969604492,6.856377601623535
11000,5.943010333748279,4.474483489990234,4.947560119628906,5.226952743530274,5.651052474975586,5.940616607666016,6.23028564453125,6.662215805053711,6.949700469970703,5.566047999523567,2.0059547424316406,3.624272346496582,4.329128265380859,5.193680763244629,5.644132614135742,6.039402008056641,6.517141342163086,6.878962516784669
11050,5.981234571511144,4.5179290771484375,5.010740127563476,5.283653259277344,5.692785263061523,5.975799560546875,6.257692337036133,6.677887344360352,6.980584564208985,5.6072495359501175,2.147266387939453,3.708889961242676,4.3819427490234375,5.239800453186035,5.683282852172852,6.072253227233887,6.544893264770508,6.889538764953613
11100,6.0204067103507315,4.557395935058594,5.056935577392578,5.326667404174804,5.7385101318359375,6.018562316894531,6.295717239379883,6.707919692993164,6.996416778564453,5.649143440606026,2.087390899658203,3.7760494232177733,4.456480026245117,5.2891998291015625,5.723623275756836,6.103060722351074,6.571817398071289,6.900096130371094
11150,6.060912350977224,4.608608245849609,5.102528915405274,5.378580474853516,5.787654876708984,6.060733795166016,6.329246520996094,6.742239379882812,7.03265739440918,5.691525742047398,2.0463829040527344,3.8506370544433595,4.512151718139648,5.341693878173828,5.766029357910156,6.135747909545898,6.598690032958984,6.914360427856446
11200,6.102952572439631,4.651569366455078,5.1575444793701175,5.4256855010986325,5.832788467407227,6.104225158691406,6.363618850708008,6.774930572509765,7.043325500488281,5.733936935462641,2.063823699951172,3.891129493713379,4.582756042480469,5.387873649597168,5.804231643676758,6.1766462326049805,6.631289482116699,6.934322547912598
11250,6.145215362175772,4.715496063232422,5.2139452362060545,5.466519927978515,5.888212203979492,6.144947052001953,6.4036407470703125,6.8034618377685545,7.096654739379884,5.776225336299819,2.1068801879882812,3.972159194946289,4.638376235961914,5.426446914672852,5.848230361938477,6.212968826293945,6.653408050537109,6.951432609558107
11300,6.187809871417108,4.800212860107422,5.2776972198486325,5.517036056518554,5.938587188720703,6.191375732421875,6.441684722900391,6.843737030029296,7.11325813293457,5.818452423614599,2.1567649841308594,4.0295709609985355,4.695818901062012,5.469318389892578,5.890043258666992,6.251826286315918,6.690532684326172,6.981731414794923
11350,6.230324113872689,4.860492706298828,5.316134643554688,5.563786315917969,5.982118606567383,6.231769561767578,6.486202239990234,6.871178436279297,7.147069396972657,5.860439722140208,2.2522659301757812,4.083009147644043,4.751218795776367,5.515655517578125,5.933469772338867,6.289756774902344,6.720855712890625,7.0149272918701175
11400,6.2733389078667905,4.948940277099609,5.350273056030273,5.608949661254883,6.028453826904297,6.275840759277344,6.528778076171875,6.900215148925781,7.160018081665039,5.903509623101532,2.27294921875,4.13937816619873,4.8042192459106445,5.564420700073242,5.97209358215332,6.325037956237793,6.757257461547852,7.057825660705569
11450,6.317236888925033,4.9732513427734375,5.399452819824218,5.660806274414062,6.078891754150391,6.3216094970703125,6.571985244750977,6.930094146728514,7.192257995605469,5.946625819326165,2.2468223571777344,4.216901779174805,4.845803260803223,5.612335205078125,6.014286041259766,6.359499931335449,6.792984962463379,7.076157760620117
11500,6.361656428207085,4.991523742675781,5.447007369995117,5.716505432128907,6.1224212646484375,6.3691558837890625,6.612354278564453,6.972690200805664,7.236495056152344,5.990145050546103,2.393505096435547,4.299116897583008,4.913466453552246,5.662656784057617,6.051977157592773,6.402370452880859,6.835771560668945,7.116878509521485
11550,6.405196786718801,5.038124084472656,5.506209259033203,5.763643646240235,6.171308517456055,6.419319152832031,6.654073715209961,7.012860488891601,7.259669647216797,6.03282293562259,2.5771827697753906,4.365567398071289,4.957280158996582,5.698453903198242,6.096080780029297,6.444443702697754,6.87032413482666,7.151393508911135
11600,6.448688503025124,5.083030700683594,5.560177536010742,5.806759643554687,6.215476989746094,6.458805084228516,6.694391250610352,7.049919509887696,7.3055331420898435,6.073622290394723,2.7118492126464844,4.39841251373291,5.002241134643555,5.740123748779297,6.132883071899414,6.481077194213867,6.907794952392578,7.179837417602539
11650,6.491640539521585,5.117851257324219,5.617026901245117,5.842811203002929,6.254770278930664,6.507953643798828,6.73780632019043,7.089203262329101,7.348597564697266,6.1135305552629555,2.73150634765625,4.453952407836914,5.054551124572754,5.776768684387207,6.17363166809082,6.520138740539551,6.937626838684082,7.224497222900392
11700,6.534418057926532,5.157737731933594,5.671570510864258,5.886460494995117,6.29200553894043,6.551189422607422,6.77879524230957,7.129973983764648,7.352823028564454,6.15188576809447,2.71746826171875,4.503827476501465,5.099138259887695,5.815587043762207,6.211427688598633,6.557431221008301,6.974433898925781,7.275751876831055
11750,6.577628234774072,5.2266998291015625,5.717586288452148,5.930148696899414,6.340677261352539,6.592670440673828,6.822347640991211,7.171909713745117,7.39311996459961,6.189379293108679,2.7458763122558594,4.520831108093262,5.135143280029297,5.861970901489258,6.25117301940918,6.590749740600586,7.012101173400879,7.2868452072143555
11800,6.620615844361616,5.323951721191406,5.755464706420899,5.978741455078125,6.388551712036133,6.6300506591796875,6.872430801391602,7.205850601196289,7.435526275634766,6.227195037074263,2.7959976196289062,4.570154190063477,5.163320541381836,5.897835731506348,6.292093276977539,6.6333723068237305,7.059382438659668,7.3298805236816404
11850,6.66324947781934,5.377281188964844,5.795523681640625,6.022640609741211,6.429056167602539,6.672519683837891,6.915616989135742,7.242286682128905,7.489492950439454,6.263571761155272,2.916473388671875,4.6252601623535154,5.209212303161621,5.9277849197387695,6.326627731323242,6.67143440246582,7.100559234619141,7.371589469909669
11900,6.705330517454854,5.440826416015625,5.835523681640625,6.074785232543945,6.471887588500977,6.717670440673828,6.955451965332031,7.278481674194335,7.540625381469729,6.299754628888521,3.0647010803222656,4.6521612167358395,5.239568710327148,5.9606733322143555,6.367425918579102,6.708769798278809,7.143305778503418,7.399299812316895
11950,6.747360117980973,5.482452392578125,5.866414337158203,6.126554870605469,6.516120910644531,6.754459381103516,7.001426696777344,7.3186801910400385,7.587390060424805,6.335706151380549,3.1636695861816406,4.673735046386719,5.270459175109863,5.992671966552734,6.407529830932617,6.750720024108887,7.181209564208984,7.440399551391604
12000,6.789238981702623,5.521369934082031,5.90576904296875,6.1684528350830075,6.554769515991211,6.797122955322266,7.039529800415039,7.356386947631836,7.617004013061523,6.371446333833506,3.217998504638672,4.7112373352050785,5.308496475219727,6.024836540222168,6.440032958984375,6.793938636779785,7.215912818908691,7.460531616210938
12050,6.831211356701066,5.551963806152344,5.971279602050782,6.214633178710938,6.59882926940918,6.840412139892578,7.082851409912109,7.394392013549805,7.665662384033204,6.4067991029021165,3.2697296142578125,4.726540565490723,5.3235931396484375,6.058736801147461,6.475070953369141,6.833099365234375,7.2485551834106445,7.489309310913086
12100,6.873340658390107,5.574951171875,6.010392837524414,6.263628387451172,6.637697219848633,6.884319305419922,7.122140884399414,7.440152359008788,7.703015594482422,6.4412161124077745,3.3304519653320312,4.71996841430664,5.357024192810059,6.085482597351074,6.511709213256836,6.872286796569824,7.280991554260254,7.529019927978516
12150,6.91584342127305,5.590553283691406,6.05495475769043,6.305142211914062,6.676542282104492,6.931926727294922,7.161468505859375,7.48132209777832,7.746974029541016,6.475567531551911,3.3996429443359375,4.75450325012207,5.379931449890137,6.121868133544922,6.544130325317383,6.905115127563477,7.314693450927734,7.5786535263061525
12200,6.958782972568468,5.6015625,6.090566711425781,6.349772644042969,6.717290878295898,6.974769592285156,7.201122283935547,7.53252067565918,7.8056101226806645,6.509668351571018,3.523151397705078,4.7945819854736325,5.4065961837768555,6.155906677246094,6.579399108886719,6.939963340759277,7.3623809814453125,7.6258131027221685
12250,7.001943986149123,5.620597839355469,6.137036819458007,6.394800186157227,6.760473251342773,7.0169830322265625,7.242008209228516,7.579818344116211,7.858855285644531,6.54462195574456,3.5614089965820312,4.80935115814209,5.446109771728516,6.183528900146484,6.616207122802734,6.978205680847168,7.402874946594238,7.676608848571778
12300,7.033547022543528,5.553985595703125,6.139714050292969,6.42210578918457,6.785736083984375,7.040077209472656,7.281404495239258,7.617542648315429,7.892312698364258,6.574719303008136,3.6301841735839844,4.8165891647338865,5.484391212463379,6.221438407897949,6.645404815673828,7.003582000732422,7.450445175170898,7.721842193603516
12350,-0.49502599289640287,-4.830083847045898,-3.2359388732910155,-2.106782245635986,-0.9586492776870728,-0.4067516326904297,0.03478199243545532,0.7891478359699244,1.3760321521759036,-0.6734856988065502,-6.291726589202881,-3.5126054883003235,-2.3969035148620605,-1.1617553234100342,-0.5501301288604736,-0.07304531335830688,0.6479114890098572,1.2604799866676333
12400,2.0180771384440677,-2.7921905517578125,-0.40731611251831057,0.37006912231445344,1.2916193008422852,1.8766746520996094,2.6599769592285156,4.077827835083006,5.692339897155766,1.724084223748267,-8.22842788696289,-1.570160484313965,-0.14412164688110352,0.9788470268249512,1.6348810195922852,2.4279608726501465,3.8709535598754883,5.478705692291272
12450,4.420355207578571,0.8611030578613281,2.033638610839844,2.6514110565185547,3.594512939453125,4.293193817138672,5.054468154907227,6.5560703277587855,8.846714019775392,4.01961466660535,-8.237995147705078,-0.5046924591064452,1.671433448791504,3.1769609451293945,4.012855529785156,4.885550498962402,6.330389022827148,8.814924621582035
12500,5.2010025021372845,1.8742103576660156,2.9290301513671877,3.5485244750976563,4.417116165161133,5.082237243652344,5.7638397216796875,7.275982284545899,9.33559967041016,4.752762605989397,-9.209983825683594,-0.14048461914062488,2.37814998626709,3.957853317260742,4.805835723876953,5.598172187805176,6.957571029663086,9.171547698974615
12550,5.545579320789492,2.2469558715820312,3.4039413452148435,3.9660335540771485,4.822509765625,5.435783386230469,6.102846145629883,7.506449890136718,9.537696075439454,5.094122512687659,-8.555313110351562,0.404500961303711,2.814497947692871,4.310525894165039,5.172290802001953,5.923266410827637,7.230976104736328,9.232542037963874
12600,5.741913235127339,2.5426254272460938,3.7016732025146486,4.243000793457031,5.065912246704102,5.638530731201172,6.2716522216796875,7.623698425292968,9.359519348144532,5.301896009131015,-7.235862731933594,0.8844366073608398,3.1127243041992188,4.559085845947266,5.377927780151367,6.088388442993164,7.366920471191406,9.18936042785645
12650,5.866440448867428,2.8312416076660156,3.9233068084716796,4.439796066284179,5.223297119140625,5.763954162597656,6.379364013671875,7.61519317626953,9.23516586303711,5.442484892474562,-5.586036682128906,1.199363899230957,3.324657440185547,4.746358871459961,5.518115997314453,6.202496528625488,7.440029144287109,9.047603797912602
12700,5.95156371932444,3.022624969482422,4.119597473144531,4.586345672607422,5.346782684326172,5.848602294921875,6.424213409423828,7.602508163452145,9.176805038452153,5.546482073344367,-4.033195495605469,1.6427562713623047,3.544734001159668,4.8764190673828125,5.613685607910156,6.276664733886719,7.451408386230469,8.89195346832276
12750,6.012023863943213,3.2283554077148438,4.255131607055664,4.716986846923828,5.437007904052734,5.927539825439453,6.471042633056641,7.58649787902832,9.013820114135743,5.62502257873773,-2.728240966796875,2.0092084884643557,3.71536922454834,4.983058929443359,5.68708610534668,6.313389778137207,7.375896453857422,8.81129608154297
12800,6.056482822439501,3.4938507080078125,4.401417236328125,4.851701354980468,5.509574890136719,5.985248565673828,6.497535705566406,7.535596084594726,8.874723587036135,5.686566081572373,-2.000751495361328,2.2900772094726562,3.8866500854492188,5.099399566650391,5.744159698486328,6.33292293548584,7.3293609619140625,8.669279861450198
12850,6.089154544802951,3.7654190063476562,4.509258651733399,4.927022171020508,5.56982421875,6.0293426513671875,6.50145149230957,7.455261993408203,8.780651092529299,5.737675502289283,-1.2366676330566406,2.6283836364746094,4.051718711853027,5.18004035949707,5.803272247314453,6.345232963562012,7.274171829223633,8.453207778930665
12900,6.116857238250497,3.8797683715820312,4.596585845947265,4.9943695068359375,5.634389877319336,6.062835693359375,6.5050506591796875,7.400174713134765,8.592117996215821,5.780309598073442,-0.481475830078125,2.9252445220947267,4.209965705871582,5.2462568283081055,5.839563369750977,6.356525421142578,7.229944229125977,8.319956970214848
12950,6.140320410159494,4.064506530761719,4.677388458251953,5.07354965209961,5.700006484985352,6.102573394775391,6.516071319580078,7.327301788330076,8.395114135742187,5.817296856817015,0.315093994140625,3.1733089447021485,4.308565139770508,5.310203552246094,5.873195648193359,6.35414981842041,7.162799835205078,8.138033676147462
13000,6.159489522422529,4.2568359375,4.772432785034179,5.159283065795899,5.754169464111328,6.134113311767578,6.517580032348633,7.226138687133789,8.114613876342778,5.850163995902926,1.0609588623046875,3.393409538269043,4.402551651000977,5.368851661682129,5.9076690673828125,6.365811347961426,7.116188049316406,7.988935852050782
13050,6.177994833770597,4.371337890625,4.843024139404297,5.243577575683593,5.797145843505859,6.165931701660156,6.530485153198242,7.169170761108396,7.879705963134767,5.880714506364823,1.2482528686523438,3.5989017486572266,4.501190185546875,5.42740535736084,5.930086135864258,6.368340492248535,7.068239212036133,7.8262426376342775
13100,6.194926466423559,4.341285705566406,4.901930770874023,5.295072937011719,5.836029052734375,6.190814971923828,6.538402557373047,7.101054763793944,7.725200653076173,5.9107806610799285,1.4314346313476562,3.759146881103516,4.608938217163086,5.483447074890137,5.963413238525391,6.383514404296875,7.003345489501953,7.692934036254885
13150,6.211161814944845,4.357749938964844,4.960348587036133,5.34588623046875,5.867855072021484,6.217235565185547,6.5436859130859375,7.05654182434082,7.636907348632814,5.9401856556540045,1.6193008422851562,3.935552978515625,4.68681526184082,5.539134979248047,6.003246307373047,6.398487091064453,6.96859073638916,7.556800079345703
13200,6.229167759814478,4.363323211669922,5.037491302490235,5.397909164428711,5.903051376342773,6.247978210449219,6.546543121337891,7.022431945800781,7.497534332275391,5.969544064436996,1.8493118286132812,4.100360679626465,4.777070045471191,5.584226608276367,6.040033340454102,6.410487174987793,6.937350273132324,7.420640563964845
13250,6.248554674767447,4.428375244140625,5.113648834228516,5.448698425292969,5.934154510498047,6.267402648925781,6.558736801147461,6.992144775390622,7.408001708984375,5.998857351553765,2.09674072265625,4.213441467285156,4.854310035705566,5.633256912231445,6.063648223876953,6.431703567504883,6.916281700134277,7.345967102050784
13300,6.269882859050863,4.4998931884765625,5.194691772460938,5.500345611572266,5.977119445800781,6.287879943847656,6.567815780639648,6.966261291503907,7.362943801879883,6.028480963549883,2.3515548706054688,4.2934833526611325,4.920307159423828,5.6746110916137695,6.089651107788086,6.454320907592773,6.897762298583984,7.2625568389892585
13350,6.294510961244184,4.543693542480469,5.2710302734375,5.54864273071289,6.013145446777344,6.31207275390625,6.583839416503906,6.962473297119139,7.300127105712892,6.059023802051551,2.600189208984375,4.3790748596191404,4.9828033447265625,5.720630645751953,6.121116638183594,6.46328067779541,6.893882751464844,7.2166746139526365
13400,6.322185882316952,4.661205291748047,5.333282623291016,5.6064807891845705,6.052894592285156,6.3414306640625,6.5996551513671875,6.955641174316404,7.253517837524414,6.091585742384248,2.7136764526367188,4.461264038085938,5.042169570922852,5.76652717590332,6.153051376342773,6.483119010925293,6.892851829528809,7.1770767211914075
13450,6.351875826237273,4.758811950683594,5.394740600585937,5.664889526367188,6.1004486083984375,6.372806549072266,6.616405487060547,6.954899597167969,7.234543380737305,6.125449118105773,2.7881240844726562,4.5314781188964846,5.103404998779297,5.817831039428711,6.185190200805664,6.505108833312988,6.89949893951416,7.179229354858399
13500,6.383585527163061,4.890602111816406,5.45139289855957,5.7239421844482425,6.140064239501953,6.408672332763672,6.640567779541016,6.964876174926758,7.2210746765136715,6.160807871370927,2.8559188842773438,4.61518497467041,5.176575660705566,5.857982635498047,6.223100662231445,6.5269622802734375,6.906588554382324,7.175227737426758
13550,6.4176009657406405,5.0309295654296875,5.509173583984375,5.783644485473633,6.178163528442383,6.441539764404297,6.666690826416016,6.982685852050781,7.231331024169924,6.197350090207928,2.9402694702148438,4.692036819458008,5.239786148071289,5.905880928039551,6.2604217529296875,6.550107955932617,6.917197227478027,7.188913154602051
13600,6.453437842684099,5.123527526855469,5.577345581054687,5.844297790527344,6.223602294921875,6.47528076171875,6.700418472290039,7.006743240356445,7.2288992309570315,6.2353434067772415,3.0198516845703125,4.777445983886719,5.295097351074219,5.951672554016113,6.298973083496094,6.585509300231934,6.9313201904296875,7.188778495788575
13650,6.491036443738205,5.177284240722656,5.645386428833008,5.893684768676758,6.266101837158203,6.512691497802734,6.731912612915039,7.02412986755371,7.2361766052246095,6.274359581785509,3.0864944458007812,4.855235290527344,5.365860939025879,5.9994659423828125,6.336921691894531,6.615854263305664,6.948678016662598,7.207244491577149
13700,6.53020795406004,5.246788024902344,5.70186149597168,5.941528701782227,6.306283950805664,6.551300048828125,6.764183044433594,7.0415191650390625,7.277079315185547,6.314713045337122,3.155303955078125,4.919185829162598,5.4290924072265625,6.0450439453125,6.377281188964844,6.649755477905273,6.970780372619629,7.2249418258667
13750,6.57041294626058,5.313896179199219,5.761895294189453,5.995084762573242,6.3543548583984375,6.590923309326172,6.7959136962890625,7.070013427734375,7.295788650512696,6.355712508209369,3.2377471923828125,4.983795928955078,5.49085807800293,6.0916643142700195,6.416469573974609,6.681607246398926,6.999187469482422,7.234424972534181
13800,6.611403843141951,5.38995361328125,5.825007781982422,6.046217346191407,6.397098541259766,6.629486083984375,6.834695816040039,7.099824905395508,7.325256805419922,6.397162256703663,3.306182861328125,5.058682632446289,5.550734519958496,6.139669418334961,6.458112716674805,6.7178955078125,7.030413627624512,7.264552688598633
13850,6.652866488215203,5.473548889160156,5.868932418823242,6.10624885559082,6.444955825805664,6.670993804931641,6.869729995727539,7.132514572143554,7.352430572509766,6.438718311338191,3.377410888671875,5.118828201293946,5.615461349487305,6.184443473815918,6.499311447143555,6.756991386413574,7.059823036193848,7.285525131225586
13900,6.694882398205427,5.5601806640625,5.920594177246094,6.164221572875976,6.490814208984375,6.712558746337891,6.907215118408203,7.169975662231446,7.386988983154297,6.480736238923513,3.4491958618164062,5.177249526977539,5.671348571777344,6.233083724975586,6.54176139831543,6.790190696716309,7.086883544921875,7.290597343444825
13950,6.737289949772429,5.6455230712890625,5.986034851074219,6.221627426147461,6.534221649169922,6.756309509277344,6.944293975830078,7.205305480957031,7.421283035278321,6.522966329484724,3.5199203491210938,5.248214149475098,5.72218132019043,6.275754928588867,6.581584930419922,6.827178955078125,7.122653961181641,7.321093177795411
14000,6.779793484110227,5.7375640869140625,6.042728042602539,6.273100662231445,6.579097747802734,6.799468994140625,6.983972549438477,7.243722915649414,7.44875358581543,6.5651471580210785,3.60955810546875,5.321709632873535,5.78877067565918,6.314603805541992,6.621362686157227,6.865457534790039,7.150838851928711,7.343082427978516
14050,6.822332744613594,5.833282470703125,6.104792327880859,6.324543380737305,6.626729965209961,6.841564178466797,7.024379730224609,7.281015014648437,7.463163681030274,6.6070770597441,3.6998367309570312,5.389980888366699,5.835452079772949,6.3618879318237305,6.66490364074707,6.90382194519043,7.185610771179199,7.372341346740723
14100,6.8650034129730475,5.888450622558594,6.143748931884765,6.367185974121094,6.6753692626953125,6.881809234619141,7.063968658447266,7.322093200683594,7.492454223632813,6.649130287129871,3.7954254150390625,5.450485420227051,5.888233184814453,6.406892776489258,6.704860687255859,6.944003105163574,7.222454071044922,7.405845069885254
14150,6.9077298795166335,5.9375762939453125,6.1889340209960935,6.408882141113281,6.722827911376953,6.923011779785156,7.105518341064453,7.355255508422852,7.523703536987305,6.691354352955779,3.8834762573242188,5.511837768554687,5.9402971267700195,6.452247619628906,6.745479583740234,6.980075836181641,7.2578229904174805,7.449915885925293
14200,6.9503824414961075,5.97296142578125,6.239923095703125,6.4532112121582035,6.764928817749023,6.962749481201172,7.147464752197266,7.387873077392578,7.554443969726562,6.733686255935739,3.9710693359375,5.577969551086426,5.989749908447266,6.500242233276367,6.7864837646484375,7.020944595336914,7.296280860900879,7.4825643539428714
14250,-2.021887627555245,-7.375429630279541,-6.400022010803223,-4.805522632598877,-2.689884901046753,-1.7696208953857422,-0.9978313446044922,-0.29931468963623126,0.24436575412750253,-2.011169567118289,-7.272161483764648,-6.445179510116577,-4.705819725990295,-2.6353942155838013,-1.7508257031440735,-1.0376030802726746,-0.343353271484375,0.17734425067901682
14300,-0.09413274237997443,-6.268604278564453,-3.1363557672500613,-1.9728807926177978,-0.6213164329528809,-0.01393747329711914,0.551483154296875,1.5010231971740702,2.3051393127441413,-0.35472794882676045,-9.09011459350586,-4.701951265335083,-2.4898964166641235,-0.9283246994018555,-0.21218299865722656,0.38773083686828613,1.2932276725769043,2.1562495231628422
14350,3.498317338100558,-5.945313930511475,-0.6332366943359375,0.714497184753418,2.3717269897460938,3.3957061767578125,4.530439376831055,6.5493247985839815,8.798662414550794,2.942974166544118,-11.027263641357422,-3.0631855964660644,-0.8003954887390137,1.5908126831054688,2.964080810546875,4.253498077392578,6.598997116088867,9.30370388031008
14400,5.327009840718679,-0.6637401580810547,2.0311113739013673,2.900546646118164,4.249406814575195,5.190532684326172,6.217626571655273,8.219571304321288,10.552766876220705,4.58977726102931,-20.0244083404541,-2.3682666778564454,0.9126615524291992,3.358104705810547,4.752140998840332,5.955841064453125,7.927075386047363,10.377181625366225
14450,5.931829596465488,1.5303878784179688,3.0472211456298828,3.7257484436035155,4.953195571899414,5.8025665283203125,6.747837066650391,8.588864135742185,10.598545379638676,5.157660641401658,-17.1124210357666,-1.5297908782958982,1.5276660919189453,4.0031585693359375,5.35954475402832,6.494272232055664,8.293875694274902,10.156372261047366
14500,6.185273479914811,1.9840583801269531,3.562477722167969,4.171485900878906,5.259847640991211,6.098960876464844,6.908573150634766,8.55590438842773,10.367655181884768,5.42376434942361,-11.68404769897461,-1.0190788269042965,1.9791030883789062,4.378514289855957,5.648885726928711,6.677146911621094,8.318156242370605,10.031466293334969
14550,6.306220093908824,2.262683868408203,3.876122360229492,4.4616138458251955,5.46380615234375,6.220733642578125,6.961479187011719,8.50595588684082,10.005809783935549,5.571021455676261,-8.920608520507812,-0.513302993774414,2.287961959838867,4.599571228027344,5.804859161376953,6.734265327453613,8.24066162109375,9.685622024536135
14600,6.36804887800498,2.5212020874023438,4.0915396118164065,4.662977600097657,5.599023818969727,6.299625396728516,6.992315292358398,8.347239685058593,9.656498870849612,5.664350059663325,-7.789791107177734,-0.06790637969970696,2.6229944229125977,4.750767707824707,5.905672073364258,6.761889457702637,8.167389869689941,9.365482902526857
14650,6.405426630085527,2.775177001953125,4.264002456665039,4.799527740478515,5.708133697509766,6.343936920166016,6.995048522949219,8.201798629760741,9.33346664428711,5.727873739687804,-6.665435791015625,0.3218393325805666,2.872682571411133,4.871752738952637,5.943508148193359,6.768613815307617,8.01619815826416,9.111623573303223
14700,6.427525364462442,2.9984588623046875,4.408392486572265,4.9491008758544925,5.786237716674805,6.384471893310547,6.99659538269043,8.064981842041016,9.030573654174805,5.776284996516478,-5.578090667724609,0.8858165740966797,3.1184654235839844,4.9610595703125,5.984617233276367,6.759960174560547,7.903141021728516,8.869073677062993
14750,6.441228603512056,3.20050048828125,4.550312576293945,5.0427593231201175,5.859819412231445,6.407829284667969,6.977991104125977,7.928401947021484,8.672241058349611,5.815145614169989,-5.006496429443359,1.3202251434326173,3.335979461669922,5.065112113952637,6.010374069213867,6.7437849044799805,7.778196334838867,8.655826759338387
14800,6.4498747238414635,3.3615264892578125,4.649792175292968,5.13512077331543,5.893535614013672,6.428783416748047,6.963403701782227,7.82391471862793,8.529733734130861,5.850169778419141,-3.9311180114746094,1.7277893066406251,3.520265579223633,5.151156425476074,6.038869857788086,6.715658187866211,7.675971984863281,8.46455020904541
14850,6.461930084634011,3.560932159423828,4.766420364379883,5.2129772186279295,5.936737060546875,6.445697784423828,6.951171875,7.727976226806641,8.474721908569338,5.882862631243423,-2.8392982482910156,1.9966459274291992,3.7009811401367188,5.214743614196777,6.060993194580078,6.691117286682129,7.572155952453613,8.304110908508303
14900,6.4741228069677454,3.7667617797851562,4.857340621948242,5.3048042297363285,5.991029739379883,6.4585113525390625,6.940423965454102,7.666072463989257,8.381202392578126,5.916281551154336,-1.8917579650878906,2.295293617248535,3.8565540313720703,5.283207893371582,6.087846755981445,6.691974639892578,7.478211402893066,8.141951370239259
14950,6.48796161831043,3.928661346435547,4.940008392333985,5.356886672973633,6.034795761108398,6.480197906494141,6.93098258972168,7.620697021484375,8.229402160644533,5.95022703509275,-1.1828880310058594,2.478683662414551,4.014620780944824,5.3542280197143555,6.106426239013672,6.68585205078125,7.430807113647461,8.033372116088868
15000,6.503845235118516,4.062492370605469,5.012871475219726,5.425918960571289,6.076835632324219,6.50115966796875,6.9215240478515625,7.564739608764648,8.140287399291992,5.98485177364748,-1.1994972229003906,2.7022096633911135,4.133243560791016,5.422501564025879,6.1399383544921875,6.689367294311523,7.38175106048584,7.9674419403076175
15050,6.523528801327274,4.1529083251953125,5.072788391113281,5.494818115234375,6.115055084228516,6.533916473388672,6.931184768676758,7.523369216918945,8.059916000366217,6.019338691568189,-1.2334022521972656,2.924999237060547,4.260229110717773,5.477815628051758,6.154497146606445,6.688364028930664,7.339776992797852,7.8895812988281255
15100,6.547289072564394,4.267116546630859,5.141949081420899,5.5270332336425785,6.151201248168945,6.554729461669922,6.942331314086914,7.506703948974609,8.015909729003907,6.055208512244392,-1.0711250305175781,3.05313663482666,4.348380088806152,5.544734954833984,6.1896820068359375,6.705134391784668,7.315861701965332,7.863476753234863
15150,6.574580035183045,4.394977569580078,5.224780502319336,5.597838973999023,6.195829391479492,6.582920074462891,6.967061996459961,7.464854049682617,7.9472130584716805,6.092312873951138,-0.8976211547851562,3.1927358627319338,4.429656028747559,5.609919548034668,6.230171203613281,6.722942352294922,7.323946952819824,7.861369132995606
15200,6.6054422306057745,4.5456085205078125,5.278372192382813,5.659198760986328,6.240499496459961,6.625968933105469,6.9888153076171875,7.470930480957031,7.879634552001953,6.131604770629321,-0.7241668701171875,3.3843154907226562,4.531649589538574,5.664516448974609,6.258205413818359,6.739607810974121,7.318570137023926,7.847032737731935
15250,6.638286568273928,4.690120697021484,5.348763580322266,5.729515838623047,6.288724899291992,6.657405853271484,7.002763748168945,7.488726806640624,7.886733322143555,6.1717646514697995,-0.5330848693847656,3.4253717422485352,4.597018241882324,5.7115278244018555,6.295932769775391,6.764047622680664,7.343687057495117,7.806247138977052
15300,6.675689865546184,4.818492889404297,5.4170138549804685,5.791739273071289,6.328142166137695,6.692806243896484,7.027029037475586,7.488783645629883,7.889467697143555,6.216458148665771,-0.3390655517578125,3.5543203353881836,4.686572074890137,5.762903213500977,6.334571838378906,6.794888496398926,7.342890739440918,7.77699031829834
15350,-1.689881630695281,-16.552501678466797,-5.952430896759033,-3.816922163963318,-2.1886924505233765,-1.505321741104126,-0.9199337065219879,-0.17680939435958948,0.28041925907135035,-1.7332418610546718,-18.43596649169922,-6.095947217941284,-3.8084932565689087,-2.248243808746338,-1.550956130027771,-0.9652933478355408,-0.1982133984565735,0.27236168384552006
15400,-0.7501568025551734,-5.752675533294678,-3.6536189985275267,-2.393823766708374,-1.1530992984771729,-0.5956211090087891,-0.17436933517456055,0.35311150550842024,0.6669766044616701,-0.9592071772255122,-7.873956680297852,-4.528291654586792,-3.028748035430908,-1.3893489837646484,-0.7269272804260254,-0.27368664741516113,0.2702157497406006,0.6130366802215585
15450,-1.4368579744373962,-15.243743896484375,-11.451507720947266,-6.963954830169677,-3.10604190826416,-0.7937965393066406,0.6814842224121094,2.336555862426757,3.6354895019531286,-1.6847196792483625,-15.836925506591797,-11.24559497833252,-7.258191108703613,-3.3265867233276367,-1.0498924255371094,0.45777320861816406,2.182058334350586,3.3303922653198277
15500,2.3222358155180856,-2.6200523376464844,-0.6285238265991211,0.45345420837402367,1.6295347213745117,2.2944374084472656,2.99688720703125,4.308368682861327,5.646835632324224,1.9995197079260214,-5.683235168457031,-1.915430450439453,-0.21796035766601562,1.2635793685913086,2.0453548431396484,2.8193111419677734,4.070317268371582,5.363257598876955
15550,4.5246009755698475,0.5581321716308594,1.9643669891357423,2.8088077545166015,3.773141860961914,4.414447784423828,5.104953765869141,6.623183822631835,8.38984878540039,4.051671033204552,-13.429946899414062,-0.66386661529541,1.5437793731689453,3.2358436584472656,4.137950897216797,4.9009504318237305,6.465298652648926,8.145239067077638
15600,5.169217894567063,1.1128387451171875,2.8173927307128905,3.4824317932128905,4.440799713134766,5.055763244628906,5.738096237182617,7.12502746582031,9.756590194702152,4.676379202445094,-13.600826263427734,-0.393921661376953,2.1473188400268555,3.9037437438964844,4.763179779052734,5.5094146728515625,6.97711181640625,9.297320175170908
15650,5.4835280900682,1.6695098876953125,3.2066979217529297,3.8654972076416017,4.753139495849609,5.387508392333984,5.998447418212891,7.44483184814453,10.362869567871096,4.988517834538059,-12.169509887695312,0.0942642211914063,2.463083267211914,4.219629287719727,5.074495315551758,5.795890808105469,7.257780075073242,9.977441787719727
15700,5.673640277770298,2.0784225463867188,3.430223617553711,4.069937133789063,4.946010589599609,5.571590423583984,6.158903121948242,7.574870300292965,10.587104949951192,5.184212713008479,-10.814201354980469,0.21893558502197266,2.7116527557373047,4.439027786254883,5.254171371459961,5.972387313842773,7.461507797241211,10.562309646606453
15750,5.7985034793607415,2.402576446533203,3.6329280853271486,4.219424438476563,5.095554351806641,5.674400329589844,6.260555267333984,7.664340972900383,10.658732604980477,5.319705033108058,-10.047050476074219,0.3588417053222657,2.8900070190429688,4.590245246887207,5.383632659912109,6.061174392700195,7.479238510131836,10.697516441345224
15800,5.88574862879323,2.6414451599121094,3.821668167114258,4.351406097412109,5.201236724853516,5.768138885498047,6.322301864624023,7.808534240722653,10.714932785034181,5.417163091139974,-9.015678405761719,0.6607833862304688,3.0713119506835938,4.69661808013916,5.481075286865234,6.128705978393555,7.504232406616211,10.645893096923832
15850,5.9509215130629824,2.98583984375,3.9461801147460935,4.47307014465332,5.267824172973633,5.838474273681641,6.371417999267578,7.8362289428710925,10.850641860961916,5.4938101371551635,-7.609519958496094,1.0197376251220704,3.156400680541992,4.80412483215332,5.560920715332031,6.173908233642578,7.570064544677734,10.718664360046395
15900,6.0009111267057405,3.132537841796875,4.0829091644287105,4.582582092285157,5.345760345458984,5.892963409423828,6.394205093383789,7.780442428588862,10.653112258911136,5.554231804480503,-6.342414855957031,1.2417207717895509,3.3161964416503906,4.888271331787109,5.621515274047852,6.204022407531738,7.575458526611328,10.667875862121583
15950,6.044970827916186,3.2793197631835938,4.179613952636719,4.679758834838867,5.424909591674805,5.9320068359375,6.415657043457031,7.834560775756835,10.423633041381843,5.604118367775172,-4.896636962890625,1.430857086181641,3.46761417388916,4.953646659851074,5.662872314453125,6.237645149230957,7.608828544616699,10.467516708374037
16000,6.083349091050601,3.374561309814453,4.296233749389648,4.768495178222656,5.492319107055664,5.976413726806641,6.44549560546875,7.759308624267575,10.357031707763682,5.645906706461027,-4.345909118652344,1.6846023559570313,3.545013427734375,5.025556564331055,5.704750061035156,6.265721321105957,7.623200416564941,10.338841629028323
16050,6.114047092799648,3.45416259765625,4.386543045043945,4.857328796386719,5.56281852722168,6.013130187988281,6.473512649536133,7.758470535278319,10.218492736816406,5.682969241289226,-3.9756546020507812,1.7661861419677733,3.6773014068603516,5.083520889282227,5.751516342163086,6.297142028808594,7.537958145141602,10.113014984130865
16100,6.1388003065204035,3.518962860107422,4.478608856201172,4.934925842285156,5.6187591552734375,6.054775238037109,6.4957427978515625,7.697461700439451,9.9503451538086,5.7190801192799485,-3.7542190551757812,1.8602996826171876,3.7961549758911133,5.135124206542969,5.7895965576171875,6.308988571166992,7.4732818603515625,10.004375076293945
16150,6.160356691407612,3.5717926025390625,4.556544189453125,4.980377960205078,5.662012100219727,6.08514404296875,6.506523132324219,7.594965362548828,9.639346389770514,5.752994361009912,-3.5357589721679688,2.0123300552368164,3.8834524154663086,5.1997175216674805,5.831642150878906,6.322249412536621,7.439713478088379,9.79056434631349
16200,6.1838237074122855,3.6600112915039062,4.601354064941407,5.0442157745361325,5.709466934204102,6.124156951904297,6.52117919921875,7.543357467651366,9.526305160522462,5.787433853649392,-3.1497535705566406,2.1565763473510744,3.98123836517334,5.255801200866699,5.864187240600586,6.3435821533203125,7.355110168457031,9.47135696411133
16250,6.209675874286847,3.8032760620117188,4.677923965454101,5.09371337890625,5.7532501220703125,6.155818939208984,6.536474227905273,7.489146041870116,9.37502395629883,5.824248423020636,-2.4464759826660156,2.303542137145996,4.078875541687012,5.310857772827148,5.897075653076172,6.378537178039551,7.3127899169921875,9.28171558380127
16300,6.236024462223179,3.875213623046875,4.750297012329102,5.170571517944336,5.795978546142578,6.179359436035156,6.561443328857422,7.465302658081054,9.187023544311526,5.8623495179628,-1.5608177185058594,2.4739721298217776,4.196138381958008,5.361498832702637,5.930517196655273,6.4013519287109375,7.301907539367676,9.078743362426763
16350,6.265253016836555,3.9199142456054688,4.791204376220703,5.24463005065918,5.842611312866211,6.212551116943359,6.585428237915039,7.43455238342285,8.939764556884768,5.903765199034931,-0.8151512145996094,2.648048973083496,4.282986640930176,5.419861793518066,5.975198745727539,6.428840637207031,7.265093803405762,8.906026268005373
16400,6.29588355480785,3.9709625244140625,4.874303131103516,5.297590637207032,5.886495590209961,6.241725921630859,6.605201721191406,7.456439971923826,8.89100341796875,5.945535333453026,-0.8714714050292969,2.8604391098022464,4.372447967529297,5.4915771484375,6.0123443603515625,6.445857048034668,7.250696182250977,8.875517082214357
16450,6.327406936207573,3.9834861755371094,4.961138992309571,5.366340637207031,5.925954818725586,6.275783538818359,6.633121490478516,7.4016487121582015,8.84958351135254,5.987924815659991,-0.8328857421875,3.0092397689819337,4.449520111083984,5.537297248840332,6.046123504638672,6.473722457885742,7.257136344909668,8.822767639160158
16500,6.3594632438925265,4.016010284423828,5.030035934448242,5.432109451293945,5.978893280029297,6.303337097167969,6.664329528808594,7.415444946289062,8.810592727661135,6.0302405477288,-0.7132110595703125,3.1710500717163086,4.545774459838867,5.591971397399902,6.088462829589844,6.518436431884766,7.22835636138916,8.77494411468506
16550,6.393290325836903,4.039756774902344,5.067464904785156,5.506011581420898,6.017454147338867,6.342761993408203,6.690433502197266,7.4122566223144535,8.773322448730472,6.072983822837773,-0.5354270935058594,3.4109365463256838,4.648857116699219,5.63773250579834,6.130422592163086,6.554381370544434,7.2324113845825195,8.760478019714355
16600,6.428110996523088,4.065605163574219,5.118640899658203,5.5604595184326175,6.061185836791992,6.386486053466797,6.725751876831055,7.4059310913085925,8.715613784790042,6.1147641432948285,-0.35089111328125,3.559405708312988,4.726511001586914,5.687443733215332,6.170114517211914,6.588107109069824,7.246519088745117,8.803557395935064
16650,6.465668779404088,4.088092803955078,5.20938346862793,5.6112415313720705,6.091102600097656,6.429836273193359,6.760337829589844,7.447233200073242,8.657767028808596,6.156587250385561,-0.07392120361328125,3.716069984436035,4.808500289916992,5.732056617736816,6.207035064697266,6.624085426330566,7.263681411743164,8.783239555358895
16700,6.504766140344008,4.12615966796875,5.281888275146485,5.6599376678466795,6.133922576904297,6.471302032470703,6.796133041381836,7.4485939025878904,8.605787887573246,6.1982447181320595,0.115631103515625,3.7911222457885745,4.887177467346191,5.78176212310791,6.241559982299805,6.66541862487793,7.294262886047363,8.728353309631352
16750,6.54429746947642,4.209022521972656,5.363152313232422,5.6982261657714846,6.175670623779297,6.5091094970703125,6.828855514526367,7.486490249633788,8.51263626098633,6.240145241753919,0.16691207885742188,3.896889877319336,4.937071800231934,5.820509910583496,6.287174224853516,6.702217102050781,7.3419189453125,8.691236495971681
16800,6.583176099648983,4.310028076171875,5.401456146240235,5.753228759765625,6.217405319213867,6.540401458740234,6.877155303955078,7.534717178344725,8.587197875976567,6.279468907306602,0.19611740112304688,3.8762834548950194,5.004076957702637,5.868355751037598,6.324947357177734,6.733272552490234,7.377306938171387,8.6370122909546
16850,6.622692337766024,4.381965637207031,5.4619889831542965,5.803063201904297,6.261415481567383,6.576190948486328,6.912235260009766,7.556651687622067,8.667515563964848,6.318066560837803,0.24853134155273438,3.986604499816895,5.073657035827637,5.913437843322754,6.3592529296875,6.763556480407715,7.414597511291504,8.545123100280762
16900,6.663210864020192,4.462898254394531,5.527060165405273,5.852507019042969,6.3108978271484375,6.614677429199219,6.945444107055664,7.58606948852539,8.64318099975586,6.358660019588436,0.3211708068847656,4.0572309494018555,5.124336242675781,5.962180137634277,6.406452178955078,6.792253494262695,7.436745643615723,8.53108291625977
16950,6.703706741839876,4.566844940185547,5.577779541015625,5.897127532958985,6.350549697875977,6.652873992919922,6.98695182800293,7.653549194335937,8.697121887207032,6.400195243719238,0.4081764221191406,4.087680625915527,5.189560890197754,6.008708953857422,6.444696426391602,6.828132629394531,7.493609428405762,8.519944000244141
17000,6.742797904783761,4.749290466308594,5.638520202636719,5.946152877807617,6.392236709594727,6.689426422119141,7.018400192260742,7.713428115844725,8.727305221557618,6.441752468572624,0.515167236328125,4.131867980957031,5.255157470703125,6.05145263671875,6.478891372680664,6.854530334472656,7.547722816467285,8.585227203369142
17050,6.7834282899644185,4.873924255371094,5.7154804229736325,6.003180313110351,6.4305572509765625,6.723884582519531,7.05137825012207,7.736916732788085,8.794627227783202,6.484649066337237,0.6434173583984375,4.254488945007324,5.298415184020996,6.097923278808594,6.520565032958984,6.885712623596191,7.590052604675293,8.613231658935549
17100,6.825307002132192,5.030570983886719,5.78455451965332,6.0511116027832035,6.46954345703125,6.763690948486328,7.081579208374023,7.801900100708005,8.806269836425782,6.52759803139568,0.8391532897949219,4.317762184143066,5.361053466796875,6.138806343078613,6.560995101928711,6.924450874328613,7.638002395629883,8.688516426086426
17150,6.868799380916501,5.221160888671875,5.820960998535156,6.105242919921875,6.51542854309082,6.808189392089844,7.122894287109375,7.870342636108398,8.86116409301758,6.570025464637965,0.9683914184570312,4.401807403564453,5.421175003051758,6.190122604370117,6.600395202636719,6.962756156921387,7.682111740112305,8.735168075561525
17200,6.912995636732439,5.43927001953125,5.871614456176758,6.167082595825195,6.563037872314453,6.8539886474609375,7.163496017456055,7.907144165039061,8.929546279907226,6.6128818800463725,1.2262420654296875,4.489723777770996,5.472434997558594,6.236583709716797,6.638332366943359,6.99654483795166,7.711490631103516,8.785420227050784
17250,6.957392198621926,5.5383453369140625,5.935025329589844,6.219623565673828,6.603097915649414,6.887321472167969,7.191957473754883,8.010871505737304,9.015909423828127,6.654886340317978,1.4830589294433594,4.518470191955567,5.534306526184082,6.28598690032959,6.679897308349609,7.025721549987793,7.775769233703613,8.803523826599122
17300,7.0001124403054105,5.565715789794922,6.003548812866211,6.267633438110352,6.655817031860352,6.928356170654297,7.226032257080078,8.045218276977538,9.024185562133791,6.696909161945036,1.4041519165039062,4.58934383392334,5.560561180114746,6.335999488830566,6.7188873291015625,7.061923980712891,7.79886531829834,8.846489334106446
17350,7.043174189644356,5.563026428222656,6.083987426757813,6.328499221801758,6.69195556640625,6.975101470947266,7.26091194152832,8.079431533813477,9.080776214599611,6.739460995802844,1.3574485778808594,4.726628112792969,5.608757019042969,6.379645347595215,6.75761604309082,7.101039886474609,7.836460113525391,8.914692687988282
17400,7.087698163740374,5.604896545410156,6.1477516174316404,6.385765075683594,6.745077133178711,7.0129547119140625,7.303585052490234,8.12920799255371,9.116004409790042,6.782931963602702,1.4203376770019531,4.811458969116211,5.6736297607421875,6.423537254333496,6.800252914428711,7.139805793762207,7.913601875305176,8.957929801940919
17450,7.1342495764439136,5.6730804443359375,6.203713836669922,6.431366729736328,6.787271499633789,7.053836822509766,7.345802307128906,8.17303237915039,9.186960144042969,6.826988387099403,1.5471992492675781,4.835662078857422,5.744123458862305,6.465432167053223,6.838327407836914,7.175278663635254,7.9947967529296875,9.003155708312988
17500,-0.8610026086228912,-5.166216850280762,-3.269373173713684,-2.2056340932846066,-1.1724277138710022,-0.7399401664733887,-0.40701451897621155,0.05946661233901967,0.31850273609161384,-0.943099982120701,-5.5554890632629395,-3.34033682346344,-2.298590362071991,-1.2762483954429626,-0.8106957674026489,-0.47358956933021545,-0.005868852138519287,0.2711762428283692
17550,-0.4436283002595397,-6.968428611755371,-3.3469098472595213,-2.151638388633728,-0.8450350761413574,-0.2903919219970703,0.1305527687072754,0.710919952392577,1.175175971984864,-0.7420430227327633,-11.87667179107666,-4.514791059494018,-2.8895257115364075,-1.1750456094741821,-0.5008845329284668,-0.02582550048828125,0.5356462001800537,0.9985939025878908
17600,0.1770417005370153,-5.015110015869141,-3.121047286987305,-1.926290512084961,-0.6152000427246094,0.2422771453857422,1.029942512512207,2.0575021743774413,3.0614778900146518,-0.050835613912189846,-17.439868927001953,-3.8201016426086425,-2.386399745941162,-0.8241147994995117,0.03225898742675781,0.8494267463684082,1.9147005081176758,2.8739933967590354
17650,2.4017458116631225,-2.0784950256347656,-0.2595696258544922,0.5176387786865235,1.5920352935791016,2.4053878784179688,3.145660400390625,4.282454299926758,5.28362777709961,1.9782448397686074,-15.896443367004395,-2.164044952392578,-0.573491096496582,1.1350374221801758,2.0802669525146484,2.9575376510620117,4.221677780151367,5.308912658691408
17700,4.388288164911769,1.1143569946289062,2.0957416534423827,2.7005107879638675,3.5377349853515625,4.235504150390625,4.96837043762207,6.609373474121093,9.253339996337894,3.8309371940134436,-20.764068603515625,-1.8116460800170895,0.9077367782592773,2.9741077423095703,3.9276809692382812,4.812167167663574,6.426203727722168,8.919335556030287
17750,5.156689541725728,2.43719482421875,3.012154846191406,3.533213424682617,4.295658111572266,4.9228973388671875,5.660196304321289,7.784288024902341,10.504626922607423,4.550344401625424,-21.975318908691406,-1.9104007720947265,1.4935226440429688,3.6995010375976562,4.62945556640625,5.481000900268555,7.483948707580566,10.107864379882821
17800,5.4779101657385905,2.8830032348632812,3.4561227416992186,3.909166717529297,4.652462005615234,5.2456512451171875,5.923641204833984,8.012371063232422,10.79601745605469,4.860735465227776,-22.266380310058594,-2.028887176513672,1.8623523712158203,4.04246711730957,4.942005157470703,5.764228820800781,7.8501996994018555,10.644781875610361
17850,5.645159929951169,3.0069351196289062,3.742642059326172,4.15484390258789,4.866329193115234,5.429859161376953,6.069904327392578,7.947460174560543,10.96412536621094,5.023313134518069,-21.59296417236328,-1.6410785675048827,2.0905532836914062,4.255964279174805,5.119335174560547,5.92193603515625,7.8224334716796875,10.644131088256838
17900,5.741501658386668,3.1231536865234375,3.886163635253906,4.326543807983398,5.007648468017578,5.564079284667969,6.147804260253906,7.843956756591796,10.903929138183594,5.124874860227762,-20.20441436767578,-1.5262317657470703,2.220696449279785,4.419424057006836,5.238191604614258,6.006195068359375,7.671842575073242,10.309873580932623
17950,5.80550231041504,3.221649169921875,3.988831253051758,4.444668960571289,5.110683441162109,5.645782470703125,6.21142578125,7.761865234374995,10.570717163085943,5.19791062909409,-18.788616180419922,-1.0845233917236325,2.439467430114746,4.549520492553711,5.323022842407227,6.053788185119629,7.580480575561523,10.006824493408207
18000,5.854232246749679,3.3348388671875,4.119847640991211,4.549186706542969,5.1946258544921875,5.707489013671875,6.250205993652344,7.7268104553222585,10.13526840209961,5.258829885030781,-16.958629608154297,-1.1159034729003903,2.5885305404663086,4.645770072937012,5.399467468261719,6.104962348937988,7.536931991577148,9.64445114135744
18050,5.9016462321487975,3.465484619140625,4.2046377563476565,4.647740173339844,5.293001174926758,5.763679504394531,6.314065933227539,7.668930816650382,9.76619613647461,5.317159070303116,-14.573192596435547,-0.6235456466674804,2.6972808837890625,4.72930908203125,5.467475891113281,6.138919830322266,7.466196060180664,9.370348167419433
18100,5.948737175642668,3.6232223510742188,4.318123474121093,4.747852325439453,5.358425140380859,5.836280822753906,6.369609832763672,7.572126007080078,9.313713684082032,5.373856056340401,-12.767414093017578,-0.21238365173339835,2.843425750732422,4.80678653717041,5.529514312744141,6.190213203430176,7.457487106323242,9.030148124694826
18150,5.993792437315937,3.815448760986328,4.409788284301758,4.838365173339843,5.432867050170898,5.893890380859375,6.4084014892578125,7.504258346557616,8.818032379150404,5.428004674610836,-12.989410400390625,0.10446147918701175,2.9695520401000977,4.887436866760254,5.601812362670898,6.239641189575195,7.389016151428223,8.723764038085946
18200,6.0343731097835445,4.034297943115234,4.523881607055664,4.918183135986328,5.505048751831055,5.950447082519531,6.448698043823242,7.488731765747071,8.560413513183597,5.478980512007559,-13.213951110839844,0.4925107955932618,3.1126651763916016,4.963109970092773,5.656360626220703,6.282147407531738,7.316730499267578,8.416388893127442
18250,6.0727180939166745,4.055019378662109,4.646243591308593,4.9955291748046875,5.579076766967773,6.0074310302734375,6.481025695800781,7.413006973266599,8.30942970275879,5.526725129206215,-13.430316925048828,0.715425491333008,3.2417516708374023,5.016582489013672,5.70359992980957,6.318294525146484,7.2499237060546875,8.241659545898441
18300,6.1088220827952675,4.101245880126953,4.717745819091797,5.063459014892578,5.646554946899414,6.0589599609375,6.509557723999023,7.342946243286132,8.11754898071289,5.571176184351208,-13.334770202636719,0.8092950820922853,3.3378868103027344,5.077424049377441,5.755380630493164,6.360021591186523,7.230391502380371,8.111597824096684
18350,-2.665797496519917,-11.864171028137207,-10.144217128753661,-7.414901399612427,-3.4915387630462646,-2.088008403778076,-1.2270946502685547,-0.25990610122680785,0.5221670055389405,-2.7358569270366058,-12.059514999389648,-10.224614477157592,-7.541309356689453,-3.570832908153534,-2.1199166774749756,-1.2649704217910767,-0.3215372562408447,0.46465165615081794
18400,-0.5339055758919007,-4.658304214477539,-3.001748032569885,-2.0106388092041017,-0.8963794708251953,-0.40628767013549805,-0.04005002975463867,0.45908274650573677,0.8502092361450198,-0.6998109324705588,-6.534214496612549,-3.6285734295845034,-2.370199978351593,-1.0692903995513916,-0.5376200675964355,-0.15771186351776123,0.34459400177001953,0.7053322315216073
18450,-0.01647019912168253,-6.632232666015625,-4.343139915466309,-1.4212505340576171,-0.37712669372558594,0.09502410888671875,0.5198912620544434,1.2807956695556628,1.8342157745361334,-0.21728663025618528,-8.739288330078125,-5.2763170242309565,-1.964961051940918,-0.6033110618591309,-0.03137397766113281,0.40572333335876465,1.1232905387878418,1.8129820823669438
18500,-0.1430058845522047,-9.024665832519531,-6.209182014465332,-3.8816453933715813,-0.8030462265014648,0.04109954833984375,0.8542461395263672,2.222324752807617,3.3223171234130877,-0.4033373874254865,-10.196359634399414,-6.829258441925049,-4.660130977630615,-1.0246152877807617,-0.11168098449707031,0.717097282409668,2.051647186279297,3.041164970397951
18550,1.6758060130926005,-3.201488494873047,-0.8138582611083984,-0.0308040618896484,0.9288845062255859,1.7302017211914062,2.3852405548095703,3.4085910797119126,4.11487419128418,1.28867345881555,-12.892864227294922,-2.6080001831054687,-0.8129482269287109,0.5721378326416016,1.4056158065795898,2.132382392883301,3.093337059020996,3.9342128753662133
18600,2.627746107094851,-2.1689605712890625,0.07020706176757809,0.8761188507080079,1.9405479431152344,2.7069664001464844,3.2922706604003906,4.2412376403808585,5.117410888671876,2.126162762765212,-16.295032501220703,-2.7122278213500977,-0.3929271697998047,1.399216651916504,2.3610992431640625,3.0807838439941406,4.00411319732666,4.946696472167971
18650,3.3444005219568256,-1.1681976318359375,0.9806082153320312,1.6593475341796875,2.6796646118164062,3.3752288818359375,4.012165069580078,4.975074386596678,5.928693923950196,2.7615947527451334,-14.458892822265625,-3.1133853912353513,-0.03073883056640625,2.063344955444336,3.018890380859375,3.8104000091552734,4.77155876159668,5.580925178527836
18700,3.865595789941549,-0.8955154418945312,1.5897624206542968,2.252557373046875,3.1897945404052734,3.8789749145507812,4.551639556884766,5.477165985107422,6.192526855468751,3.2260812292528036,-15.090389251708984,-3.428893661499023,0.2989368438720703,2.537609100341797,3.531078338623047,4.305431365966797,5.256750106811523,5.952088928222657
18750,4.2175492310251546,-0.5221710205078125,2.055317230224609,2.6368797302246096,3.545787811279297,4.22503662109375,4.904083251953125,5.720854949951171,6.465500793457032,3.5492636673508744,-16.04560089111328,-3.6216678619384766,0.5936908721923828,2.8972301483154297,3.8834228515625,4.649618148803711,5.6087188720703125,6.202058792114258
18800,4.457141610621266,-0.1730804443359375,2.3363482666015627,2.9033576965332033,3.7961997985839844,4.475799560546875,5.110054016113281,5.926676177978515,6.639922485351566,3.781772561500649,-16.750076293945312,-3.458782196044921,0.7703495025634766,3.1462345123291016,4.142738342285156,4.865705490112305,5.809852600097656,6.421646881103516
18850,4.62371249253402,0.14653778076171875,2.5789120483398436,3.0860328674316406,3.9794921875,4.642997741699219,5.2646331787109375,6.070410156249999,6.840023498535157,3.952027432681228,-17.105880737304688,-3.2445587158203115,0.9890556335449219,3.3216514587402344,4.298656463623047,5.016252517700195,5.938779830932617,6.589141464233399
18900,4.748265572820861,0.4800567626953125,2.719971160888672,3.2421028137207033,4.1309661865234375,4.781623840332031,5.369281768798828,6.156642150878906,6.9531324005126995,4.084659906131259,-17.191650390625,-2.8639415740966796,1.2333602905273438,3.4737319946289062,4.428291320800781,5.136508941650391,6.021633148193359,6.687495040893557
18950,4.848361829098254,0.9437484741210938,2.892417144775391,3.3776229858398437,4.236598968505859,4.879035949707031,5.442272186279297,6.244960784912109,7.098155212402347,4.1954796845466165,-17.13898468017578,-2.7036399841308594,1.4444541931152344,3.599781036376953,4.5433197021484375,5.221708297729492,6.111640930175781,6.831085968017581
19000,4.93392821572228,1.5250778198242188,3.0381915283203127,3.502820587158203,4.3310394287109375,4.955177307128906,5.51031494140625,6.299336242675781,7.127590484619145,4.294143786212463,-16.895896911621094,-2.4072700500488278,1.5163955688476562,3.717557907104492,4.632545471191406,5.302944183349609,6.200138092041016,6.893471717834473
19050,5.007397734038601,2.0697708129882812,3.1339036560058595,3.6298812866210937,4.412738800048828,5.019721984863281,5.566154479980469,6.368214416503906,7.145994415283203,4.381362949497008,-16.563201904296875,-1.947774887084961,1.6610870361328125,3.8050079345703125,4.704017639160156,5.356542587280273,6.2487335205078125,6.968144989013672
19100,5.069554138589089,2.4725341796875,3.2350120544433594,3.708415985107422,4.491298675537109,5.080085754394531,5.621242523193359,6.4319313049316404,7.140142517089846,4.455986677650184,-16.288719177246094,-1.7468746185302735,1.710693359375,3.893587112426758,4.762905120849609,5.414106369018555,6.276712417602539,7.008802223205569
19150,5.126027892125657,2.591888427734375,3.324773406982422,3.7990699768066407,4.5543060302734375,5.138458251953125,5.66363525390625,6.44779052734375,7.127844390869141,4.525069315468129,-15.772918701171875,-1.5763996124267576,1.8179378509521484,3.974813461303711,4.837337493896484,5.458011627197266,6.319908142089844,7.060151290893557
19200,5.180614676210685,2.6761856079101562,3.426657867431641,3.876276397705078,4.627567291259766,5.1889801025390625,5.69647216796875,6.4705657958984375,7.147689971923829,4.589866858444187,-15.111610412597656,-1.3777973175048828,1.8982257843017578,4.034486770629883,4.8934783935546875,5.503728866577148,6.348697662353516,7.068910217285157
19250,5.235909231096197,2.73345947265625,3.5336923217773437,3.9550445556640623,4.693389892578125,5.254081726074219,5.742286682128906,6.532166290283201,7.12045150756836,4.652751423305034,-14.449974060058594,-1.1614913940429688,1.987863540649414,4.105825424194336,4.956546783447266,5.555534362792969,6.375102996826172,7.065425491333008
19300,5.2939885119443995,2.8408355712890625,3.626966094970703,4.050372314453125,4.754539489746094,5.2957916259765625,5.792987823486328,6.589204406738281,7.138671722412109,4.714869642781316,-13.657844543457031,-1.0806110382080074,2.0894622802734375,4.185613632202148,5.007923126220703,5.598112106323242,6.423370361328125,7.07304801940918
19350,5.352061011897038,2.9425582885742188,3.690318908691406,4.135826873779297,4.819286346435547,5.3419036865234375,5.852378845214844,6.652523803710934,7.223537979125977,4.776634937898512,-12.983680725097656,-0.9614822387695311,2.1551361083984375,4.254721641540527,5.071414947509766,5.6551055908203125,6.480772018432617,7.08918037414551
19400,5.408776120305726,3.0470352172851562,3.8000477600097655,4.200646209716797,4.886409759521484,5.396217346191406,5.895435333251953,6.673297882080078,7.243753509521485,4.837661270211869,-12.178428649902344,-0.886768341064453,2.2419471740722656,4.31623649597168,5.12969970703125,5.709203720092773,6.5172882080078125,7.14890365600586
19450,5.462094875906428,3.1890411376953125,3.902351531982422,4.2749992370605465,4.9491424560546875,5.454559326171875,5.943737030029297,6.689434814453124,7.236842803955079,4.896376991880054,-11.299446105957031,-0.8617126464843748,2.3549270629882812,4.3959503173828125,5.184246063232422,5.755487442016602,6.543628692626953,7.167662429809571
19500,5.514166013629962,3.3378677368164062,3.9958285522460937,4.353318786621093,5.019306182861328,5.510993957519531,5.983707427978516,6.695500183105469,7.306484375000002,4.952566437378362,-10.442657470703125,-0.7172840118408202,2.4296703338623047,4.462957382202148,5.242809295654297,5.806301116943359,6.579679489135742,7.24925994873047
19550,5.565328109907464,3.48828125,4.084196472167969,4.414846801757813,5.077545166015625,5.561897277832031,6.020263671875,6.741896057128906,7.34942626953125,5.005895511925833,-9.587478637695312,-0.6155902862548828,2.4733104705810547,4.520393371582031,5.288623809814453,5.856121063232422,6.58506965637207,7.303802490234375
19600,5.616332201890542,3.622039794921875,4.142613372802734,4.485289001464844,5.138053894042969,5.612434387207031,6.070194244384766,6.7711235046386715,7.3819580078125036,5.058506137633045,-8.671577453613281,-0.5799598693847655,2.490873336791992,4.570865631103516,5.3385772705078125,5.90577507019043,6.626762390136719,7.328080368041993
19650,5.6680862909297245,3.7438888549804688,4.206666412353516,4.558339691162109,5.194282531738281,5.6656494140625,6.1152191162109375,6.783106231689452,7.414171905517582,5.110696440590978,-7.9856719970703125,-0.5041511535644531,2.5608463287353516,4.63160514831543,5.384853363037109,5.951633453369141,6.670005798339844,7.3818359375000036
19700,5.7200153278854655,3.7700729370117188,4.273535461425781,4.617133331298828,5.249259948730469,5.723564147949219,6.170902252197266,6.812710571289062,7.4508847045898445,5.161933312465061,-7.488563537597656,-0.41631240844726547,2.672689437866211,4.683332443237305,5.439319610595703,6.008237838745117,6.702348709106445,7.415582275390626
19750,5.771582537308165,3.8359909057617188,4.363497467041015,4.6785331726074215,5.301166534423828,5.7817230224609375,6.216503143310547,6.8405204772949215,7.451202850341798,5.211083300350999,-6.9555511474609375,-0.2805236816406249,2.7445735931396484,4.732881546020508,5.492206573486328,6.056989669799805,6.745460510253906,7.403952789306641
19800,5.824206189782322,3.9253692626953125,4.432259521484375,4.741096496582031,5.359157562255859,5.829437255859375,6.2647705078125,6.8679954528808596,7.480718994140626,5.260818412529422,-6.370216369628906,-0.1837581634521482,2.804899215698242,4.784395217895508,5.545921325683594,6.106359481811523,6.795047760009766,7.404090118408205
19850,5.876693964828179,4.0164337158203125,4.492406768798828,4.78759994506836,5.4156036376953125,5.88385009765625,6.323818206787109,6.915667724609374,7.4840089416503925,5.3105693442830795,-5.679023742675781,-0.05967178344726559,2.8731956481933594,4.834941864013672,5.586620330810547,6.157278060913086,6.842599868774414,7.416997909545898
19900,5.928836176758461,4.070159912109375,4.56705307006836,4.858847808837891,5.471279144287109,5.938865661621094,6.376228332519531,6.967655181884766,7.5307150268554715,5.360240299820774,-5.425346374511719,-0.108170700073242,2.938333511352539,4.8839569091796875,5.634254455566406,6.202676773071289,6.887445449829102,7.430470275878908
19950,5.980370303845107,4.081878662109375,4.626188049316406,4.930366516113281,5.522621154785156,5.987266540527344,6.42144775390625,7.009268951416013,7.561027221679688,5.40929844444456,-5.0883331298828125,-0.066272735595703,3.0055713653564453,4.924102783203125,5.672351837158203,6.254646301269531,6.931613922119141,7.456582641601564
20000,6.031980876937813,4.099769592285156,4.6840576171875,4.987897491455078,5.580173492431641,6.043128967285156,6.475124359130859,7.047515869140625,7.577106933593751,5.458644718301241,-4.812896728515625,-0.03253402709960921,3.039945602416992,4.984409332275391,5.727092742919922,6.300546646118164,6.981285095214844,7.470885467529297
20050,6.084517700698126,4.1300201416015625,4.735040588378906,5.057149505615234,5.636753082275391,6.0952301025390625,6.523662567138672,7.0913330078125,7.587808380126954,5.50742143339778,-4.931419372558594,0.0828948974609379,3.031963348388672,5.031240463256836,5.78564453125,6.351110458374023,7.027584075927734,7.4738815307617195
20100,-29.597060998069647,-156.6660614013672,-146.99753479003905,-80.48694610595703,-37.68591499328613,-21.49359130859375,-11.927886962890625,-2.8364677429199245,6.751846008300783,-29.23369568187296,-158.0955352783203,-143.90624084472657,-78.70081901550293,-37.465057373046875,-21.32268524169922,-12.161497116088867,-2.442300796508789,6.6434539794921905
20150,-0.7676565125762798,-5.39924430847168,-3.0736643791198732,-2.1996848344802857,-1.108951449394226,-0.6386755704879761,-0.26832669973373413,0.18825454711913936,0.4981985807418826,-0.9080479886043675,-6.085397720336914,-3.4489219069480894,-2.4359312057495117,-1.2672269344329834,-0.7647545337677002,-0.3686791956424713,0.07579377293586731,0.37293225526809715
20200,-0.8952140767555936,-7.9867143630981445,-4.771171340942383,-3.078715419769287,-1.3819622993469238,-0.6660528182983398,-0.13495087623596191,0.424072456359863,0.867566785812378,-1.108995559470602,-11.54926586151123,-5.6128781080245975,-3.5640558004379272,-1.6155235767364502,-0.822319507598877,-0.25022995471954346,0.320662260055542,0.8303446292877231
20250,-0.030367461094791635,-11.338268280029297,-4.753319244384766,-2.816434097290039,-0.8685932159423828,-0.01276397705078125,0.8106822967529297,2.542141723632812,4.303036575317384,-0.37290829274403553,-24.112977981567383,-7.66073408126831,-3.885146141052246,-1.1518216133117676,-0.162567138671875,0.6893010139465332,2.4096550941467285,4.1386892318725605
20300,0.9254906750916484,-4.952018737792969,-1.6290957641601562,-0.6883808135986328,0.3040337562561035,0.9031448364257812,1.4993057250976562,2.5301059722900385,3.8014096069335954,0.6375748199053449,-12.590104103088379,-2.988477611541748,-1.3717551231384277,0.009314537048339844,0.6947097778320312,1.3697404861450195,2.4032034873962402,3.7017422676086467
20350,2.076092772239261,-2.7335739135742188,-0.6572727966308594,0.1001517295837403,1.2128524780273438,1.9880218505859375,2.857339859008789,4.247278594970703,5.930192337036138,1.6451949296249297,-18.92738151550293,-2.5122205734252927,-0.8105230331420898,0.7474174499511719,1.6686878204345703,2.61013126373291,3.978940010070801,5.574841880798345
20400,2.9860289039175907,-0.9483604431152344,0.12375968933105466,0.9408950805664062,2.0724849700927734,2.9114532470703125,3.8076133728027344,5.237616729736327,6.6784791564941415,2.478197081393905,-12.621416091918945,-2.4633571624755857,-0.2911367416381836,1.4654693603515625,2.557147979736328,3.569552421569824,4.973511695861816,6.563788986206057
20450,3.677061025683879,-0.4735107421875,1.0315940856933594,1.6885337829589844,2.7640953063964844,3.6225318908691406,4.491323471069336,5.81320343017578,7.291426696777346,3.1129935099391957,-12.689468383789062,-2.174203491210937,0.04243659973144531,2.143129348754883,3.2479381561279297,4.286734580993652,5.639274597167969,7.176119995117188
20500,4.173738651442902,0.7452545166015625,1.6525218200683593,2.2523315429687503,3.3099136352539062,4.1395111083984375,4.941980361938477,6.220275878906248,7.676565551757815,3.572752466786216,-13.449613571166992,-2.0549606323242187,0.3456859588623047,2.663163185119629,3.7664947509765625,4.744804382324219,6.060239791870117,7.554862976074219
20550,4.548195265405773,1.2270050048828125,2.0071546936035154,2.7002841949462892,3.714160919189453,4.508644104003906,5.300802230834961,6.4918888092041005,8.156824340820314,3.9252492250637765,-13.849407196044922,-2.083581161499023,0.682891845703125,3.043354034423828,4.15721321105957,5.070365905761719,6.400887489318848,7.8686454772949235
20600,4.824031327526651,1.619293212890625,2.351470260620117,2.9996265411376952,4.026603698730469,4.7809906005859375,5.521100997924805,6.72472915649414,8.396941986083986,4.186674149459531,-11.954635620117188,-2.0942352294921873,0.9695243835449219,3.3072433471679688,4.420061111450195,5.309787750244141,6.625070571899414,8.238096046447756
20650,5.029326445746542,1.8540420532226562,2.5862371826171873,3.241680145263672,4.236774444580078,4.9923095703125,5.697345733642578,6.917786407470703,8.623517684936525,4.389139134876279,-8.58090591430664,-2.0451684951782227,1.1723880767822266,3.5495834350585938,4.621479034423828,5.482940673828125,6.741033554077148,8.789776992797862
20700,5.192355538377602,1.9777603149414062,2.7814964294433593,3.449659729003906,4.405401229858398,5.131072998046875,5.8426055908203125,7.041136932373046,9.142999954223644,4.5518820864319,-6.929862976074219,-1.8729297637939453,1.3862857818603516,3.7370567321777344,4.784168243408203,5.607705116271973,6.959358215332031,9.237174797058106
20750,5.327662921857872,2.1150054931640625,3.0092700958251952,3.629376220703125,4.550901412963867,5.274696350097656,5.929470062255859,7.181941986083983,9.623538818359377,4.691475265211051,-7.494056701660156,-1.5868053436279295,1.4731292724609375,3.8970556259155273,4.927936553955078,5.717765808105469,7.123910903930664,9.552043533325204
20800,5.443690789369962,2.2815628051757812,3.1661258697509767,3.7878826141357425,4.673067092895508,5.366058349609375,6.016017913818359,7.376169967651365,9.742834014892587,4.811080242106985,-7.840827941894531,-1.5704853057861328,1.6741046905517578,4.036894798278809,5.02900505065918,5.796236991882324,7.251389503479004,9.8937900543213
20850,5.551718812466555,2.4035377502441406,3.3601216888427734,3.9258106231689456,4.794851303100586,5.456733703613281,6.101543426513672,7.542320632934561,9.844599838256837,4.919243011582712,-8.034198760986328,-1.6821298599243162,1.8265209197998047,4.143894195556641,5.110620498657227,5.881760597229004,7.383378028869629,10.272529029846195
20900,5.655031548894659,2.484760284423828,3.5397257232666015,4.066291046142578,4.909540176391602,5.557502746582031,6.166889190673828,7.696762847900389,10.087729568481446,5.020303214732274,-8.212135314941406,-1.5306488037109374,1.8979167938232422,4.256626129150391,5.1962738037109375,5.951610565185547,7.532992362976074,10.539873695373537
20950,5.758272651025598,2.659343719482422,3.685858688354492,4.199748992919922,5.018918991088867,5.644824981689453,6.237039566040039,7.772264099121091,10.438410110473644,5.123543192383418,-8.398750305175781,-1.499333572387695,2.1074419021606445,4.369551658630371,5.27629280090332,6.019842147827148,7.647172927856445,10.757320404052734
21000,5.858060283797743,2.9803009033203125,3.818710708618164,4.3275703430175785,5.114114761352539,5.730869293212891,6.315578460693359,7.956339645385739,10.68117370605469,5.221902553384033,-8.591236114501953,-1.5809581756591795,2.2939939498901367,4.476326942443848,5.361061096191406,6.10018253326416,7.755593299865723,10.805103874206543
21050,5.958619363314922,3.3678359985351562,3.934459533691406,4.475833511352539,5.219659805297852,5.805961608886719,6.379619598388672,8.066487884521484,10.95954093933106,5.3202513216068,-8.635147094726562,-1.41702880859375,2.4123764038085938,4.601222991943359,5.453136444091797,6.163442611694336,7.869363784790039,10.918688201904299
21100,6.05051740635718,3.5613021850585938,4.06725845336914,4.593515396118164,5.325531005859375,5.891937255859375,6.46418571472168,8.199613952636716,11.079966278076174,5.415965508282966,-8.647899627685547,-1.1544584274291991,2.560927391052246,4.728002548217773,5.546741485595703,6.237758636474609,7.960024833679199,10.978900527954103
21150,6.133031528299551,3.6854782104492188,4.159665298461914,4.694701766967773,5.425683975219727,5.957221984863281,6.540218353271484,8.273694610595701,11.04195068359375,5.509649590908785,-8.614585876464844,-0.9801494598388671,2.6738014221191406,4.836692810058594,5.631816864013672,6.31789493560791,8.026643753051758,11.072268867492681
21200,6.210969982202972,3.7610549926757812,4.282699813842774,4.803406524658203,5.511283874511719,6.017646789550781,6.613048553466797,8.339385604858398,11.149670486450207,5.600854395299865,-8.55294418334961,-0.587594985961914,2.820010185241699,4.92642879486084,5.718332290649414,6.382242202758789,8.09400463104248,11.044488906860359
21250,6.288179016924271,3.8609161376953125,4.372041320800781,4.895175933837891,5.600484848022461,6.093891143798828,6.679740905761719,8.40075607299804,11.1707772064209,5.689783683449843,-8.463668823242188,-0.30160980224609363,2.987428665161133,5.017431259155273,5.7958526611328125,6.439884185791016,8.225622177124023,10.967638397216797
21300,6.3629489090732205,3.735382080078125,4.483824310302734,4.971782302856445,5.6829376220703125,6.168571472167969,6.752044677734375,8.474324798583984,11.209997787475587,5.775848362321681,-8.358776092529297,0.014102745056152343,3.177366256713867,5.113748550415039,5.856042861938477,6.51295280456543,8.279317855834961,11.117969894409182
21350,6.42894559257562,3.6815338134765625,4.5918980407714844,5.053049850463867,5.756008148193359,6.243076324462891,6.805051803588867,8.579764556884763,11.076557388305666,5.858445747583588,-7.669059753417969,0.3106834411621095,3.362977981567383,5.198747634887695,5.930816650390625,6.582863807678223,8.324200630187988,11.173409271240244
21400,6.489909908285553,3.7544937133789062,4.692468490600586,5.131385040283203,5.820110321044922,6.3231964111328125,6.863643646240234,8.556357574462888,11.093585510253906,5.938192309448156,-7.0678863525390625,0.6719745635986328,3.5435285568237305,5.273227691650391,5.996683120727539,6.649114608764648,8.290724754333496,11.240100097656253
21450,6.548079399678607,3.8931846618652344,4.787469177246094,5.202844619750977,5.886640548706055,6.394199371337891,6.933727264404297,8.589128112792968,11.036915969848634,6.0118548389533455,-6.292041778564453,0.8802341461181642,3.703439712524414,5.348756790161133,6.070337295532227,6.7006988525390625,8.320623397827148,11.236385154724129
21500,6.6049051561033725,4.093212127685547,4.874774551391601,5.282769012451172,5.956319808959961,6.46490478515625,7.004728317260742,8.556509780883788,10.866477279663089,6.079409769904812,-6.337497711181641,1.3164907455444337,3.8529863357543945,5.417789459228516,6.134897232055664,6.750319480895996,8.34206485748291,11.072695732116701
21550,6.66023499465768,4.338764190673828,4.947313690185547,5.360284423828125,6.0160064697265625,6.530246734619141,7.064064025878906,8.513963317871093,10.777677993774414,6.145000011499495,-5.921230316162109,1.645304298400879,3.944514274597168,5.489114761352539,6.187543869018555,6.801126480102539,8.365870475769043,10.97660312652588
21600,6.716726481518529,4.419078826904297,5.002231292724609,5.450683975219727,6.09687614440918,6.593994140625,7.112207412719727,8.513411712646482,10.580719604492192,6.211598336844422,-5.109748840332031,1.8666437149047852,4.08233642578125,5.569127082824707,6.246513366699219,6.854974746704102,8.394303321838379,10.721781158447273
21650,6.770600147840351,4.470924377441406,5.0485502624511716,5.536549758911133,6.16621208190918,6.653430938720703,7.155483245849609,8.543766021728516,10.399708862304692,6.278115588386473,-3.8306121826171875,2.1402320861816406,4.226706504821777,5.645812034606934,6.316753387451172,6.914528846740723,8.399593353271484,10.411973571777349
21700,6.822267656024707,4.4886932373046875,5.131725463867188,5.613099670410156,6.243520736694336,6.711212158203125,7.201250076293945,8.55828514099121,10.271417007446292,6.345915971729632,-2.7349929809570312,2.4270606994628907,4.282314300537109,5.728180885314941,6.38475227355957,6.968016624450684,8.378302574157715,10.301934432983401
21750,6.880239798418867,4.463775634765625,5.2187432861328125,5.683602905273437,6.328001022338867,6.774463653564453,7.248760223388672,8.577744293212884,10.260214462280274,6.420004480154515,-2.3145484924316406,2.756381797790527,4.390872955322266,5.825418472290039,6.454368591308594,7.033914566040039,8.377557754516602,10.259713172912603
21800,6.93664263791934,4.573524475097656,5.338173751831055,5.7808483123779295,6.408164978027344,6.840690612792969,7.292842864990234,8.534385108947749,10.19843399047852,6.491732435871683,-1.7747840881347656,2.9765123367309574,4.49140739440918,5.9070281982421875,6.531379699707031,7.097221374511719,8.346318244934082,10.239736557006841
21850,6.9938028205305915,4.692771911621094,5.408373718261719,5.856240844726562,6.485729217529297,6.913970947265625,7.339572906494141,8.520028686523437,10.133444671630862,6.561712860934413,-1.083038330078125,3.1510868072509766,4.607187271118164,5.974738121032715,6.609401702880859,7.172061920166016,8.35978889465332,10.083221817016609
21900,-0.9917015129189969,-7.078476905822754,-4.096486549377442,-2.43411545753479,-1.3963319063186646,-0.861893892288208,-0.4257315397262573,0.10427234172821033,0.49418684005737457,-1.099686764864224,-14.246660232543945,-4.377251148223877,-2.6682453751564026,-1.5043054223060608,-0.9530903100967407,-0.498185396194458,0.048790931701660156,0.43382554054260497
21950,0.49252120047657216,-4.732760429382324,-1.953131866455078,-1.0937685012817382,-0.19707822799682617,0.4166717529296875,1.0763225555419922,2.4495929718017564,3.6817297744750985,0.20047477851554177,-7.826500415802002,-3.516081523895264,-1.7982845306396484,-0.46544694900512695,0.2184467315673828,0.8961567878723145,2.2921667098999023,3.3060503005981445
22000,0.20457871708501185,-12.45448112487793,-6.062047004699707,-4.045062255859375,-1.0689201354980469,0.28529930114746094,1.5972461700439453,4.081895446777339,5.78143196105957,-0.05975095270544006,-16.48940658569336,-6.969336128234863,-4.549417495727539,-1.418043613433838,0.0641622543334961,1.4403209686279297,3.9309511184692383,5.496985626220704
22050,2.3861329861533727,-2.254322052001953,-0.2658153533935547,0.4506381988525391,1.4302425384521484,2.308483123779297,3.2756423950195312,4.57132987976074,5.626932296752932,2.0420663810308377,-6.247418403625488,-1.5754281044006349,-0.3268089294433594,1.0226421356201172,2.026865005493164,3.0888118743896484,4.452729225158691,5.538333129882814
22100,3.1916046963706157,-0.5023689270019531,0.6045298767089843,1.257025909423828,2.350290298461914,3.1579666137695312,3.9972190856933594,5.221437835693358,6.368775253295901,2.7676927277351835,-8.704360961914062,-1.6135536193847655,0.2657747268676758,1.7761402130126953,2.861309051513672,3.830780029296875,5.099132537841797,6.339636611938477
22150,3.6942644278926475,0.283538818359375,1.1670999145507812,1.7842498779296878,2.8709774017333984,3.6676368713378906,4.460363388061523,5.66217803955078,6.790359497070319,3.2257238037401255,-9.915349960327148,-1.4218915939331054,0.6355533599853516,2.2718896865844727,3.3591651916503906,4.301586151123047,5.510588645935059,6.588783645629884
22200,4.085523581523829,0.7680740356445312,1.644292678833008,2.273147201538086,3.288301467895508,4.040889739990234,4.826765060424805,6.003572845458982,7.113884277343765,3.581253465253159,-10.120258331298828,-1.3155851364135742,0.9201278686523438,2.649418830871582,3.7622718811035156,4.665372848510742,5.856296539306641,6.980749893188477
22250,4.409882306482384,1.070343017578125,2.061656188964844,2.6640785217285154,3.628347396850586,4.354911804199219,5.096763610839844,6.354811096191406,7.564724578857424,3.8783613935329373,-9.867839813232422,-1.1550273895263672,1.1806221008300781,2.9478111267089844,4.079502105712891,4.940167427062988,6.135680198669434,7.296727371215823
22300,4.6588241613643016,1.3861122131347656,2.4407378387451173,2.9723087310791017,3.886157989501953,4.604732513427734,5.313678741455078,6.53984031677246,7.700626296997073,4.108310790675099,-9.356338500976562,-0.9811386108398437,1.374110221862793,3.213001251220703,4.308815002441406,5.142054557800293,6.357275009155273,7.551238441467286
22350,4.845556117738779,1.7001304626464844,2.7335192871093748,3.229558563232422,4.091823577880859,4.768516540527344,5.499670028686523,6.724603271484373,7.847381134033204,4.2800702903442165,-8.887065887451172,-0.8507560729980468,1.5436677932739258,3.4200315475463867,4.455959320068359,5.308846473693848,6.520181655883789,7.768317413330083
22400,4.986178087674966,1.9086112976074219,2.9080799865722655,3.3924354553222655,4.241844177246094,4.9173583984375,5.628391265869141,6.804250335693356,8.017865219116214,4.405792114711846,-8.459369659423828,-0.6612453460693359,1.587742805480957,3.5748376846313477,4.581613540649414,5.432727813720703,6.624712944030762,7.815780258178716
22450,5.090284696767028,2.1761207580566406,3.056238555908203,3.5527603149414064,4.352260589599609,5.011619567871094,5.726217269897461,6.853068923950195,8.036676330566413,4.498401164163988,-8.559314727783203,-0.46447792053222636,1.6870498657226562,3.6938095092773438,4.681791305541992,5.518435478210449,6.698461532592773,7.874109268188478
22500,5.16957192645249,2.3516616821289062,3.1757157897949218,3.667472076416016,4.436321258544922,5.090049743652344,5.798206329345703,6.891421890258789,8.109661560058594,4.569011817280806,-8.87399673461914,-0.2520750045776367,1.762624740600586,3.7729272842407227,4.748805999755859,5.578884124755859,6.745928764343262,7.850364303588868
22550,5.233521432341839,2.4041061401367188,3.213795471191406,3.7635776519775392,4.511722564697266,5.154151916503906,5.845401763916016,6.965434265136717,8.051664886474612,4.6250690341291385,-9.145740509033203,-0.25245246887207023,1.7805442810058594,3.8405818939208984,4.807292938232422,5.644924163818359,6.783659934997559,7.791804122924809
22600,5.2859281853669,2.4313812255859375,3.293659210205078,3.8393177032470702,4.575204849243164,5.211181640625,5.898866653442383,7.027747344970701,8.061593322753907,4.670663178241552,-9.306922912597656,-0.183104133605957,1.8182659149169922,3.888887405395508,4.853824615478516,5.693493843078613,6.833034515380859,7.737498855590824
22650,5.333209565684987,2.4903182983398438,3.3627445983886717,3.9067413330078127,4.622564315795898,5.257720947265625,5.928167343139648,7.047540664672851,7.926977996826173,4.711237895585863,-9.405757904052734,-0.10922870635986327,1.8726615905761719,3.9384946823120117,4.890789031982422,5.73781681060791,6.865299224853516,7.731957244873048
22700,5.378248147308081,2.5435791015625,3.4344329833984375,3.9602615356445314,4.672187805175781,5.308979034423828,5.958293914794922,7.080989837646484,7.873028106689455,4.747742123524432,-9.50735092163086,-0.1058900833129882,1.8641901016235352,3.9913482666015625,4.926565170288086,5.76654052734375,6.898214340209961,7.735735702514654
22750,5.424278248126222,2.5949020385742188,3.497062225341797,4.0064842224121096,4.724327087402344,5.344757080078125,5.993650436401367,7.138383483886718,7.929984436035159,4.784107947408668,-9.529285430908203,-0.01301422119140618,1.8927021026611328,4.02501106262207,4.965351104736328,5.804003715515137,6.951677322387695,7.777628898620606
22800,5.4731411696937595,2.6437225341796875,3.5690607452392578,4.073933410644531,4.7854461669921875,5.392292022705078,6.044605255126953,7.178937149047851,7.9013092041015645,4.820906890777253,-9.451225280761719,-0.06748218536376936,1.9113149642944336,4.074039459228516,5.006189346313477,5.8398284912109375,7.016873359680176,7.812622833251954
22850,5.523661921387367,2.6810836791992188,3.6287525939941405,4.134720230102539,4.840747833251953,5.4452667236328125,6.087917327880859,7.23054962158203,7.871538848876955,4.8570817196744995,-9.424812316894531,-0.16838283538818352,1.904404640197754,4.098193168640137,5.04571533203125,5.881714820861816,7.053216934204102,7.8369697570800785
22900,5.5766841585319975,2.72943115234375,3.7125962829589843,4.203793716430664,4.904018402099609,5.5040283203125,6.152534484863281,7.2677467346191404,7.87844078063965,4.894580955924272,-9.255084991455078,-0.2685121536254883,1.8917312622070312,4.15254020690918,5.091142654418945,5.924921035766602,7.117027282714844,7.8934051513671895
22950,5.633035283186256,2.78228759765625,3.786600875854492,4.280714797973633,4.960353851318359,5.5384979248046875,6.203828811645508,7.332379913330077,7.937293548583985,4.934924149656819,-9.02413558959961,-0.31162319183349607,1.8684673309326172,4.196144104003906,5.138040542602539,5.9756059646606445,7.171100616455078,7.913103485107426
23000,5.692216706408993,2.8156280517578125,3.8469045257568357,4.349652099609375,5.033252716064453,5.579498291015625,6.263561248779297,7.384245300292968,7.965644226074219,4.977127306941887,-8.795806884765625,-0.42159690856933585,1.835017204284668,4.2383575439453125,5.18531608581543,6.028112411499023,7.225350379943848,7.920348358154297
23050,5.752605040847003,2.8748703002929688,3.911377944946289,4.412569808959961,5.095615386962891,5.640617370605469,6.327033996582031,7.4320831298828125,8.056412353515626,5.0197683936351165,-8.558185577392578,-0.5010696411132812,1.779932975769043,4.27198600769043,5.241462707519531,6.080954551696777,7.2899017333984375,8.000339889526371
23100,5.814574470489607,2.9376678466796875,3.9802687072753904,4.485750961303711,5.153749465942383,5.700050354003906,6.400522232055664,7.495537567138672,8.113776245117188,5.063451463602723,-8.200180053710938,-0.5907463073730468,1.769866943359375,4.299903869628906,5.300619125366211,6.151584625244141,7.339001655578613,8.043302154541015
23150,5.878993979927203,2.9897994995117188,4.061460266113281,4.54748420715332,5.226650238037109,5.758174896240234,6.472511291503906,7.551100540161133,8.146460266113284,5.106183813178197,-7.641498565673828,-0.7219465255737304,1.7994194030761719,4.341952323913574,5.350561141967773,6.205948829650879,7.394968032836914,8.098983001708985
23200,5.9460272493750175,3.070556640625,4.132168579101562,4.6115154266357425,5.2943878173828125,5.830909729003906,6.543872833251953,7.6192138671875,8.238737640380862,5.1495050389083445,-7.101917266845703,-0.8696022033691405,1.7463674545288086,4.374399185180664,5.416467666625977,6.276772499084473,7.486186981201172,8.125328826904298
23250,6.0118333237176875,3.1513519287109375,4.2005884552001955,4.670039367675781,5.366128921508789,5.899250030517578,6.611492156982422,7.678060913085937,8.304512481689455,5.19003697097027,-6.858009338378906,-1.0969844818115233,1.7246360778808594,4.407955169677734,5.462697982788086,6.34385871887207,7.544563293457031,8.216332626342776
23300,6.076654421532372,3.2292098999023438,4.268678817749024,4.7326812744140625,5.42085075378418,5.965553283691406,6.679651260375977,7.748457717895507,8.37204231262207,5.229608514821575,-7.2595672607421875,-1.2399209976196286,1.7533273696899414,4.455079078674316,5.516328811645508,6.398837089538574,7.62578010559082,8.325797271728517
23350,6.140402301967762,3.3257369995117188,4.325234222412109,4.792562103271484,5.489063262939453,6.0421142578125,6.756809234619141,7.815676879882811,8.485164337158205,5.268880064420737,-7.47674560546875,-1.3663736343383788,1.7349357604980469,4.511150360107422,5.5787506103515625,6.463543891906738,7.673179626464844,8.393031883239749
23400,6.200332450005021,3.4216079711914062,4.396417388916015,4.859870147705078,5.549051284790039,6.101032257080078,6.806919097900391,7.868514633178708,8.552771072387696,5.307836121800011,-7.803638458251953,-1.546402549743652,1.7248573303222656,4.55253791809082,5.639917373657227,6.5276947021484375,7.72551155090332,8.431511688232426
23450,6.257904273729326,3.5127487182617188,4.471623382568359,4.918414306640625,5.609025955200195,6.160091400146484,6.8479766845703125,7.897070312499999,8.592727508544922,5.343263759200893,-8.468013763427734,-1.6455009460449217,1.6921873092651367,4.580905914306641,5.69683837890625,6.576769828796387,7.75004768371582,8.50356616973877
23500,6.315984198301357,3.5964126586914062,4.5462660980224605,4.984303283691406,5.6690216064453125,6.233062744140625,6.906774520874023,7.914111709594726,8.658875274658204,5.378265225460797,-9.093585968017578,-1.7191993713378906,1.6986913681030273,4.629347801208496,5.7480926513671875,6.6177167892456055,7.789217948913574,8.560366249084478
23550,6.371646704713049,3.6838912963867188,4.615457305908203,5.041952133178711,5.7327880859375,6.291339874267578,6.953216552734375,7.949388122558593,8.683437728881838,5.411848062156491,-9.766254425048828,-1.8895565032958983,1.6312837600708008,4.671253204345703,5.796592712402344,6.67357063293457,7.8354902267456055,8.669295692443848
23600,6.424484866241365,3.7443389892578125,4.669396057128906,5.094086456298828,5.787084579467773,6.356391906738281,6.99957275390625,7.993251800537109,8.754462203979493,5.445393529548064,-10.413524627685547,-2.02071533203125,1.6092529296875,4.713736534118652,5.850196838378906,6.728821754455566,7.882354736328125,8.731442260742188
23650,6.478709492314663,3.8065032958984375,4.728564453125,5.138766860961914,5.8481597900390625,6.413799285888672,7.045124053955078,8.010305023193359,8.76296974182129,5.4793547975902985,-10.853538513183594,-2.202295684814453,1.6012611389160156,4.747258186340332,5.901243209838867,6.770871162414551,7.900632858276367,8.765236473083498
23700,6.533630540388048,3.8700485229492188,4.775981140136719,5.195412826538086,5.900764465332031,6.4813079833984375,7.103368759155273,8.041728210449218,8.881605682373047,5.511022587342757,-11.386661529541016,-2.369312858581543,1.5972089767456055,4.773122787475586,5.946300506591797,6.809511184692383,7.94550895690918,8.848511505126954
23750,6.5888862457802535,3.9144210815429688,4.83649543762207,5.247281265258789,5.947349548339844,6.538490295410156,7.160724639892578,8.108478927612301,8.90399169921875,5.540978289478179,-11.677967071533203,-2.560430908203125,1.5897998809814453,4.801006317138672,5.991161346435547,6.85649299621582,7.988580703735352,8.89611339569092
23800,6.64359811503552,3.9698104858398438,4.882313766479492,5.310668182373047,6.009044647216797,6.6020965576171875,7.219493865966797,8.163703918457031,8.859333190917969,5.573143428325484,-12.32921028137207,-2.6824472427368162,1.5005979537963867,4.835568428039551,6.031206130981445,6.900936126708984,8.032638549804688,8.923397445678711
23850,6.697402945991656,3.9909820556640625,4.914719009399414,5.3513233184814455,6.0652923583984375,6.666107177734375,7.271062850952148,8.195740127563477,8.894219970703125,5.606147333024201,-12.633689880371094,-2.6189327239990234,1.4676809310913086,4.880441665649414,6.064630508422852,6.956075668334961,8.065496444702148,8.939482498168946
23900,6.751519872506755,4.058982849121094,4.972797241210937,5.415129470825195,6.121442794799805,6.7245025634765625,7.324636459350586,8.227748107910156,8.93929168701172,5.64311425685038,-13.24325180053711,-2.750895118713379,1.4315605163574219,4.912860870361328,6.10236930847168,6.995784759521484,8.112083435058594,8.944127655029298
23950,-3.178021254848046,-17.809066772460938,-11.409910926818847,-7.260066175460816,-4.443857192993164,-2.746229410171509,-1.549747347831726,-0.15492680072784437,0.9272050476074227,-3.2837060313253508,-23.957962036132812,-11.003105640411377,-7.332466959953308,-4.510558724403381,-2.8923858404159546,-1.6817363500595093,-0.20047610998153687,0.7487206816673296
24000,-0.6304957893873319,-6.10737419128418,-2.801524529457092,-1.8991519689559937,-0.9473081231117249,-0.5124845504760742,-0.1853165626525879,0.23068242073058934,0.4757832765579224,-0.7581584253290676,-6.971462249755859,-3.248480486869812,-2.1187681555747986,-1.0808854401111603,-0.6247962713241577,-0.27258801460266113,0.1151016354560852,0.3969094395637516
24050,-0.27373663873201093,-5.71107292175293,-2.0419947719573974,-1.282689666748047,-0.5733354091644287,-0.22513103485107422,0.10868501663208008,0.5345178604125976,0.8487595176696784,-0.4702570447886282,-11.469839096069336,-2.762486970424652,-1.6535742282867432,-0.7683707475662231,-0.37993574142456055,-0.047284841537475586,0.40622150897979736,0.7728781223297123
24100,-0.01026149262401166,-4.692147254943848,-2.1178087615966796,-1.2903917312622069,-0.42882823944091797,0.03657722473144531,0.4633932113647461,1.1086793899536127,1.5577730560302743,-0.23806389012405985,-11.500449180603027,-3.0539708018302916,-1.735659122467041,-0.6820921897888184,-0.1275787353515625,0.31685543060302734,1.0009007453918457,1.4853023529052736
24150,0.7238232379196616,-4.360374450683594,-2.476313018798828,-1.3090057373046875,0.036403656005859375,0.8055152893066406,1.4958534240722656,2.444942474365234,3.2097739410400394,0.4183932107431518,-14.32999038696289,-3.2556676864624023,-1.7996644973754883,-0.30145835876464844,0.5265274047851562,1.2915477752685547,2.3099546432495117,3.0377510070800793
24200,2.1028689907295983,-2.914043426513672,-0.4228378295898438,0.31519775390625016,1.3746967315673828,2.1077346801757812,2.8185272216796875,3.9043949127197264,4.755198745727539,1.6281254336295972,-9.679306030273438,-2.011183929443359,-0.6767454147338867,0.8025188446044922,1.687530517578125,2.5483036041259766,3.7888059616088867,4.6778507232666025
24250,3.135612033638205,-0.48844146728515625,0.9100750732421875,1.5291488647460938,2.4105167388916016,3.0362548828125,3.7633705139160156,5.016725540161132,6.167366256713867,2.511456148699586,-9.658329010009766,-1.7682376861572264,-0.05378150939941406,1.606170654296875,2.577230453491211,3.4484872817993164,4.938031196594238,6.115097427368164
24300,3.7313712437102806,0.831512451171875,1.6457965850830079,2.1655426025390625,2.9693031311035156,3.6008338928222656,4.358512878417969,5.688031768798828,6.7805947113037135,3.031392903180989,-6.107158660888672,-1.596479034423828,0.2396993637084961,2.0969371795654297,3.0942039489746094,4.02813720703125,5.602445602416992,6.9727445602417
24350,4.094254906558306,1.2117118835449219,2.116316909790039,2.5739952087402345,3.3368968963623047,3.9525146484375,4.705953598022461,6.019104766845703,7.205889129638677,3.3451126739145214,-4.492084503173828,-1.4357965469360352,0.4295167922973633,2.4013519287109375,3.419055938720703,4.369243621826172,5.916770935058594,7.233407592773448
24400,4.3389409460857955,1.4752655029296875,2.400600814819336,2.8447536468505863,3.580078125,4.195732116699219,4.964855194091797,6.272785186767576,7.457811279296875,3.558784063935829,-4.158138275146484,-1.3388198852539062,0.6447620391845703,2.6064929962158203,3.6391983032226562,4.618263244628906,6.137860298156738,7.4912742614746115
24450,4.515535816372059,1.6620407104492188,2.6235400390625,3.056721878051758,3.7575912475585938,4.385871887207031,5.137844085693359,6.393504333496092,7.506316146850588,3.7099030927441197,-4.0144500732421875,-1.1731496810913087,0.7430696487426758,2.737788200378418,3.7941055297851562,4.809368133544922,6.276275634765625,7.4718912124633805
24500,4.646190824769704,1.8272209167480469,2.8004547119140626,3.2093475341796873,3.8959388732910156,4.5251922607421875,5.272426605224609,6.463464736938475,7.571745223999024,3.817332009326639,-3.8787689208984375,-1.071494674682617,0.8341445922851562,2.834653854370117,3.9340133666992188,4.933225631713867,6.350009918212891,7.604560470581056
24550,4.749142102665512,1.957794189453125,2.9475477600097655,3.3435562133789065,4.014606475830078,4.628456115722656,5.3708953857421875,6.503646850585937,7.609444732666019,3.8972227608021632,-3.7152557373046875,-1.070754814147949,0.9087553024291992,2.9021453857421875,4.034149169921875,5.034353256225586,6.372735977172852,7.587441253662112
24600,4.839083188776953,2.1040496826171875,3.073998031616211,3.4534351348876955,4.113077163696289,4.721290588378906,5.444698333740234,6.573098754882811,7.7092243957519555,3.9637999701829316,-3.9536514282226562,-0.9858449935913086,0.9622278213500977,2.9784984588623047,4.133056640625,5.11529541015625,6.432372093200684,7.613411331176758
24650,4.915189424221293,2.2067108154296875,3.15954475402832,3.554550552368164,4.2023468017578125,4.797157287597656,5.518299102783203,6.615959930419921,7.748566436767581,4.021612904488174,-4.386756896972656,-1.0181325912475585,0.9473505020141602,3.028927803039551,4.20142936706543,5.180855751037598,6.480287551879883,7.70484676361084
24700,4.9831263937279795,2.3830032348632812,3.2362609100341797,3.6408824920654297,4.280384063720703,4.868072509765625,5.564830780029297,6.7015148162841776,7.740779876708986,4.068003943994287,-4.8666229248046875,-1.0234233856201171,0.97991943359375,3.0584144592285156,4.26934814453125,5.2391357421875,6.55572509765625,7.766746520996095
24750,5.043184649903122,2.5037841796875,3.319700698852539,3.709666442871094,4.349723815917969,4.935188293457031,5.62919807434082,6.749008178710937,7.674111328125001,4.1083334457608265,-5.276615142822266,-1.0025363922119142,0.9805240631103516,3.1128454208374023,4.326602935791016,5.289121627807617,6.592781066894531,7.714060401916504
24800,5.097861688123749,2.6118621826171875,3.4079554748535155,3.773764419555664,4.414344787597656,4.9922332763671875,5.66212272644043,6.764264678955078,7.664422225952149,4.143633675245879,-5.655826568603516,-1.0522592544555665,0.9606895446777344,3.1524181365966797,4.36212158203125,5.338244438171387,6.642525672912598,7.723508453369143
24850,5.149514438812637,2.6891822814941406,3.4870536041259768,3.839754867553711,4.484554290771484,5.051185607910156,5.703100204467773,6.760352325439453,7.697681350708009,4.1786400798023315,-5.982242584228516,-1.1225753784179686,0.9475765228271484,3.2068872451782227,4.424768447875977,5.379737854003906,6.684200286865234,7.6822202682495115
24900,5.201806432605898,2.8144187927246094,3.5488426208496096,3.896955871582031,4.549610137939453,5.1088104248046875,5.744068145751953,6.7873924255371065,7.589888000488282,4.212614202009546,-6.214927673339844,-1.1836915969848631,0.9800796508789062,3.2404632568359375,4.475353240966797,5.423746109008789,6.704702377319336,7.655948638916017
24950,5.256542850548112,2.9685630798339844,3.607901306152344,3.9691123962402344,4.615671157836914,5.168247222900391,5.79475212097168,6.842353057861324,7.6003059387207035,4.249631909415353,-6.456714630126953,-1.185292053222656,0.9715652465820312,3.2954301834106445,4.526195526123047,5.468574523925781,6.725424766540527,7.657333946228028
25000,5.312375813001905,3.0732383728027344,3.674310531616211,4.02919921875,4.689826965332031,5.228431701660156,5.858396530151367,6.879141235351561,7.623903961181641,4.28611554433976,-6.696846008300781,-1.3141658782958983,0.9585084915161133,3.322188377380371,4.576732635498047,5.539722442626953,6.749652862548828,7.632103729248048
25050,5.367482506972249,3.1272010803222656,3.7304937744140623,4.0911304473876955,4.749250411987305,5.2970428466796875,5.908607482910156,6.891482925415039,7.634212646484375,4.323032191996451,-6.936656951904297,-1.3922250747680665,0.919459342956543,3.3476762771606445,4.625585556030273,5.59128475189209,6.808345794677734,7.624616622924806
25100,5.422938497656366,3.1678009033203125,3.8083741760253904,4.158377075195313,4.807628631591797,5.355232238769531,5.963603973388672,6.939265060424804,7.639173507690435,4.359362349880109,-7.1460113525390625,-1.4829797744750977,0.8739356994628906,3.3961362838745117,4.668462753295898,5.642704010009766,6.841926574707031,7.769080162048341
25150,5.481969735548276,3.1241912841796875,3.8600587463378906,4.227207183837891,4.882190704345703,5.404945373535156,6.025388717651367,6.966481781005859,7.759160995483399,4.39397088272792,-7.286937713623047,-1.453597640991211,0.8509788513183594,3.433835983276367,4.709131240844727,5.696027755737305,6.859759330749512,7.846052169799807
25200,5.53733342840036,3.067535400390625,3.875852355957031,4.285953521728516,4.9407196044921875,5.465847015380859,6.078634262084961,6.998318862915039,7.818564682006836,4.425475075613975,-7.457550048828125,-1.506493377685547,0.7730579376220703,3.4607744216918945,4.77552604675293,5.742546081542969,6.925992012023926,7.8622886657714846
25250,-1.2063288855134506,-9.522429466247559,-4.385351619720459,-3.0764032363891602,-1.7082083225250244,-1.0512526035308838,-0.5018723011016846,0.11080939769744796,0.6138057422637939,-1.2665419148672483,-9.03189468383789,-4.414525103569031,-3.2132980823516846,-1.8274585902690887,-1.1039408445358276,-0.5350578725337982,0.0947420597076416,0.5591540217399598
25300,-0.2952619029143184,-3.7988014221191406,-2.1466525650024413,-1.3755908966064454,-0.6482686996459961,-0.24262428283691406,0.10756206512451172,0.6229966163635251,1.0217701530456553,-0.45524308772700245,-4.655609130859375,-2.5235716819763185,-1.7102738618850708,-0.8174996376037598,-0.39032530784606934,-0.006075143814086914,0.5422759056091309,0.9591300010681153
25350,0.1233919123655426,-3.9873104095458984,-1.9399684143066407,-1.1546331405639647,-0.3036355972290039,0.17133712768554688,0.5781927108764648,1.2351263046264647,1.7858920669555691,-0.10743528902213961,-5.955829620361328,-2.9447669506073,-1.6250090599060059,-0.5541543960571289,-0.021498680114746094,0.4407374858856201,1.1300487518310547,1.7008329391479502
25400,0.9798948821190219,-3.000171661376953,-1.0800789260864259,-0.4117122650146484,0.3861684799194336,0.9477081298828125,1.5622291564941406,2.4366149902343746,3.1152290344238294,0.7373533976909923,-6.4903411865234375,-2.0450695037841795,-0.871645450592041,0.12124490737915039,0.734889030456543,1.3882408142089844,2.355515480041504,3.0325063705444357
25450,1.7012318239356492,-4.020721435546875,-1.1452684020996093,-0.13905105590820305,0.9871826171875,1.7050590515136719,2.3991260528564453,3.599522018432617,4.654722137451172,1.4017123169312864,-11.06558609008789,-2.2388954162597656,-0.8051280975341797,0.6360721588134766,1.4728031158447266,2.23465633392334,3.3623085021972656,4.440460777282715
25500,2.900953099729531,-0.7529296875,0.5355070495605468,1.2332927703857421,2.168201446533203,2.898517608642578,3.5989856719970703,4.649335479736327,5.620342330932618,2.5031445020485803,-8.176300048828125,-1.1759632110595704,0.15543556213378906,1.722330093383789,2.6135425567626953,3.4096174240112305,4.3851728439331055,5.428451347351074
25550,3.517282396246073,0.22261810302734375,1.3330488586425782,1.914908218383789,2.823751449584961,3.5013580322265625,4.173969268798828,5.180610656738278,6.246630401611329,3.0663760580832427,-7.010162353515625,-1.1667102813720702,0.5997934341430664,2.316664695739746,3.1999778747558594,3.986884117126465,5.057621002197266,6.034188461303716
25600,3.9100847145423208,1.3509979248046875,1.8793900299072266,2.377613067626953,3.2382774353027344,3.89129638671875,4.525785446166992,5.551211547851558,6.478948669433595,3.422286415032533,-5.722358703613281,-1.0556343078613282,0.9178104400634766,2.7060489654541016,3.5553512573242188,4.356231689453125,5.411113739013672,6.28938331604004
25650,4.177765746145783,1.56109619140625,2.2278753662109376,2.681192398071289,3.5188941955566406,4.141815185546875,4.772361755371094,5.83023681640625,6.631213989257813,3.6631725945035236,-5.974571228027344,-0.9057418823242187,1.1115531921386719,2.960195541381836,3.8090744018554688,4.590324401855469,5.683689117431641,6.4353881835937505
25700,4.364763789565963,1.7209930419921875,2.464092254638672,2.907561492919922,3.7238693237304688,4.3198699951171875,4.936134338378906,5.963025665283203,6.745069580078127,3.8329231331122924,-6.538570404052734,-0.8144580841064452,1.3083229064941406,3.1243343353271484,3.985370635986328,4.753891944885254,5.842672348022461,6.568448638916016
25750,4.500496032293128,1.8085403442382812,2.6248829650878904,3.0796932220458983,3.887378692626953,4.4553070068359375,5.058143615722656,6.068508148193357,6.767945098876957,3.959724755984775,-6.766761779785156,-0.6300724029541015,1.3791332244873047,3.2692127227783203,4.12666130065918,4.8801727294921875,5.941135406494141,6.6450590133667
25800,4.605077062804997,1.8692855834960938,2.7778897857666016,3.214189147949219,4.004619598388672,4.557708740234375,5.146148681640625,6.130789184570312,6.77879379272461,4.057940028721332,-6.682624816894531,-0.5588169097900391,1.4525909423828125,3.380350112915039,4.237560272216797,4.971773147583008,6.001621246337891,6.681027603149415
25850,4.692995471330897,1.9458160400390625,2.8616667938232423,3.3349266052246094,4.1084136962890625,4.649871826171875,5.226861953735352,6.1558837890625,6.81249008178711,4.140323258527323,-6.307868957519531,-0.5801803588867187,1.5476226806640625,3.4657392501831055,4.331390380859375,5.051143646240234,6.065546035766602,6.69299468994141
25900,4.7690061568707,2.0238723754882812,2.937887191772461,3.441616439819336,4.198886871337891,4.738578796386719,5.306848526000977,6.199192428588867,6.80544662475586,4.211642051477868,-5.601650238037109,-0.4814235687255859,1.6376609802246094,3.543736457824707,4.403373718261719,5.132390022277832,6.133474349975586,6.727788925170899
25950,4.837059037215907,2.0840835571289062,3.0259963989257814,3.5317546844482424,4.27210807800293,4.808002471923828,5.3815765380859375,6.239860534667969,6.83887878417969,4.276576835721509,-4.698978424072266,-0.3703683853149413,1.714127540588379,3.617034912109375,4.47105598449707,5.20352840423584,6.153454780578613,6.747547531127931
26000,4.899876020007269,2.1313400268554688,3.1049471282958985,3.6167282104492187,4.340204238891602,4.877098083496094,5.43572998046875,6.27270278930664,6.883141326904298,4.335046508740416,-4.457546234130859,-0.29195747375488273,1.7886295318603516,3.6893653869628906,4.538890838623047,5.250555992126465,6.167734146118164,6.839776992797855
26050,4.958539939959443,2.1915283203125,3.1801469421386717,3.6875572204589844,4.41326904296875,4.9402008056640625,5.488855361938477,6.312249374389648,6.911000213623048,4.389586903041362,-4.477725982666016,-0.25250473022460934,1.797048568725586,3.740964889526367,4.607105255126953,5.306879043579102,6.190744400024414,6.829472541809082
26100,5.014380477065898,2.2575225830078125,3.242006378173828,3.7419612884521483,4.489105224609375,4.99981689453125,5.545591354370117,6.354705810546874,6.9359666442871095,4.440960897944981,-4.4901123046875,-0.23503036499023439,1.829803466796875,3.8161611557006836,4.661724090576172,5.345067977905273,6.217415809631348,6.853539657592774
26150,5.070108481109886,2.3150405883789062,3.305867462158203,3.7975440979003907,4.550376892089844,5.055633544921875,5.583738327026367,6.37766761779785,6.960494766235353,4.491271744963551,-4.475055694580078,-0.2506235122680664,1.8622732162475586,3.8747711181640625,4.722116470336914,5.3909101486206055,6.254739761352539,6.856507110595705
26200,5.123577814358142,2.3584365844726562,3.3896778869628905,3.852765655517578,4.609539031982422,5.11761474609375,5.619197845458984,6.398828887939451,6.995606689453126,4.540894155336786,-4.449424743652344,-0.1708911895751953,1.8714933395385742,3.943467140197754,4.7864532470703125,5.436830520629883,6.290143013000488,6.855897903442383
26250,5.1753496032682405,2.4206695556640625,3.444335708618164,3.9193042755126952,4.669334411621094,5.177215576171875,5.676876068115234,6.431467819213866,7.023960266113282,4.589849760546737,-4.395851135253906,-0.19218177795410155,1.878103256225586,4.009718894958496,4.845333099365234,5.478507041931152,6.327342987060547,6.923193168640137
26300,5.226973259667592,2.46893310546875,3.5111012268066406,3.9825298309326174,4.715629577636719,5.2313690185546875,5.727025985717773,6.469501876831053,7.016020202636722,4.63935112556244,-4.334026336669922,-0.1907585144042968,1.9248542785644531,4.071313858032227,4.911558151245117,5.536825180053711,6.358707427978516,6.99196186065674
26350,5.280965994115905,2.5314254760742188,3.5633445739746095,4.030809783935547,4.766990661621094,5.286338806152344,5.786205291748047,6.495043182373046,7.134751586914063,4.689474881476559,-4.318580627441406,-0.13787307739257804,1.956467628479004,4.126628875732422,4.968311309814453,5.581565856933594,6.382944107055664,7.057264709472658
26400,5.3350757960781525,2.5882339477539062,3.620038375854492,4.094178771972656,4.82952880859375,5.340122222900391,5.833675384521484,6.54285430908203,7.154713211059571,4.740233960829007,-4.413349151611328,-0.12874946594238273,1.977731704711914,4.184783935546875,5.025272369384766,5.630754470825195,6.412238121032715,7.086151123046876
26450,5.388136742820202,2.6361541748046875,3.6759872436523438,4.150069808959961,4.890331268310547,5.39410400390625,5.884227752685547,6.582665252685547,7.20657165527344,4.790267457195178,-4.543914794921875,-0.1430540084838867,2.033747673034668,4.235647201538086,5.0837554931640625,5.68572998046875,6.441854476928711,7.1368457794189455
26500,5.441161782951263,2.6917037963867188,3.7567069244384768,4.219594192504883,4.938915252685547,5.448150634765625,5.923704147338867,6.647007751464843,7.3032682800293,4.839218174782029,-4.708648681640625,-0.12643051147460935,2.088364601135254,4.279935836791992,5.136417388916016,5.729674339294434,6.491352081298828,7.187257766723634
26550,5.493966693862967,2.7422943115234375,3.8070336151123048,4.267922210693359,4.983667373657227,5.493904113769531,5.967033386230469,6.700438690185546,7.353415756225587,4.888795760773278,-4.8910980224609375,-0.10858879089355464,2.09207820892334,4.336301803588867,5.177072525024414,5.774832725524902,6.54520320892334,7.2552125930786175
26600,5.547281627670235,2.8079452514648438,3.866977081298828,4.333124160766602,5.046272277832031,5.540767669677734,6.015409469604492,6.774088287353514,7.4880149841308645,4.939121066616057,-5.0510101318359375,-0.0970550537109374,2.1657848358154297,4.392777442932129,5.231281280517578,5.823392868041992,6.592756271362305,7.358634567260743
26650,5.601096751111446,2.8501663208007812,3.925813217163086,4.38696174621582,5.110435485839844,5.592964172363281,6.064830780029297,6.829063415527343,7.638824234008791,4.990954596735339,-5.193634033203125,-0.07977027893066403,2.2086362838745117,4.460283279418945,5.273637771606445,5.879107475280762,6.661888122558594,7.441035842895509
26700,5.655487889784814,2.9042816162109375,3.9591934967041014,4.441140747070312,5.161615371704102,5.636997222900391,6.120983123779297,6.886573410034178,7.795304183959965,5.043270101962763,-5.358985900878906,0.020178413391113346,2.2758235931396484,4.512004852294922,5.3310089111328125,5.924056053161621,6.708440780639648,7.4706363677978525
26750,5.709711798131386,2.9534378051757812,4.057211074829102,4.49716911315918,5.211725234985352,5.685115814208984,6.159168243408203,6.934315490722653,7.9098023986816415,5.0938994559336335,-5.493000030517578,-0.08812675476074214,2.3350419998168945,4.57811164855957,5.380952835083008,5.962480545043945,6.77889347076416,7.55661201477051
26800,5.764455718750843,3.0085830688476562,4.138236236572266,4.583082580566407,5.273481369018555,5.735416412353516,6.2006072998046875,6.954249954223632,8.140493316650392,5.1453934854283805,-5.6240997314453125,-0.08816032409667963,2.385326385498047,4.629790306091309,5.432704925537109,6.004769325256348,6.81021785736084,7.686374282836919
26850,5.820302306861279,3.0676612854003906,4.1856760406494145,4.627222061157227,5.330698013305664,5.790058135986328,6.245782852172852,6.995923614501953,8.358668899536132,5.197564838543202,-5.783924102783203,-0.10342540740966796,2.4475040435791016,4.688024520874023,5.48052978515625,6.053356170654297,6.851764678955078,7.782257461547858
26900,5.876257070986919,3.1162948608398438,4.234004898071289,4.686087417602539,5.389005661010742,5.842021942138672,6.292169570922852,7.0537261962890625,8.490683898925784,5.250769328699439,-5.912555694580078,-0.07751083374023436,2.447063446044922,4.742687225341797,5.534626007080078,6.096735954284668,6.894733428955078,7.918440628051758
26950,5.931005829165598,3.166126251220703,4.293660888671875,4.774493789672851,5.442022323608398,5.891880035400391,6.34075927734375,7.1034511566162095,8.76485404968264,5.303393996695108,-6.010349273681641,-0.05520420074462886,2.5434465408325195,4.796358108520508,5.584688186645508,6.142341613769531,6.938816070556641,8.046994018554692
27000,5.986239398568037,3.2313804626464844,4.3758374786376955,4.837657165527344,5.495658874511719,5.943855285644531,6.382999420166016,7.14969139099121,8.832139511108405,5.355397079500205,-6.205623626708984,-0.020793151855468664,2.556558609008789,4.850172996520996,5.634675979614258,6.18696403503418,6.977265357971191,8.22195510864258
27050,6.040960234338668,3.3085098266601562,4.447498550415039,4.902301406860351,5.543159484863281,5.997852325439453,6.423587799072266,7.196807479858397,9.092378234863284,5.40711272256914,-6.390514373779297,0.03705844879150411,2.625265121459961,4.913801193237305,5.679403305053711,6.229605674743652,7.028851509094238,8.45823669433594
27100,6.094833458670586,3.393260955810547,4.516128234863281,4.959916687011718,5.591272354125977,6.050662994384766,6.461713790893555,7.247700500488281,9.212243499755859,5.458460273702137,-6.670448303222656,0.0753587722778322,2.691242218017578,4.96782112121582,5.726949691772461,6.271784782409668,7.075288772583008,8.628421401977544
27150,6.149212248490714,3.495555877685547,4.550310287475586,5.028840637207031,5.650215148925781,6.098930358886719,6.52142333984375,7.301332092285155,9.417340774536141,5.509251872571783,-6.844135284423828,0.1265708923339845,2.762500762939453,5.016707420349121,5.774957656860352,6.316608428955078,7.113595008850098,8.895058822631837
27200,6.200551703354478,3.6302452087402344,4.577268371582031,5.061471939086914,5.700691223144531,6.144378662109375,6.573890686035156,7.363304901123047,9.51984375,5.556613368427251,-7.041934967041016,0.15562744140625004,2.8408966064453125,5.05033016204834,5.815797805786133,6.366721153259277,7.168482780456543,9.024460792541504
27250,5.715823636547922,-0.5110931396484375,2.678287582397461,3.8299114227294924,5.0560150146484375,5.737117767333984,6.3561553955078125,7.476956176757809,9.902441787719727,5.175806313763685,-7.453647613525391,-0.5199731826782225,2.0942153930664062,4.535863876342773,5.466835021972656,6.159206390380859,7.109457969665527,8.789800834655765
27300,-0.6529368004075333,-3.9851861000061035,-3.018926668167114,-1.7222861766815185,-0.9089312553405762,-0.5583903789520264,-0.2603849172592163,0.09207005500793454,0.37454502105712995,-0.7412607696117174,-6.631135940551758,-3.2400107264518736,-1.9975102543830872,-0.9966480731964111,-0.6205040216445923,-0.3095211982727051,0.06604963541030884,0.33786182403564474
27350,-0.8233836304783472,-10.132528305053711,-4.7201453304290775,-3.2047990798950194,-1.3773961067199707,-0.5974311828613281,-0.10424184799194336,0.7566924095153791,1.8405128860473647,-0.9528068850490585,-11.746381759643555,-5.300567173957825,-3.4191174507141113,-1.4631648063659668,-0.6970901489257812,-0.17605257034301758,0.648749589920044,1.6628157615661667
27400,0.5158836762384946,-7.526821613311768,-2.5725343322753904,-1.0905820846557617,-0.07657146453857422,0.45803070068359375,1.081338882446289,2.28861093521118,3.8804901504516627,0.18142366054587614,-13.968591690063477,-3.8922683715820314,-1.910956859588623,-0.3570585250854492,0.2294940948486328,0.8527073860168457,2.0311148166656494,3.661362409591678
27450,2.1551523398694097,-4.671489715576172,-0.8440123748779297,0.10402183532714852,1.1851577758789062,1.9299163818359375,2.870023727416992,5.0889160156249975,7.752527160644534,1.6422095391668414,-21.534442901611328,-3.6263822555541987,-1.035721778869629,0.7243833541870117,1.6193790435791016,2.5293922424316406,4.579121112823486,7.007814407348634
27500,3.8257107928557628,-0.8542938232421875,0.7994277954101562,1.5744037628173828,2.768037796020508,3.4955902099609375,4.421369552612305,7.568705749511713,10.230971755981455,3.1931494811811727,-16.149322509765625,-2.6865421295166017,-0.2899942398071289,2.0648250579833984,3.1469593048095703,4.175183296203613,7.354970932006836,10.044237709045415
27550,4.721281474871487,0.5240020751953125,1.8172447967529295,2.577928161621094,3.5901660919189453,4.3349609375,5.3304595947265625,8.54136161804199,11.241914138793947,3.9489760910666583,-15.871330261230469,-2.9539953231811524,-0.13654422760009766,2.834482192993164,3.9375076293945312,5.037463188171387,8.366351127624512,10.926473236083995
27600,5.188422493246557,1.5915184020996094,2.4794416046142578,3.1601570129394534,4.059719085693359,4.803062438964844,5.82945442199707,8.836070251464843,11.419109649658203,4.347971052047508,-15.042217254638672,-3.2300392150878907,0.04215526580810547,3.285543441772461,4.381824493408203,5.483880043029785,8.705802917480469,11.019852828979495
27650,5.445536266512418,2.1248817443847656,2.8682817077636718,3.4866992950439455,4.360559463500977,5.0707244873046875,6.04859733581543,8.855916595458982,11.23892616271973,4.573336807329351,-13.269176483154297,-3.0637765884399415,0.14569568634033203,3.541614532470703,4.656154632568359,5.710227966308594,8.7518892288208,11.028601074218754
27700,5.600843149266786,2.3317642211914062,3.1386878204345705,3.7242626190185546,4.560239791870117,5.232242584228516,6.186506271362305,8.871898269653318,10.93840797424317,4.715886598776892,-12.234973907470703,-2.9522628784179688,0.28742313385009766,3.738924980163574,4.835908889770508,5.843260765075684,8.72773265838623,10.859495735168458
27750,5.704059949556057,2.502155303955078,3.3323905944824217,3.9211257934570316,4.716089248657227,5.370582580566406,6.269187927246094,8.720791244506836,10.689181671142578,4.812993641149647,-10.7335205078125,-2.881210708618164,0.5258693695068359,3.8866233825683594,4.9613800048828125,5.953925132751465,8.598441123962402,10.625998878479006
27800,5.781537452087483,2.6398849487304688,3.4771687316894533,4.041963577270508,4.840667724609375,5.490444183349609,6.343915939331055,8.611935806274413,10.672579574584965,4.889270032841476,-9.75387191772461,-2.893323516845703,0.6422824859619141,3.991147041320801,5.053936004638672,6.013300895690918,8.46457290649414,10.530015563964847
27850,5.842645136751838,2.766887664794922,3.6159090423583984,4.151245880126953,4.952228546142578,5.5755157470703125,6.3976898193359375,8.563922500610346,10.387409133911135,4.948015336655912,-9.661029815673828,-2.936832237243652,0.7493314743041992,4.076728820800781,5.121616363525391,6.073631286621094,8.386773109436035,10.379328727722179
27900,5.897640098006111,2.8400535583496094,3.732960205078125,4.2638191223144535,5.041934967041016,5.644901275634766,6.440952301025391,8.502785873413085,10.355465850830079,5.001059794991818,-9.561210632324219,-2.8067272186279295,0.9116220474243164,4.146048545837402,5.201539993286133,6.123513221740723,8.351306915283203,10.321123886108401
27950,5.9504872209811,2.9285888671875,3.869090118408203,4.348565292358399,5.11396598815918,5.708503723144531,6.465885162353516,8.36734809875488,10.255536422729497,5.051704499301782,-9.411823272705078,-2.802301597595215,0.9981880187988281,4.223271369934082,5.253318786621094,6.15748405456543,8.297394752502441,10.24535942077638
28000,6.0038323809167276,3.0229949951171875,3.9671747589111326,4.440510559082031,5.198276519775391,5.7684326171875,6.502283096313477,8.288014221191403,10.420581054687503,5.099718000632923,-9.66888427734375,-2.599165344238281,1.0786542892456055,4.300982475280762,5.317331314086914,6.185650825500488,8.230762481689453,10.335560989379887
28050,6.0585539359346905,3.11822509765625,4.068785400390625,4.533078384399414,5.277948379516602,5.823890686035156,6.541301727294922,8.270816421508789,10.517439880371102,5.14874458617029,-10.093250274658203,-2.3922983169555665,1.2570304870605469,4.377415657043457,5.38348388671875,6.231621742248535,8.165987014770508,10.31340847015381
28100,6.115383011845556,3.228260040283203,4.134058456420898,4.618965530395508,5.345550537109375,5.888877868652344,6.592258453369141,8.343534851074217,10.631607589721682,5.200124464261376,-10.494731903076172,-2.3252136230468747,1.3815650939941406,4.4252424240112305,5.444189071655273,6.282444000244141,8.136975288391113,10.325680732727053
28150,6.17519221583358,3.35333251953125,4.211876296997071,4.68577766418457,5.407739639282227,5.956184387207031,6.626773834228516,8.336819839477538,10.711021041870124,5.255434200436858,-10.867359161376953,-2.3433996200561524,1.4954261779785156,4.497800827026367,5.5079803466796875,6.31392765045166,8.161415100097656,10.41448822021485
28200,6.235975201637416,3.4923439025878906,4.290702743530273,4.766513442993164,5.471900939941406,6.026447296142578,6.673513412475586,8.366523361206054,10.747096862792969,5.313686560706133,-11.215190887451172,-2.3457406997680663,1.6153497695922852,4.552798271179199,5.56922721862793,6.347438812255859,8.198867797851562,10.364191818237309
28250,6.2978327662711,3.6229820251464844,4.356994247436523,4.858919525146485,5.54039192199707,6.0919647216796875,6.737640380859375,8.412128448486328,10.828774795532226,5.372189769413806,-11.518611907958984,-2.2715175628662108,1.6526966094970703,4.6309709548950195,5.64450740814209,6.3996076583862305,8.189468383789062,10.480372428894052
28300,6.361211534449942,3.7532424926757812,4.462156829833984,4.936453628540039,5.614963531494141,6.1619720458984375,6.789445877075195,8.451265716552735,10.9287476348877,5.431214514329338,-11.803390502929688,-2.1418046951293945,1.6869487762451172,4.698220252990723,5.6980133056640625,6.455326080322266,8.16753101348877,10.558718490600587
28350,6.42638693684566,3.8937606811523438,4.578449249267578,5.0144493103027346,5.6888275146484375,6.2340850830078125,6.854942321777344,8.541814804077148,10.83135711669924,5.490347073426958,-11.963611602783203,-2.05136661529541,1.7639188766479492,4.7616777420043945,5.755062103271484,6.509122848510742,8.210617065429688,10.674595642089855
28400,6.49204833248401,4.034572601318359,4.641048278808594,5.089128875732422,5.76298713684082,6.2966156005859375,6.917936325073242,8.587464523315427,11.001448974609378,5.55109837660754,-12.073143005371094,-1.9857248306274413,1.874068260192871,4.8418073654174805,5.818744659423828,6.56340217590332,8.236102104187012,10.710571861267095
28450,6.556711424990533,4.152580261230469,4.7137500762939455,5.1678417205810545,5.831506729125977,6.357704162597656,6.977197647094727,8.63020133972168,11.113639068603517,5.610890986773295,-12.15389633178711,-1.8898786544799804,1.9484672546386719,4.901460647583008,5.8814544677734375,6.62595272064209,8.282381057739258,10.733834648132328
28500,6.619539854914908,4.265357971191406,4.776956024169922,5.245340728759766,5.89756965637207,6.422008514404297,7.034748077392578,8.703929519653315,11.004094390869142,5.672050368984329,-12.10824203491211,-1.9293460845947263,2.018834114074707,4.957676887512207,5.938955307006836,6.6997785568237305,8.303337097167969,10.743936157226566
28550,6.6819609146057335,4.3595428466796875,4.822040481567383,5.31329231262207,5.962453842163086,6.483333587646484,7.09306526184082,8.74515571594237,11.067276840209963,5.733454389095813,-11.916778564453125,-1.731999397277832,2.0993385314941406,5.030511856079102,6.004154205322266,6.744687080383301,8.339138984680176,10.79568424224854
28600,-2.1417083805493777,-6.453546524047852,-6.124785127639771,-5.33547043800354,-2.7850522994995117,-1.8321442604064941,-1.1417644023895264,-0.21421046257019066,0.08633631229400818,-2.152307934597203,-6.528376579284668,-6.108940887451172,-5.342913627624512,-2.7710307836532593,-1.8426774144172668,-1.1809009313583374,-0.22149676084518433,0.0942162513732912
28650,-0.6597342455035474,-6.501619338989258,-3.545946326255798,-2.15088152885437,-1.0381476879119873,-0.5564155578613281,-0.13376855850219727,0.43266854286193823,0.8762188148498546,-0.714501210826532,-6.063150882720947,-3.849600148200989,-2.27666836977005,-1.089519739151001,-0.5947489738464355,-0.16008496284484863,0.3669832944869995,0.8095580577850344
28700,-6.247838921284631,-33.81122970581055,-23.45563102722168,-17.59946460723877,-11.028654098510742,-3.9058799743652344,-1.0930347442626953,0.4648952484130829,1.0219866180419923,-6.575269630011877,-34.028709411621094,-24.759426403045655,-18.88173198699951,-11.43358564376831,-4.130363464355469,-1.1534810066223145,0.42528867721557617,0.9803024291992188
28750,0.5391443812907328,-4.875423431396484,-1.5371091270446777,-0.7402711868286131,0.03792381286621094,0.5196075439453125,0.9977664947509766,1.953744411468502,2.8934416198730473,0.3848774933958577,-6.672577857971191,-2.304675579071045,-0.9556484222412109,-0.09831690788269043,0.3999137878417969,0.8920817375183105,1.8097620010375977,2.7265437602996836
28800,2.182197280364755,-3.439044952392578,-0.9660816192626953,0.1300373077392578,1.2806434631347656,2.154664993286133,2.9905548095703125,4.373940658569334,5.822967376708986,1.8817103619360982,-10.796987533569336,-2.315766525268555,-0.5479907989501953,0.9269561767578125,1.9493865966796875,2.8413591384887695,4.243471145629883,5.585902786254883
28850,3.561412441264813,-1.1121902465820312,0.6536593627929687,1.4879451751708987,2.6436729431152344,3.5142822265625,4.344701766967773,5.887368774414062,7.868341217041015,3.024746945172052,-21.411113739013672,-3.1972686767578127,-0.28751564025878906,2.0572471618652344,3.234142303466797,4.211480140686035,5.761998176574707,7.621873092651374
28900,4.4063325943289176,0.1985626220703125,1.6590789794921874,2.3771400451660156,3.5109100341796875,4.317985534667969,5.138763427734375,6.828704833984372,8.92588546752931,3.719485684569491,-34.858421325683594,-3.728815650939941,-0.17248916625976562,2.769681930541992,4.009010314941406,4.944623947143555,6.74776554107666,8.72078037261963
28950,4.871555890993903,0.909332275390625,2.226775817871094,2.9012039184570315,3.9545135498046875,4.781806945800781,5.5716400146484375,7.26085128784179,9.306288604736334,4.108016144160974,-39.710819244384766,-3.554035186767578,-0.047435760498046875,3.1736221313476562,4.446746826171875,5.406505584716797,7.144074440002441,9.141206359863283
29000,5.147570972711267,1.2111968994140625,2.612019805908203,3.1958869934082035,4.248748779296875,5.052238464355469,5.826572418212891,7.507331085205073,9.517461090087895,4.339965701398805,-41.11060333251953,-3.7552291870117185,0.06940460205078125,3.391338348388672,4.696895599365234,5.662601470947266,7.392824172973633,9.419736099243169
29050,5.326391278382726,1.4329452514648438,2.804539794921875,3.448883056640625,4.437549591064453,5.224540710449219,5.988563537597656,7.6527854919433596,9.72116233825684,4.495217102704807,-41.02996826171875,-3.7186004638671872,0.1569671630859375,3.578493118286133,4.863117218017578,5.848154067993164,7.525642395019531,9.43152503967286
29100,5.458844488236678,1.63580322265625,3.001731262207031,3.633935546875,4.602771759033203,5.345428466796875,6.115234375,7.710684967041013,9.769211044311525,4.610218529831295,-40.328556060791016,-3.70255126953125,0.29749107360839844,3.6866931915283203,4.993495941162109,5.95472526550293,7.6164398193359375,9.484543991088882
29150,5.565140016846222,1.8024368286132812,3.132035827636719,3.7821121215820312,4.715873718261719,5.455726623535156,6.228366851806641,7.778291320800778,9.757929458618165,4.702704748869196,-38.839778900146484,-3.7681476593017575,0.4190692901611328,3.806333541870117,5.114751815795898,6.047212600708008,7.672712326049805,9.37333145141602
29200,5.656189616677484,1.9363861083984375,3.2897840881347657,3.904773712158203,4.808128356933594,5.538299560546875,6.302726745605469,7.838640594482421,9.717148590087891,4.78376954268193,-37.002777099609375,-3.8428905487060545,0.5486965179443359,3.894868850708008,5.1987152099609375,6.122840881347656,7.708925247192383,9.378289794921876
29250,5.740371655442123,2.0699234008789062,3.3984312438964843,4.025909423828125,4.905796051025391,5.629295349121094,6.382373809814453,7.892060089111328,9.704119262695317,4.860174076378958,-35.116458892822266,-3.641771697998047,0.6488208770751953,3.9924182891845703,5.265327453613281,6.208396911621094,7.7633056640625,9.400448226928713
29300,5.822436994420319,2.1935043334960938,3.5055415344238283,4.1021064758300785,4.992561340332031,5.71649169921875,6.445304870605469,7.930602264404297,9.725764160156253,4.933436507584142,-33.64317321777344,-3.591150283813476,0.7364273071289062,4.085012435913086,5.331565856933594,6.26893424987793,7.7966156005859375,9.4801176071167
29350,5.903237502244822,2.3007125854492188,3.5776112365722654,4.207012939453125,5.0860595703125,5.8062286376953125,6.525501251220703,8.020706176757812,9.693633575439456,5.007063115356748,-32.06884002685547,-3.4815990447998044,0.8131656646728516,4.179664611816406,5.406837463378906,6.345735549926758,7.845232009887695,9.527651023864752
29400,5.983163796616715,2.4262924194335938,3.6695738220214844,4.29376449584961,5.180988311767578,5.8823394775390625,6.604793548583984,8.09107208251953,9.829833221435551,5.081094923570061,-30.042259216308594,-3.505946350097656,0.8881340026855469,4.255270004272461,5.494087219238281,6.411336898803711,7.910793304443359,9.569358062744142
29450,6.062025551209258,2.4795150756835938,3.7651994323730467,4.378971099853516,5.267337799072266,5.964744567871094,6.675086975097656,8.176121520996093,9.834881591796876,5.153637632342294,-27.77326202392578,-3.4692935943603516,0.9361248016357422,4.3438568115234375,5.5780792236328125,6.476850509643555,7.989449501037598,9.626737594604496
29500,6.142029673312529,2.5570602416992188,3.8343719482421874,4.473390197753906,5.3593902587890625,6.043922424316406,6.740581512451172,8.233409881591795,9.854827117919921,5.227149681634528,-26.15628433227539,-3.363428497314453,1.0488567352294922,4.427667617797852,5.656024932861328,6.539531707763672,8.038793563842773,9.669577598571777
29550,6.221830830813531,2.6482391357421875,3.9204949951171875,4.5691993713378904,5.441295623779297,6.11932373046875,6.810733795166016,8.300708007812498,10.008575515747074,5.300378417698491,-25.404884338378906,-3.0350028991699216,1.085845947265625,4.490394592285156,5.7176513671875,6.599979400634766,8.08084487915039,9.694664192199712
29600,6.300740731893433,2.7530899047851562,3.9921246337890626,4.664523315429688,5.536922454833984,6.200828552246094,6.8786468505859375,8.376012802124022,10.064953384399418,5.374026954237383,-24.52613067626953,-2.9250850677490234,1.1486396789550781,4.570169448852539,5.798980712890625,6.662763595581055,8.131370544433594,9.732427215576172
29650,6.3776861318020055,2.8902206420898438,4.079400482177735,4.757574462890625,5.619709014892578,6.264549255371094,6.949329376220703,8.437422180175778,10.24286727905274,5.447643539477357,-23.349159240722656,-2.772217178344726,1.2556095123291016,4.646001815795898,5.88055419921875,6.725839614868164,8.184711456298828,9.84390563964845
29700,6.454516323392707,3.052459716796875,4.155728912353515,4.851692962646484,5.689208984375,6.332817077636719,7.027637481689453,8.518257141113278,10.27547393798828,5.520813818650173,-22.06466293334961,-2.761382675170898,1.3565216064453125,4.731096267700195,5.948261260986328,6.777276992797852,8.279802322387695,9.889281845092775
29750,6.528605598735581,3.2026596069335938,4.231753158569336,4.928397369384766,5.778720855712891,6.406913757324219,7.086723327636719,8.621393966674804,10.36167922973633,5.591439854874917,-20.639026641845703,-2.6092750549316404,1.4124507904052734,4.806652069091797,6.016853332519531,6.841176986694336,8.342620849609375,9.9618522644043
29800,6.5997413069587925,3.3791122436523438,4.304972229003906,4.995899963378906,5.856937408447266,6.478507995605469,7.151744842529297,8.721508026123043,10.443955993652352,5.658430945396085,-18.857696533203125,-2.4620325088500974,1.47747802734375,4.884443283081055,6.0890350341796875,6.9004974365234375,8.434532165527344,10.092635917663575
29850,6.66895476763723,3.5395050048828125,4.398074798583984,5.064447021484375,5.9289093017578125,6.543769836425781,7.201503753662109,8.827234649658202,10.612196273803711,5.723537920047491,-16.980243682861328,-2.3902214050292963,1.4864082336425781,4.951374053955078,6.157981872558594,6.956043243408203,8.475561141967773,10.146847915649415
29900,6.734917425013209,3.600433349609375,4.503218994140625,5.1200706481933596,5.997737884521484,6.607048034667969,7.264152526855469,8.910192108154297,10.653564300537113,5.786265411403979,-14.907142639160156,-2.1498500823974607,1.5531883239746094,5.021274566650391,6.2112884521484375,7.006414413452148,8.508142471313477,10.26066780090332
29950,6.799242626375699,3.6679306030273438,4.5954493713378906,5.192691040039063,6.065174102783203,6.671470642089844,7.332218170166016,8.938312530517575,10.725214996337893,5.847435540102325,-14.817337036132812,-2.172596740722656,1.6184272766113281,5.096950531005859,6.270118713378906,7.051462173461914,8.540914535522461,10.336945343017584
30000,6.8623888490683465,3.7468185424804688,4.683010864257812,5.2583976745605465,6.122245788574219,6.725471496582031,7.3897705078125,9.026123046874998,10.79139083862305,5.9076937304884245,-15.307098388671875,-2.1312175750732423,1.6586265563964844,5.154298782348633,6.330810546875,7.1035614013671875,8.580545425415039,10.439794921875007
30050,6.923492337362962,3.8234024047851562,4.753531646728516,5.315605163574219,6.186088562011719,6.769866943359375,7.4526214599609375,9.038130950927734,10.831872406005868,5.966512453036658,-15.868827819824219,-2.1096691131591796,1.7465476989746094,5.223369598388672,6.3906097412109375,7.151636123657227,8.657855987548828,10.490486526489269
30100,6.982080571612809,3.8889083862304688,4.817183456420898,5.390499877929687,6.253948211669922,6.834075927734375,7.499256134033203,9.096936798095703,10.873295745849614,6.023691784098264,-16.323936462402344,-1.9279739379882812,1.813100814819336,5.28709602355957,6.4461822509765625,7.2119140625,8.707077026367188,10.634872245788577
30150,7.038137469873319,3.9574966430664062,4.893587951660156,5.460918426513672,6.316761016845703,6.883720397949219,7.551795959472656,9.182613372802733,10.970855865478518,6.077003768856036,-16.702011108398438,-1.8775382995605467,1.8320064544677734,5.362669944763184,6.497259140014648,7.255054473876953,8.822738647460938,10.685737228393556
30200,7.0920779633452335,4.036506652832031,4.971357421875,5.532445526123047,6.375572204589844,6.925895690917969,7.607154846191406,9.241286468505859,10.986823883056646,6.1283837702525155,-16.93783950805664,-1.7847412109375,1.9554157257080078,5.404598236083984,6.538398742675781,7.301638603210449,8.889270782470703,10.71476173400879
30250,7.144664523134578,4.121856689453125,5.0471063995361325,5.607393646240235,6.426464080810547,6.990776062011719,7.642402648925781,9.308757019042963,11.065464782714844,6.179086325061351,-17.12889862060547,-1.6382362365722656,1.9996776580810547,5.472261428833008,6.584686279296875,7.341945648193359,8.929131507873535,10.74994697570801
30300,7.196965235077317,4.188606262207031,5.1107038879394535,5.665657043457031,6.477451324462891,7.044029235839844,7.701984405517578,9.366051483154294,11.137866897583015,6.230161568225802,-16.953819274902344,-1.5037548065185546,2.103801727294922,5.535545349121094,6.627006530761719,7.37601375579834,8.98058032989502,10.811902618408206
30350,7.248521983734382,4.2742767333984375,5.197475128173828,5.723705291748047,6.524776458740234,7.0945281982421875,7.744815826416016,9.423779296874995,11.137835845947267,6.2803350624952,-16.74231719970703,-1.418927764892578,2.104593276977539,5.5833282470703125,6.682018280029297,7.424238204956055,9.072221755981445,10.8447681427002
30400,7.299116956278455,4.352180480957031,5.270354766845703,5.7871955871582035,6.573184967041016,7.1388092041015625,7.776126861572266,9.48540916442871,11.178653869628912,6.329965161719814,-16.513442993164062,-1.3296520233154294,2.158461570739746,5.610614776611328,6.741304397583008,7.459514617919922,9.110658645629883,10.967767715454109
30450,7.348508183512002,4.416259765625,5.326012268066406,5.849486541748047,6.626338958740234,7.186103820800781,7.820655822753906,9.546296691894531,11.360834350585938,6.379361110421051,-16.304508209228516,-1.3326248168945312,2.2448673248291016,5.674131393432617,6.790401458740234,7.498897552490234,9.19752311706543,11.016072463989259
30500,7.3968998972101785,4.469169616699219,5.389769134521484,5.899584197998047,6.68658447265625,7.234565734863281,7.853458404541016,9.55737609863281,11.479910278320315,6.42830810722543,-16.005126953125,-1.2628318786621093,2.2670211791992188,5.710227966308594,6.838274002075195,7.543088912963867,9.25914192199707,11.087694549560547
30550,7.445598142057728,4.521995544433594,5.454923248291015,5.9412681579589846,6.733299255371094,7.2771453857421875,7.903026580810547,9.634847259521482,11.553072891235356,6.478092501698088,-15.519203186035156,-1.2289302825927735,2.370555877685547,5.771413803100586,6.878671646118164,7.590909957885742,9.273845672607422,11.211570739746096
30600,7.494246752250077,4.602714538574219,5.503245849609375,6.015819549560547,6.7846832275390625,7.319068908691406,7.9443817138671875,9.67765655517578,11.738933181762697,6.528106770530644,-14.969783782958984,-1.2069114685058593,2.4163742065429688,5.824151992797852,6.9243011474609375,7.638286590576172,9.315070152282715,11.304720687866213
30650,7.543775568102193,4.6622467041015625,5.575456390380859,6.070133209228516,6.830036163330078,7.364936828613281,7.9892120361328125,9.741899490356445,11.741850280761719,6.578581069827376,-14.601295471191406,-1.1694313049316405,2.4659061431884766,5.875143051147461,6.9769287109375,7.681648254394531,9.33533000946045,11.378632354736329
30700,7.592389826758123,4.7275848388671875,5.6353068542480464,6.136347961425781,6.8756256103515625,7.420135498046875,8.033891677856445,9.776642608642579,11.911508255004888,6.627987364020028,-14.12845230102539,-1.2507385253906247,2.5048179626464844,5.939485549926758,7.011112213134766,7.734491348266602,9.39022445678711,11.44767417907715
30750,7.640835689288202,4.784736633300781,5.720898284912109,6.188606262207031,6.934833526611328,7.46075439453125,8.08462142944336,9.780552291870116,11.889459533691412,6.677328249599931,-13.60190200805664,-1.16807746887207,2.591242790222168,5.984523773193359,7.051027297973633,7.772409439086914,9.435256004333496,11.53678245544434
30800,7.6880661059401625,4.838844299316406,5.763266906738282,6.245928955078125,6.978977203369141,7.507957458496094,8.134136199951172,9.835754776000972,11.931163787841804,6.723761469347444,-13.642452239990234,-1.1077110290527343,2.686624526977539,6.0428619384765625,7.08941650390625,7.822742462158203,9.497297286987305,11.58883228302002
30850,7.7333691642856515,4.9054718017578125,5.856096038818359,6.288962554931641,7.027290344238281,7.553535461425781,8.17557144165039,9.874763870239248,11.959171829223633,6.767902530341802,-13.888961791992188,-1.155670166015625,2.7272205352783203,6.0811662673950195,7.131092071533203,7.868585586547852,9.547689437866211,11.627403259277349
30900,7.776952073956118,4.992881774902344,5.913192901611328,6.354417419433593,7.071739196777344,7.5945587158203125,8.22006607055664,9.921766662597657,11.860044555664064,6.810693698616852,-14.086109161376953,-1.057014465332031,2.7599830627441406,6.116582870483398,7.157970428466797,7.911386489868164,9.58914566040039,11.640854454040536
30950,7.820444748752014,5.055458068847656,5.978148803710938,6.39267578125,7.11981201171875,7.6400299072265625,8.261531829833984,10.000372695922847,11.809181289672857,6.85502201861369,-14.302448272705078,-0.9304023742675781,2.9166126251220703,6.152978897094727,7.194038391113281,7.962450981140137,9.660776138305664,11.629416275024427
31000,7.863442234685057,5.1725921630859375,6.009730529785156,6.434831237792968,7.165744781494141,7.684104919433594,8.307662963867188,10.036087036132812,11.851825866699219,6.898158828797511,-14.701000213623047,-0.9055812835693359,2.9963245391845703,6.196150779724121,7.245965957641602,7.999763488769531,9.710622787475586,11.623833084106456
31050,7.906344305540759,5.283973693847656,6.0556243133544925,6.483181762695312,7.208976745605469,7.7322235107421875,8.335330963134766,10.0654727935791,11.905870666503914,6.9412427940057855,-14.875747680664062,-0.8909786224365234,3.0853652954101562,6.22770881652832,7.282566070556641,8.03933334350586,9.737903594970703,11.598725891113286
31100,7.947855091525809,5.455451965332031,6.10820816040039,6.5257118225097654,7.250209808349609,7.771736145019531,8.377876281738281,10.061013031005857,11.919194793701175,6.9835920161572576,-14.89040756225586,-0.786149978637695,3.187387466430664,6.284528732299805,7.327484130859375,8.063909530639648,9.756484031677246,11.525839042663577
31150,7.989003360128897,5.594184875488281,6.152214050292969,6.57769889831543,7.292789459228516,7.819976806640625,8.441417694091797,10.088630294799804,11.7958154296875,7.023530172955428,-15.03519058227539,-0.7691490173339843,3.1869754791259766,6.326070785522461,7.358192443847656,8.103158950805664,9.794024467468262,11.50315284729004
31200,8.029452367250887,5.6777496337890625,6.22279655456543,6.625577545166015,7.337261199951172,7.869537353515625,8.492372512817383,10.078993606567382,11.815483169555666,7.064027049800752,-15.09127426147461,-0.7769412994384765,3.248373031616211,6.373584747314453,7.389467239379883,8.146811485290527,9.859817504882812,11.54068241119385
31250,8.068316704726998,5.722587585449219,6.275155181884766,6.678730773925781,7.3756866455078125,7.907173156738281,8.523754119873047,10.06748275756836,11.753878097534182,7.104659123408892,-14.632755279541016,-0.7509719848632812,3.364400863647461,6.409420013427734,7.422527313232422,8.181039810180664,9.874730110168457,11.559007835388188
31300,8.108857735971679,5.719001770019531,6.311435546875,6.729816436767578,7.422771453857422,7.945381164550781,8.555999755859375,10.108959197998042,11.75982025146485,7.145928820354315,-14.022686004638672,-0.5417205810546871,3.3930702209472656,6.447299957275391,7.460689544677734,8.22926139831543,9.885258674621582,11.567193222045901
31350,8.148985817367144,5.6993865966796875,6.372163696289062,6.764279556274414,7.453075408935547,7.9891815185546875,8.592227935791016,10.148844528198241,11.703667984008792,7.184925860730292,-13.307811737060547,-0.4044553756713865,3.4369125366210938,6.486894607543945,7.50897216796875,8.270722389221191,9.927506446838379,11.63090915679932
31400,-0.6563483166369531,-3.096306324005127,-1.8075665307044984,-1.340619421005249,-0.8597111701965332,-0.619056224822998,-0.3904734253883362,-0.13094254434108746,0.07034840822219852,-0.7206131727363765,-3.8271102905273438,-2.10243638753891,-1.4857407808303833,-0.9116628468036652,-0.6695968806743622,-0.44614994525909424,-0.16663673520088196,0.03468089103698778
31450,-0.5521693200114525,-7.014950275421143,-2.6741595125198363,-1.5503432989120483,-0.7067996561527252,-0.40254318714141846,-0.2217969298362732,-0.028580272197723463,0.09167200684547436,-0.6942521497109734,-9.776189804077148,-4.295583724975586,-2.0565143823623657,-0.8346971124410629,-0.46133583784103394,-0.26063406467437744,-0.05427335202693939,0.0486236572265626
31500,-0.6747761165993963,-7.576290130615234,-3.465074505805969,-2.0287808656692503,-0.8879526257514954,-0.4731265902519226,-0.2309010550379753,0.001150038838386508,0.15078169703483596,-0.9145322782860088,-14.762834548950195,-6.15896623134613,-2.9616251587867737,-1.093234360218048,-0.5846175253391266,-0.2857642322778702,-0.04058194160461426,0.08085145354270938
31550,-0.636229550623843,-5.245039939880371,-3.0630100202560424,-1.9206176996231077,-0.9113372564315796,-0.46965712308883667,-0.2030993103981018,0.07433596253395054,0.36476365566253705,-0.8999953614168458,-11.56540298461914,-4.957308721542359,-2.717876434326172,-1.1875184774398804,-0.6117452085018158,-0.2868868559598923,0.012657105922698975,0.21717462539672866
31600,-0.9664435893210077,-8.415037155151367,-5.30856653213501,-3.1206832885742184,-1.432277262210846,-0.6957569122314453,-0.24243998527526855,0.26914789676666173,0.8267600917816179,-1.1841223272625285,-14.776517868041992,-6.168952798843383,-3.607559561729431,-1.7086034417152405,-0.8476042747497559,-0.32613933086395264,0.16744041442871094,0.80073323249817
31650,-0.4101890313508122,-5.379314422607422,-2.7057125854492186,-1.5950156211853024,-0.7319927215576172,-0.32301902770996094,0.006811618804931641,0.5137117862701415,1.0180891036987307,-0.6314827625395937,-7.374865531921387,-3.3611446380615235,-2.1814887523651123,-0.9733638763427734,-0.4793773889541626,-0.13108229637145996,0.33185410499572754,0.8581941604614263
31700,0.011532213660652511,-5.493320465087891,-2.096400527954102,-1.1149539947509763,-0.36150169372558594,1.52587890625e-05,0.3800191879272461,1.2420845985412594,2.1331447601318407,-0.2653472747441264,-11.651542663574219,-3.321356678009033,-1.8592824935913086,-0.6296787261962891,-0.17062902450561523,0.2201228141784668,1.0296401977539062,1.8449011325836222
31750,0.2255037722358227,-2.9968080520629883,-1.4919944095611573,-0.842072296142578,-0.23273754119873047,0.16179943084716797,0.606071949005127,1.572494316101074,2.3028207015991224,-0.008979846178704105,-5.085514068603516,-2.0166738510131834,-1.2889528274536133,-0.47241663932800293,-0.005471229553222656,0.43851447105407715,1.2905590534210205,1.9937324047088645
31800,1.2872305078579964,-1.4217987060546875,-0.521279296875,-0.14995136260986328,0.435089111328125,1.0320301055908203,1.923126220703125,3.5387901306152334,4.561131057739257,0.8436988238700518,-8.132789611816406,-1.686378288269043,-0.7193856239318848,0.09063959121704102,0.6284074783325195,1.4460325241088867,3.1403679847717285,4.281164741516114
31850,1.0774330769705385,-1.6153373718261719,-0.8211934661865234,-0.3547737121582031,0.36143970489501953,0.9164619445800781,1.646224021911621,2.999899673461912,4.385045394897461,0.7072671636215896,-3.951253890991211,-1.6511766910552979,-0.8419399261474609,0.026611328125,0.5912151336669922,1.2574539184570312,2.643857002258301,4.184672927856449
31900,2.0064220818756047,-0.8871345520019531,-0.11391143798828125,0.34153327941894535,1.1414756774902344,1.8946075439453125,2.672332763671875,4.191903686523437,5.307297973632813,1.364026630427286,-7.105472564697266,-1.7268104553222656,-0.5941348075866699,0.4660367965698242,1.2553367614746094,2.169961929321289,3.790238380432129,5.022369575500492
31950,1.578197102137395,-2.0605850219726562,-0.7818219757080078,-0.18569374084472653,0.6606769561767578,1.3841896057128906,2.267484664916992,3.9412237167358377,5.718194885253913,1.0816316087745075,-4.733589172363281,-1.933896255493164,-0.9538817405700684,0.16828155517578125,0.9247350692749023,1.8985719680786133,3.539761543273926,4.8334135055542005
32000,2.6985027856596155,-0.3049755096435547,0.4270306396484375,0.9692752838134766,1.9176139831542969,2.6469497680664062,3.3997039794921875,4.619902420043945,5.717356338500978,1.8715004655768421,-5.917808532714844,-1.7922853469848632,-0.5466213226318359,0.8995609283447266,1.8836936950683594,2.833014488220215,4.314130783081055,5.281765937805182
32050,3.30588183072283,0.3927650451660156,1.168029556274414,1.6532554626464844,2.562540054321289,3.2846221923828125,3.960063934326172,5.174647521972656,6.007726287841797,2.31831673464368,-7.080574035644531,-1.920797348022461,-0.5832176208496094,1.3240423202514648,2.4212684631347656,3.429443359375,4.847990036010742,5.852647399902346
32100,3.7575752771252366,0.8809814453125,1.6866557312011718,2.1624114990234378,3.016691207885742,3.7251052856445312,4.392005920410156,5.585972595214843,6.375207595825196,2.6600030361233644,-7.85089111328125,-2.187647819519043,-0.5071477890014648,1.6822147369384766,2.822460174560547,3.868053436279297,5.241596221923828,6.160822677612311
32150,4.093367182001483,1.4900741577148438,2.12644775390625,2.5722503662109375,3.3938751220703125,4.045646667480469,4.717962265014648,5.843930816650389,6.598274383544923,2.9107308024596628,-8.144035339355469,-2.3901615142822266,-0.5101509094238281,1.9048748016357422,3.1291637420654297,4.174228668212891,5.520839691162109,6.382248306274414
32200,4.361713701380461,1.8934326171875,2.4884268951416018,2.8930843353271487,3.6873855590820312,4.305030822753906,4.983192443847656,6.032315444946289,6.806817626953126,3.1145460356476877,-8.149612426757812,-2.4464765548706056,-0.5274295806884766,2.09755802154541,3.371957778930664,4.420970916748047,5.754748344421387,6.641091537475588
32250,4.580345562345133,2.1984939575195312,2.7645629119873045,3.1488906860351564,3.9183578491210938,4.531806945800781,5.183353424072266,6.2249721527099595,6.953236999511719,3.284293643304147,-7.9285125732421875,-2.5213178634643554,-0.4788064956665039,2.2503204345703125,3.5837974548339844,4.628173828125,5.961584091186523,6.795556259155275
32300,4.760800333502062,2.4509429931640625,2.9851138305664064,3.373857879638672,4.110904693603516,4.705963134765625,5.339910507202148,6.343472290039062,7.119297256469727,3.4247443692041464,-7.568717956542969,-2.677799606323242,-0.42615222930908203,2.380312919616699,3.7570037841796875,4.798694610595703,6.11545467376709,6.935508728027345
32350,4.918846999144827,2.6854515075683594,3.1765673828125,3.5469703674316406,4.27777099609375,4.842689514160156,5.482086181640625,6.535929870605468,7.210691986083985,3.550379234554495,-7.202056884765625,-2.7915903091430665,-0.3886451721191406,2.4998245239257812,3.896167755126953,4.95388126373291,6.256221771240234,7.073760604858399
32400,5.053089777459624,2.8871612548828125,3.347850036621094,3.7070384979248048,4.424308776855469,4.9866943359375,5.597011566162109,6.6758262634277346,7.351400299072266,3.6603290417326964,-7.419197082519531,-2.8133176803588866,-0.43529415130615234,2.612009048461914,4.03956413269043,5.085219383239746,6.363062858581543,7.1287115097045906
32450,5.1635698779225505,3.0738182067871094,3.4954017639160155,3.8460391998291015,4.546379089355469,5.0955810546875,5.698539733886719,6.736180114746093,7.468939361572266,3.7544367787181763,-7.680229187011719,-2.843997001647949,-0.39597606658935547,2.703340530395508,4.151670455932617,5.190670013427734,6.4460906982421875,7.270450973510747
32500,5.266178359194635,3.1773147583007812,3.6068603515625,3.9622913360595704,4.6526641845703125,5.20086669921875,5.793754577636719,6.866743469238281,7.648552703857426,3.8444956618338413,-7.749320983886719,-2.8978126525878904,-0.33802127838134766,2.77239990234375,4.255958557128906,5.294719696044922,6.527746200561523,7.490719985961919
32550,5.365654850335568,3.2177886962890625,3.71227912902832,4.071096801757813,4.752227783203125,5.305744171142578,5.887798309326172,6.896745681762694,7.702272033691408,3.93615510300715,-7.9493255615234375,-2.913085174560547,-0.3216876983642578,2.8476791381835938,4.369190216064453,5.410495758056641,6.651905059814453,7.530514144897462
32600,5.456242077026854,3.26458740234375,3.8051727294921873,4.17243537902832,4.839223861694336,5.40484619140625,5.966945648193359,6.954106140136719,7.729763488769533,4.013455673688023,-7.987663269042969,-2.918643760681152,-0.22844505310058594,2.9341611862182617,4.467010498046875,5.494598388671875,6.699917793273926,7.576086807250982
32650,5.546480778459219,3.314807891845703,3.904910888671875,4.274788284301758,4.939136505126953,5.5042724609375,6.058231353759766,6.989717102050779,7.841393356323243,4.092649590238543,-8.260154724121094,-2.925820541381836,-0.1754293441772461,3.018228530883789,4.558555603027344,5.586978912353516,6.776006698608398,7.576708984375001
32700,5.6387286382630055,3.3927001953125,3.9977841186523437,4.370904159545899,5.041252136230469,5.595184326171875,6.151145935058594,7.065647506713865,7.883854370117188,4.170484245562443,-8.43560791015625,-2.8435642242431642,-0.11970329284667969,3.094515800476074,4.649942398071289,5.6965484619140625,6.8731689453125,7.619103050231934
32750,5.744085193789135,3.4888916015625,4.112301788330078,4.485571670532226,5.161369323730469,5.697059631347656,6.255336761474609,7.161517715454098,7.934139404296875,4.254860601313689,-8.616737365722656,-2.9446386337280273,-0.06874847412109375,3.166952133178711,4.729642868041992,5.78654670715332,6.963130950927734,7.7028755187988285
32800,-5.080373632252106,-24.093425750732422,-19.75097812652588,-17.35522880554199,-6.506276607513428,-3.325284481048584,-1.4944326877593994,-0.3270316123962405,0.2544281005859392,-5.049904183382013,-23.597448348999023,-20.045484924316405,-17.29291582107544,-6.39315390586853,-3.4908742904663086,-1.5390985012054443,-0.2630016803741455,0.2884420394897461
32850,-0.5346797996304816,-5.9781107902526855,-3.341014404296875,-1.71160614490509,-0.722797155380249,-0.4099726676940918,-0.1557931900024414,0.16665115356445287,0.43913581848144556,-0.631028653574125,-6.897584915161133,-3.4175261974334714,-1.9437024593353271,-0.8169857859611511,-0.4901416301727295,-0.21571314334869385,0.1160959005355835,0.3663537263870241
32900,-0.27913575434729104,-3.583705425262451,-1.9495217514038086,-1.2719276428222654,-0.5633316040039062,-0.2178974151611328,0.06854534149169922,0.48810987472534145,0.9103354644775392,-0.4120639642417494,-5.523582935333252,-2.574492931365967,-1.5222811698913574,-0.671262264251709,-0.31320953369140625,-0.030027389526367188,0.3669860363006592,0.719906806945802
32950,-0.13977932936328538,-4.316783905029297,-2.2921992492675782,-1.5033309936523438,-0.5693063735961914,-0.07702255249023438,0.3342132568359375,1.0404584884643533,1.6870572662353538,-0.3395475234877248,-6.210113525390625,-2.9417816162109376,-1.8186187744140625,-0.7932934761047363,-0.23474693298339844,0.1856694221496582,0.8905239105224609,1.4064582824707041
33000,-0.24943240285078133,-6.288169860839844,-2.881232376098633,-1.9076049804687498,-0.8239364624023438,-0.2063446044921875,0.3916435241699219,1.2659633636474605,1.9348314666748048,-0.49619525972934553,-12.539371490478516,-4.072559547424317,-2.490239143371582,-1.0508995056152344,-0.39318275451660156,0.25142478942871094,1.1221733093261719,1.8325031280517583
33050,0.23286768973839905,-3.3215675354003906,-1.4691616821289062,-0.9598297119140625,-0.22101593017578125,0.2367095947265625,0.6802597045898438,1.4086761474609364,2.0508174896240288,-0.06349846356480078,-6.430591583251953,-2.677045440673828,-1.5559463500976562,-0.5610580444335938,0.0092620849609375,0.5074377059936523,1.202566146850586,1.7460708618164071
33100,0.18080613893807457,-4.106800079345703,-2.3085955810546874,-1.476336288452148,-0.4677238464355469,0.19107437133789062,0.8434810638427734,1.7805019378662104,2.568197326660158,-0.11992444258989529,-6.9593353271484375,-3.4766416549682617,-2.044619560241699,-0.7993049621582031,-0.06502151489257812,0.6366138458251953,1.6734504699707031,2.351504325866701
33150,0.4855574811357087,-2.5143051147460938,-1.3361602020263672,-0.7137931823730468,-0.013751983642578125,0.46535491943359375,0.9286651611328125,1.793524932861328,2.6422811889648443,0.1105133283657678,-5.546897888183594,-2.521976661682129,-1.4460487365722656,-0.41045188903808594,0.15888595581054688,0.6864280700683594,1.5229644775390625,2.256140518188477
33200,0.5741333952616606,-2.44122314453125,-1.34453369140625,-0.80660400390625,-0.04097747802734375,0.529754638671875,1.1144638061523438,2.1573234558105407,3.169358062744141,0.16151814827292343,-7.225700378417969,-2.848264694213867,-1.5620613098144531,-0.4903888702392578,0.19834136962890625,0.8495082855224609,1.827789306640625,2.666532897949219
33250,0.9790795463341017,-2.586822509765625,-0.9459576416015625,-0.35622940063476555,0.38677978515625,0.8954315185546875,1.4692840576171875,2.5870445251464833,3.771482543945317,0.49689325136028617,-6.812705993652344,-2.404327392578125,-1.204519271850586,-0.11428642272949219,0.4926261901855469,1.0979976654052734,2.2780628204345703,3.301060867309573
33300,2.3050174191059534,-0.9372329711914062,0.14686264038085936,0.6812454223632812,1.59844970703125,2.2155609130859375,2.9003677368164062,4.255659484863276,5.457884216308607,1.7506761831296407,-6.858367919921875,-2.041920471191406,-0.5079593658447266,0.8985328674316406,1.7833442687988281,2.606853485107422,3.969970703125,5.228257369995118
33350,3.084270947669498,0.6909255981445312,1.2358752441406249,1.6998214721679688,2.4648780822753906,3.0245895385742188,3.579326629638672,4.77100143432617,5.951838684082033,2.473214368046576,-5.5302734375,-1.1770099639892577,0.08521080017089844,1.6756725311279297,2.595630645751953,3.338747024536133,4.499332427978516,5.576192092895509
33400,-7.9105106427762655,-45.76647186279297,-38.593026123046876,-30.288911056518554,-11.176692962646484,-5.440319061279297,-1.6813735961914062,3.2979537963867176,6.6904420471191415,-8.265858501903224,-49.12135314941406,-39.37052345275879,-30.587799072265625,-11.743997573852539,-5.825771331787109,-2.045938491821289,3.2446327209472656,6.415982437133793
33450,-0.011657935331832719,-2.9876880645751953,-1.6927663421630859,-1.0292652130126954,-0.3473930358886719,0.031810760498046875,0.3773336410522461,0.8444980621337883,1.2584429931640628,-0.14781247729153824,-3.841592788696289,-2.147557258605957,-1.3347582817077637,-0.49344873428344727,-0.0757761001586914,0.27928924560546875,0.7551569938659668,1.155595016479495
33500,0.6917453880421569,-3.747722625732422,-1.3157533264160157,-0.41256828308105464,0.27349281311035156,0.6732063293457031,1.1087379455566406,1.897054290771484,2.568781890869141,0.4083495996456977,-7.3928680419921875,-2.5347110748291013,-0.9821367263793945,-0.016107559204101562,0.4629631042480469,0.9157638549804688,1.669999122619629,2.399033164978031
33550,1.3863569893736867,-2.1645240783691406,-0.5620574188232422,0.09880104064941417,0.7972908020019531,1.3361053466796875,1.9419269561767578,2.8226272583007788,3.633838653564453,0.9412714072756847,-7.5821685791015625,-2.173979568481445,-0.7174892425537109,0.3074359893798828,0.9553031921386719,1.6280345916748047,2.6029510498046875,3.3833637237548855
33600,1.915975958433615,-3.0725326538085938,-0.16179534912109378,0.48364028930664066,1.252410888671875,1.8682174682617188,2.5049591064453125,3.5407493591308588,4.62034606933594,1.3188822033808159,-7.120872497558594,-2.331492614746094,-0.7259445190429688,0.5431175231933594,1.3449058532714844,2.1597328186035156,3.3090343475341797,4.242165756225589
33650,2.4123260838662945,-1.9225234985351562,0.3309542846679687,0.9360755920410156,1.7465553283691406,2.3745498657226562,2.9842453002929688,4.15376968383789,5.066771392822266,1.7227154953700197,-8.171035766601562,-2.0241134643554686,-0.5942668914794922,0.8621902465820312,1.7935523986816406,2.6557674407958984,3.862722396850586,4.944511795043946
33700,2.8836780378801405,0.19012451171875,1.0337509155273437,1.4824073791503907,2.258228302001953,2.8401412963867188,3.4127960205078125,4.5239318847656245,5.382215270996096,2.135838762311027,-9.474617004394531,-1.603986358642578,-0.3233909606933594,1.2569637298583984,2.27880859375,3.081249237060547,4.241632461547852,5.18043327331543
33750,3.3127075933313987,0.9520416259765625,1.5723846435546873,2.0290191650390623,2.7416839599609375,3.2805862426757812,3.798206329345703,4.828164672851562,5.647859191894532,2.553383299192131,-8.009635925292969,-1.4144676208496094,0.00281524658203125,1.7233333587646484,2.7324180603027344,3.499055862426758,4.607879638671875,5.533510208129889
33800,3.657326695515442,1.3300247192382812,2.035580596923828,2.470380401611328,3.1125946044921875,3.6068572998046875,4.114997863769531,5.106981658935547,5.937220306396485,2.905883022879946,-5.9480133056640625,-1.1255237579345703,0.3520965576171875,2.1103134155273438,3.1183624267578125,3.8140907287597656,4.9045867919921875,5.840587997436525
33850,3.9085492395892154,1.5582199096679688,2.369578094482422,2.730235290527344,3.3790283203125,3.8595352172851562,4.356777191162109,5.313569641113281,6.169653625488282,3.164056523235563,-5.90020751953125,-0.8160118103027343,0.5677318572998047,2.4120731353759766,3.3849258422851562,4.075874328613281,5.117387771606445,6.030803680419923
33900,4.0873804145628485,1.7275543212890625,2.61267333984375,2.9489089965820314,3.5788841247558594,4.0323486328125,4.520526885986328,5.42417755126953,6.246411437988284,3.345709926052546,-5.2127532958984375,-0.6903385162353515,0.7120895385742188,2.6227645874023438,3.5550994873046875,4.278387069702148,5.2663421630859375,6.111124801635743
33950,4.214469824513951,1.7550277709960938,2.759828643798828,3.1191505432128905,3.704120635986328,4.1623382568359375,4.637119293212891,5.519857025146483,6.314232025146486,3.4765452669733516,-4.10614013671875,-0.538437271118164,0.8156833648681641,2.784822463989258,3.6827049255371094,4.409923553466797,5.346015930175781,6.145412826538086
34000,4.305692059924683,1.8854751586914062,2.8743687438964844,3.243604278564453,3.807445526123047,4.251289367675781,4.740653991699219,5.565220642089843,6.289374694824219,3.571257940894359,-3.1138839721679688,-0.4791587829589843,0.8911838531494141,2.879762649536133,3.788829803466797,4.507129669189453,5.379390716552734,6.206196975708009
34050,4.378197194793077,1.9363174438476562,2.9676466369628907,3.312944030761719,3.8850479125976562,4.3302001953125,4.814212799072266,5.622633361816404,6.336763610839844,3.643728159608209,-2.8021774291992188,-0.3903133392333984,0.964569091796875,2.9518489837646484,3.8686256408691406,4.568866729736328,5.45220947265625,6.191314697265625
34100,4.440769875775048,1.9555740356445312,3.035256195068359,3.4001113891601564,3.9483909606933594,4.396629333496094,4.8653411865234375,5.711657714843748,6.371192779541018,3.7046562002940755,-2.7260055541992188,-0.2481777191162109,1.0603694915771484,3.001911163330078,3.9356651306152344,4.619861602783203,5.508472442626953,6.150622940063477
34150,-0.5303650147541704,-3.305342674255371,-2.0898740005493166,-1.6013907432556151,-0.8430531024932861,-0.47313404083251953,-0.16744756698608398,0.283383560180664,0.7167016601562535,-0.6033270399155787,-4.785759925842285,-2.3858837127685546,-1.7623378038406372,-0.9206188917160034,-0.5230350494384766,-0.20334398746490479,0.23608386516571045,0.6295392751693737
34200,-0.305368280017943,-2.472095489501953,-1.6239195251464844,-1.1570995330810547,-0.6027870178222656,-0.280853271484375,0.025926589965820312,0.45401992797851554,0.790560760498047,-0.3756283652980911,-3.291807174682617,-1.9513065338134765,-1.3083586692810059,-0.6731271743774414,-0.3295860290527344,-0.01544189453125,0.41076087951660156,0.707987594604493
34250,-1.0038618715779437,-5.924873352050781,-4.000543670654297,-2.970484924316406,-1.6634979248046875,-0.8317642211914062,-0.18926239013671875,0.4126014709472646,0.69665885925293,-1.0972198867392464,-7.798454284667969,-4.311500167846679,-3.238750457763672,-1.7900333404541016,-0.8526878356933594,-0.23777198791503906,0.35244274139404297,0.6646562576293948
34300,0.30791613183185007,-1.2695083618164062,-0.5998433685302734,-0.2598293304443359,0.08641815185546875,0.30234527587890625,0.5281715393066406,0.8804260253906246,1.1039399719238283,0.19992558718825587,-4.659217834472656,-0.8488151550292968,-0.4307899475097656,-0.0067882537841796875,0.20586013793945312,0.44376182556152344,0.8095073699951172,1.0312728881835944
34350,0.1451973521009329,-1.6828994750976562,-1.12191650390625,-0.6286033630371094,-0.16185569763183594,0.12593841552734375,0.43102264404296875,0.9831954956054683,1.5708085632324238,0.07408435049945482,-4.2111358642578125,-1.3022514343261717,-0.7704582214355469,-0.23686790466308594,0.0664215087890625,0.3773002624511719,0.9481792449951172,1.4838130950927737
34400,0.24614406385986912,-2.4381866455078125,-2.136971130371094,-1.2652503967285156,-0.13941192626953125,0.3320198059082031,0.7194595336914062,1.3321800231933585,2.272971038818365,0.14980954377312547,-6.913932800292969,-2.207426834106445,-1.4743385314941406,-0.22900390625,0.2366485595703125,0.6383762359619141,1.2719974517822266,2.3560142517089853
34450,0.4471068948689465,-1.502593994140625,-0.45201911926269533,-0.20049896240234372,0.1538543701171875,0.40831756591796875,0.682952880859375,1.230812072753905,1.7110070800781263,0.32373707791908474,-5.093009948730469,-0.8471073150634765,-0.3628730773925781,0.04537773132324219,0.3086662292480469,0.5874767303466797,1.1157455444335938,1.533586502075196
34500,0.6534768782997588,-0.587432861328125,-0.14596542358398437,0.07773208618164064,0.3593482971191406,0.599029541015625,0.8792076110839844,1.3828201293945306,1.7730085754394538,0.49028541735204195,-6.904014587402344,-1.4080215454101563,-0.1353778839111328,0.24724960327148438,0.4886589050292969,0.7698345184326172,1.2768898010253906,1.5641784667968752
34550,0.4529579866132044,-2.5548553466796875,-2.0104989624023437,-0.6295867919921875,0.008197784423828125,0.3638916015625,0.8625640869140625,1.843013763427734,2.5470043945312555,0.33267290964643453,-6.2482757568359375,-2.2212589263916014,-0.7937660217285156,-0.08856010437011719,0.27960205078125,0.7432765960693359,1.7874526977539062,2.3556228637695313
34600,0.4741917290080585,-2.19720458984375,-1.6575614929199218,-0.6752143859863281,-0.033538818359375,0.46585845947265625,0.9463233947753906,1.7195419311523437,2.3507438659667974,0.3196736145560048,-7.57427978515625,-1.9441654205322265,-0.9269943237304688,-0.1536121368408203,0.3283195495605469,0.8451709747314453,1.5803031921386719,2.2002777099609387
34650,0.7563349176143794,-1.4184188842773438,-0.5299931335449218,-0.16121292114257812,0.3564910888671875,0.6776123046875,1.0946273803710938,1.8287414550781242,2.4645663452148443,0.5660268099139947,-7.2618560791015625,-1.6632946014404295,-0.4365577697753906,0.20998573303222656,0.5525970458984375,0.9613075256347656,1.6909255981445312,2.131821441650391
34700,0.7538342137555951,-1.3656845092773438,-0.8920570373535156,-0.5666511535644531,0.2098236083984375,0.7196197509765625,1.340667724609375,1.9874229431152337,2.6755538940429693,0.5632809521752471,-6.28143310546875,-1.2556838989257812,-0.7326793670654297,0.016939163208007812,0.5511665344238281,1.1697311401367188,1.842010498046875,2.347032165527345
34750,0.9300272138455178,-1.391021728515625,-0.6908869934082031,-0.3476982116699219,0.363525390625,0.9017333984375,1.4578781127929688,2.2749755859375,2.985564880371094,0.7125186129660206,-6.908958435058594,-1.4990978240966797,-0.5895118713378906,0.17043685913085938,0.7159271240234375,1.2777385711669922,2.1164169311523438,2.7679306030273443
34800,1.0695952031006053,-0.6430740356445312,0.03996063232421875,0.2899314880371094,0.6531181335449219,0.953369140625,1.3841323852539062,2.2020217895507805,2.7414126586914076,0.845742885415283,-9.192047119140625,-1.675712203979492,-0.0737152099609375,0.4930400848388672,0.8128318786621094,1.188283920288086,2.0397491455078125,2.4904502868652347
34850,1.0579042842722053,-0.9349136352539062,-0.33013641357421875,0.044111633300781265,0.5727806091308594,0.9675445556640625,1.4739303588867188,2.367161560058593,2.9121136474609375,0.8331300638856256,-6.99298095703125,-1.594353485107422,-0.3116340637207031,0.3789176940917969,0.78826904296875,1.3089141845703125,2.1992530822753906,2.8408767700195323
34900,0.9523425825789605,-1.8790130615234375,-1.2538311767578125,-0.6578147888183592,0.3343353271484375,0.9701080322265625,1.6062698364257812,2.384591674804687,3.180349426269532,0.7182249014486541,-4.246368408203125,-1.8076778411865235,-1.0305805206298828,0.10248184204101562,0.74029541015625,1.4361190795898438,2.2513656616210938,3.051976776123047
34950,-0.4411757725399604,-9.7371826171875,-5.58702880859375,-3.9355987548828124,-1.6099700927734375,0.0082855224609375,0.8330078125,2.1558364868164057,2.924931030273438,-0.5248264187073987,-13.049224853515625,-6.198921203613281,-4.086799621582031,-1.6162834167480469,-0.1079254150390625,0.774322509765625,2.0593605041503906,2.711114501953128
35000,1.1990034238727618,-0.5872879028320312,-0.012213745117187504,0.2652854919433594,0.7373542785644531,1.11077880859375,1.598175048828125,2.3658493041992186,3.089673461914063,0.9422751158803142,-6.2089691162109375,-1.3710041046142578,-0.15485382080078125,0.5147113800048828,0.9232292175292969,1.3897285461425781,2.1538009643554688,2.760502624511719
35050,1.4294446468226554,-0.18460845947265625,0.3691070556640625,0.6333038330078125,1.0233383178710938,1.2996063232421875,1.8277359008789062,2.5047180175781247,2.924770507812501,1.1335503581226443,-5.8419647216796875,-1.1503868103027344,0.13688087463378906,0.7813568115234375,1.0955734252929688,1.5073966979980469,2.3002700805664062,2.754367828369141
35100,1.3494266486693784,-1.2691879272460938,0.04998474121093749,0.36178131103515626,0.8901023864746094,1.2394866943359375,1.7271804809570312,2.6619247436523437,3.262819824218752,1.090271533907959,-5.339805603027344,-1.1258415222167968,-0.08123397827148438,0.6611499786376953,1.0524139404296875,1.5347442626953125,2.4476585388183594,2.9380859375000017
35150,-2.2813203656036674,-12.205062866210938,-8.67864501953125,-6.486363220214844,-4.089313507080078,-2.3573455810546875,-0.40407562255859375,1.8416870117187492,5.110737304687505,-2.406417649391058,-12.349822998046875,-8.7322509765625,-6.912797927856445,-4.231719970703125,-2.4988937377929688,-0.5367164611816406,1.8030204772949219,5.181547546386721
35200,1.2685289953162369,-1.0987167358398438,0.08214706420898435,0.41476669311523445,0.8500404357910156,1.1720352172851562,1.6410140991210938,2.4050323486328127,2.8237872314453134,1.0598095952303241,-2.9997100830078125,-0.5075538635253907,0.10430335998535156,0.655609130859375,1.001312255859375,1.4369163513183594,2.2161216735839844,2.71263656616211
35250,1.4952212639574733,-0.5377731323242188,0.37628616333007814,0.6819129943847656,1.0864067077636719,1.3621063232421875,1.9058113098144531,2.5368789672851557,2.9369894409179698,1.204822552444831,-5.9527587890625,-0.7988853454589844,0.14072418212890625,0.831512451171875,1.1713829040527344,1.6168899536132812,2.3295059204101562,2.7176353454589846
35300,0.8541766269834884,-2.485443115234375,-1.2786874389648437,-0.4971336364746093,0.30008697509765625,0.8455352783203125,1.3735504150390625,2.320571899414062,2.9562307739257814,0.6511099582608608,-4.4037017822265625,-1.8319839477539062,-0.8862438201904297,0.08617210388183594,0.6846084594726562,1.193380355834961,2.2074432373046875,2.8432746887207037
35350,1.593339245401099,-0.5145416259765625,0.4389288330078125,0.7525627136230469,1.1792640686035156,1.4863739013671875,2.0090370178222656,2.6376037597656246,3.0431008911132817,1.282349474667405,-4.6210174560546875,-0.8133659362792969,0.14026260375976562,0.8969612121582031,1.2530899047851562,1.7032356262207031,2.4508094787597656,2.8837921142578136
35400,1.3394147136443921,-1.5128173828125,-0.40183837890625007,0.1372787475585938,0.7921218872070312,1.261199951171875,1.93890380859375,2.6384613037109372,3.034394226074219,1.0846337734956164,-4.947410583496094,-1.1022415161132812,-0.2968788146972656,0.5241470336914062,1.0701904296875,1.6798019409179688,2.5040969848632812,2.8222908020019544
35450,1.474215016604547,-0.9150009155273438,0.04962677001953124,0.444415283203125,1.0043754577636719,1.4393157958984375,1.9026107788085938,2.669357299804686,3.1411782836914064,1.1617295903345393,-5.370262145996094,-1.0968605041503907,-0.17908287048339844,0.6814193725585938,1.1787071228027344,1.6730079650878906,2.4759483337402344,2.973200225830078
35500,1.691550405615351,-0.6596221923828125,0.4087730407714843,0.8244659423828125,1.2616348266601562,1.59814453125,2.1348190307617188,2.733721923828125,3.1094189453125027,1.3335830629019716,-6.378089904785156,-1.0540054321289063,0.08847808837890625,0.9394168853759766,1.3373489379882812,1.8018951416015625,2.524181365966797,2.895330047607423
35550,1.8110917715072123,-0.5569381713867188,0.47983993530273433,0.9155311584472656,1.3794746398925781,1.7183380126953125,2.263153076171875,2.8679992675781247,3.210918579101563,1.4353528294713624,-6.670967102050781,-1.051801300048828,0.1275177001953125,1.0283126831054688,1.4477920532226562,1.9313621520996094,2.679546356201172,3.0312896728515626
35600,0.4876209910866937,-3.6604156494140625,-2.1890269470214845,-1.2748756408691406,-0.21764755249023438,0.4803924560546875,1.1829872131347656,2.35944366455078,2.9917713928222662,0.3558080330665256,-3.84332275390625,-2.4570152282714846,-1.4609565734863281,-0.3483734130859375,0.35066986083984375,1.0411949157714844,2.287233352661133,3.0346443176269533
35650,1.380300089491196,-0.324432373046875,0.19729095458984375,0.5852043151855469,1.0360641479492188,1.324615478515625,1.724761962890625,2.258792877197265,2.6691490173339854,1.1460650711248752,-2.6653518676757812,-0.3432750701904297,0.18900489807128906,0.7855014801025391,1.1321792602539062,1.5151634216308594,2.1207122802734375,2.4602653503417975
35700,1.5835521555060943,-0.24261474609375,0.38089508056640625,0.7948814392089844,1.2134628295898438,1.5106658935546875,1.9741249084472656,2.511975097656249,2.81700439453125,1.318515832990862,-3.2880401611328125,-0.372845458984375,0.2639636993408203,0.9445285797119141,1.3006820678710938,1.7299003601074219,2.3604583740234375,2.7166641235351565
35750,1.5378379406144635,-0.749542236328125,-0.03978134155273438,0.4804512023925782,1.0764122009277344,1.478668212890625,1.9591903686523438,2.8175231933593743,3.2210681152343756,1.2363601303505973,-4.871864318847656,-0.89725341796875,-0.12461662292480469,0.7567024230957031,1.22796630859375,1.721282958984375,2.6363868713378906,3.144393539428712
35800,1.752014036480176,-0.23096466064453125,0.4563954162597656,0.8740043640136719,1.3477745056152344,1.6833038330078125,2.169109344482422,2.745531463623047,3.068156127929688,1.4133663900431446,-5.7781219482421875,-0.8305763244628905,0.13280487060546875,1.0092296600341797,1.4303169250488281,1.9062881469726562,2.560619354248047,2.90954055786133
35850,1.0383012697096679,-2.43145751953125,-1.2008441162109376,-0.4591659545898437,0.4055442810058594,0.9505462646484375,1.6039924621582031,2.8383674621582,3.694519348144533,0.7455735910964949,-6.4546356201171875,-1.9600902557373048,-1.0315227508544922,0.1307201385498047,0.7336883544921875,1.3431167602539062,2.5756454467773438,3.493203735351563
35900,1.4586738101858867,-0.94708251953125,0.06673126220703121,0.5489418029785157,1.0565299987792969,1.4512939453125,1.8259048461914062,2.452780151367187,2.883294830322266,1.1376780281242562,-6.8679656982421875,-1.2863319396972657,-0.182220458984375,0.7409858703613281,1.1989288330078125,1.6374588012695312,2.275115966796875,2.72456283569336
35950,1.6020851591436145,-0.5549087524414062,0.3261293029785156,0.7048606872558595,1.1725273132324219,1.598114013671875,1.9958534240722656,2.58002471923828,2.9854022216796885,1.237585617049214,-6.472923278808594,-1.1893802642822264,-0.06325531005859375,0.8306369781494141,1.2830429077148438,1.752553939819336,2.3631439208984375,2.8113914489746095
36000,1.7836534214754736,-0.5390777587890625,0.4896829223632812,0.890625,1.3936767578125,1.7679977416992188,2.1731224060058594,2.7393066406249984,3.1374491882324227,1.3813732186404264,-8.360023498535156,-1.4107063293457032,-0.015567779541015625,0.9842109680175781,1.4632110595703125,1.8989677429199219,2.529949188232422,2.9548469543457054
36050,0.9443400228653946,-3.300872802734375,-1.9021588134765626,-1.253279113769531,0.3128662109375,1.1141815185546875,1.74847412109375,2.5612464904785153,2.9820819091796884,0.6401970133982438,-10.983146667480469,-3.0546695709228513,-1.7112236022949219,-0.10403633117675781,0.838165283203125,1.5471229553222656,2.3956222534179688,2.8659744262695312
36100,1.4188279824278438,-0.9302597045898438,-0.128009033203125,0.3724380493164063,0.9728584289550781,1.382293701171875,1.8438987731933594,2.6186820983886716,3.167913208007813,1.0901111551434108,-6.479152679443359,-1.2662517547607421,-0.2788543701171875,0.620574951171875,1.1303024291992188,1.619720458984375,2.3504257202148438,2.966608810424807
36150,1.7542144223916982,-0.34255218505859375,0.44644775390624997,0.8674446105957031,1.3540000915527344,1.709228515625,2.190765380859375,2.6994567871093738,3.066307983398438,1.3413746678740515,-8.370948791503906,-1.6000076293945313,-0.05579948425292969,0.9586181640625,1.4217605590820312,1.8848075866699219,2.4818382263183594,2.8253013610839854
36200,1.8744062413061802,-0.4438934326171875,0.4896673583984375,0.9205276489257813,1.4483795166015625,1.836639404296875,2.313953399658203,2.87178955078125,3.2443920898437506,1.4329350640745904,-12.369087219238281,-1.844369125366211,-0.0557403564453125,1.037271499633789,1.5304946899414062,2.011404037475586,2.6503429412841797,3.0112121582031253
36250,1.2599904042369914,-1.62530517578125,-0.7812397766113282,-0.19962463378906234,0.6781005859375,1.2560348510742188,1.7823104858398438,2.835382843017578,3.530970458984375,0.9316668373618698,-9.697650909423828,-1.8562896728515625,-0.7859268188476562,0.3290672302246094,0.9676933288574219,1.5850906372070312,2.6075782775878906,3.355986785888672
36300,1.7544605763009846,-0.35355377197265625,0.4491073608398437,0.8455009460449219,1.345977783203125,1.7535476684570312,2.1197280883789062,2.7104492187499996,3.260433349609375,1.3056857818160292,-14.25567626953125,-2.0427696228027346,-0.08428192138671875,0.9277153015136719,1.4062080383300781,1.8393287658691406,2.4622669219970703,2.926834106445314
36350,0.8504943259688029,-3.35302734375,-1.9143035125732422,-0.7678192138671874,0.22896957397460938,0.8595733642578125,1.5105247497558594,2.468334960937498,3.3429695129394545,0.5998366048814893,-8.934867858886719,-2.7061832427978514,-1.3442907333374023,-0.07032966613769531,0.6796150207519531,1.3408927917480469,2.312580108642578,3.243640899658204
36400,1.7512627854297809,-0.37720489501953125,0.4322735595703125,0.8435874938964844,1.3577461242675781,1.746795654296875,2.1235733032226562,2.6927444458007805,3.125841064453125,1.312619044094106,-11.996101379394531,-2.029070281982422,-0.1590576171875,0.9345455169677734,1.4387321472167969,1.8679084777832031,2.462301254272461,2.863040161132814
36450,1.9324952145063778,-0.425933837890625,0.6024438476562499,1.0051536560058594,1.51483154296875,1.9220733642578125,2.3483963012695312,2.885514831542969,3.3417637634277346,1.445992601200743,-17.073204040527344,-2.4291915893554688,-0.13788986206054688,1.0730724334716797,1.5817413330078125,2.048107147216797,2.637723922729492,3.029655456542969
36500,-2.4907515275171073,-18.468917846679688,-14.01007308959961,-9.35333480834961,-4.336570739746094,-1.8624801635742188,0.0017242431640625,2.2193878173828123,4.038460540771486,-2.7738054128897516,-18.38507843017578,-13.655668640136719,-10.014532089233398,-4.699178695678711,-2.0960769653320312,-0.2350311279296875,1.9825763702392578,4.279844284057628
36550,1.6434831530560592,-1.0010833740234375,0.1731141662597656,0.637188720703125,1.2380256652832031,1.611968994140625,2.0271224975585938,2.764849090576171,3.32447967529297,1.1848738849733131,-18.534400939941406,-2.5026588439941406,-0.42609596252441406,0.7805213928222656,1.325286865234375,1.7569713592529297,2.4705162048339844,3.0313117980957034
36600,1.8971518365240083,-0.4081268310546875,0.5005265808105468,0.9387985229492187,1.4963760375976562,1.8900222778320312,2.3126564025878906,2.883681488037106,3.281963195800782,1.3661246412914356,-22.531009674072266,-3.319203948974609,-0.36495208740234375,1.0178413391113281,1.5477943420410156,2.0175857543945312,2.622835159301758,3.0189964294433604
36650,2.059147123386972,-0.3931884765625,0.656427001953125,1.0894767761230468,1.625640869140625,2.0514373779296875,2.4932403564453125,3.0519889831542955,3.4268078613281254,1.4855988225825407,-23.61719512939453,-3.9653114318847655,-0.35614013671875,1.1333198547363281,1.6911849975585938,2.1814346313476562,2.8033180236816406,3.169181823730469
36700,-5.294926415533896,-83.48197937011719,-35.80991973876953,-18.563368225097655,-6.972076416015625,-3.8142471313476562,-1.0996665954589844,1.9587402343749996,3.49478988647461,-5.780739564317953,-106.7269515991211,-42.02768745422363,-18.898426055908203,-7.608476638793945,-4.078990936279297,-1.3332080841064453,1.6727828979492188,3.4612312316894567
36750,0.9322726213960548,-0.789306640625,-0.22157203674316414,0.161892318725586,0.5969934463500977,0.9042816162109375,1.2439842224121094,1.8022556304931638,2.247107849121094,0.6994059573155619,-3.3784332275390625,-1.0648174285888672,-0.3182220458984375,0.36470985412597656,0.7171649932861328,1.0716190338134766,1.6458969116210938,2.09134521484375
36800,1.4865957762439168,-0.5005416870117188,0.32861747741699215,0.7593032836914063,1.1590118408203125,1.4583969116210938,1.7951889038085938,2.351979827880859,2.6868103027343753,1.1496717417193691,-8.583709716796875,-1.3937675476074218,-0.09325027465820312,0.8487968444824219,1.2134895324707031,1.5662574768066406,2.186534881591797,2.5611076354980473
36850,0.34460715730552055,-4.610809326171875,-2.8377642822265625,-2.0269561767578126,-0.5601119995117188,0.5860137939453125,1.2705421447753906,2.1775733947753904,2.8101589965820324,0.044539041144181515,-15.472553253173828,-3.2418216705322265,-2.222039222717285,-0.8418846130371094,0.2044219970703125,1.0390682220458984,1.9015026092529297,2.5332836151123073
36900,1.717256667162236,-0.38236236572265625,0.4734828186035156,0.8551536560058594,1.3400344848632812,1.7084808349609375,2.0716323852539062,2.6561950683593736,3.100580444335938,1.280777253202627,-20.014385223388672,-2.3990142822265623,-0.23532676696777344,0.9689998626708984,1.4093666076660156,1.8285198211669922,2.4324264526367188,2.8636566162109394
36950,1.929116538253326,-0.49156951904296875,0.6316282653808594,1.0178924560546876,1.5239181518554688,1.9244384765625,2.3121910095214844,2.871387481689452,3.3239517211914062,1.4339510809222393,-21.998680114746094,-3.199509811401367,-0.3009223937988281,1.1246986389160156,1.6094093322753906,2.056396484375,2.62786865234375,3.081046295166016
37000,0.9238037770332378,-3.931854248046875,-1.86612548828125,-0.9514186859130858,0.13049888610839844,0.894500732421875,1.6861991882324219,2.814595794677733,4.500634765625001,0.5531342871595349,-17.96783447265625,-3.3192550659179685,-1.7437114715576172,-0.21699142456054688,0.5947303771972656,1.428680419921875,2.6354827880859375,3.971939659118654
37050,1.9365508479702005,-0.7402725219726562,0.5434414672851563,0.9763538360595704,1.50628662109375,1.928070068359375,2.3641204833984375,2.9493911743164056,3.452515563964844,1.423652292860344,-20.369773864746094,-3.3219404220581055,-0.3873615264892578,1.074392318725586,1.5980873107910156,2.0870590209960938,2.710235595703125,3.228073883056641
37100,2.108633786986364,-0.5486602783203125,0.6921621704101563,1.0969017028808594,1.6771430969238281,2.0959548950195312,2.5419273376464844,3.1029235839843743,3.632862243652344,1.5495036784275769,-22.53851318359375,-3.8846576690673826,-0.39852333068847656,1.2077617645263672,1.768798828125,2.2549896240234375,2.874927520751953,3.361563110351563
37150,0.6906907798570424,-3.1968765258789062,-1.6832408905029297,-0.906012725830078,0.04784393310546875,0.7045516967773438,1.3446235656738281,2.233495712280272,2.826576690673829,0.379014233431409,-12.876340866088867,-2.7068248748779298,-1.4519968032836914,-0.23272037506103516,0.4505424499511719,1.1101350784301758,1.9631519317626953,2.599488830566408
37200,1.5051209994398973,-0.9272117614746094,0.296865005493164,0.6285240173339843,1.1377067565917969,1.4737548828125,1.8537445068359375,2.4889099121093747,2.999764099121094,1.051470662278146,-15.497886657714844,-2.7330955505371093,-0.48892784118652344,0.7311782836914062,1.1875877380371094,1.5628414154052734,2.2352733612060547,2.6762817382812503
37250,1.3762622075989435,-1.7197418212890625,-0.5485221862792969,0.09094543457031254,0.8223114013671875,1.3292388916015625,1.8429794311523438,2.859936523437495,4.007598571777344,0.8985105123327338,-18.53417205810547,-3.745034027099609,-1.1414060592651367,0.4029731750488281,1.0145263671875,1.618229866027832,2.6224937438964844,3.824388885498048
37300,1.8178579374541952,-0.6993331909179688,0.44037574768066406,0.8511886596679688,1.4115676879882812,1.8341522216796875,2.2056121826171875,2.775111389160156,3.347162857055668,1.2609437935072776,-20.808128356933594,-3.822650146484375,-0.6852245330810547,0.9489097595214844,1.4839935302734375,1.9331989288330078,2.492431640625,3.053770446777344
37350,2.0298110886897427,-0.6932220458984375,0.6446623229980468,1.0212745666503906,1.6112480163574219,2.0426712036132812,2.436748504638672,3.023041534423828,3.666986846923828,1.415568618963595,-21.994380950927734,-4.296712493896484,-0.6671142578125,1.0975494384765625,1.6802291870117188,2.1546287536621094,2.7039222717285156,3.238572692871094
37400,2.2103047042712864,-0.49200439453125,0.7339219665527343,1.1654312133789062,1.7632217407226562,2.22247314453125,2.6364212036132812,3.2580902099609355,3.8856488037109393,1.5464794538648594,-22.496631622314453,-4.834555053710937,-0.7259426116943359,1.2391700744628906,1.8382720947265625,2.331218719482422,2.892009735107422,3.4870010375976563
37450,-18.150678313795378,-146.34552001953125,-100.41246353149414,-78.27096862792969,-24.58545684814453,-6.87115478515625,-1.8061141967773438,2.1254364013671854,3.9338830566406284,-18.315150699757364,-147.65280151367188,-106.5146656036377,-78.67082214355469,-24.112590789794922,-6.922069549560547,-1.9390201568603516,1.8924713134765625,3.288616943359377
37500,0.14045568213258813,-1.9338359832763672,-0.7917835235595703,-0.4332794189453125,-0.08106613159179688,0.14190292358398438,0.3678731918334961,0.7105106353759759,1.0768303298950201,0.06659279737834005,-2.1287689208984375,-0.9901270866394043,-0.528069257736206,-0.16070890426635742,0.08144903182983398,0.3051323890686035,0.6431403160095215,0.9736369132995618
37550,0.6748250073775819,-1.0520668029785156,-0.26092533111572264,0.05523147583007815,0.41922760009765625,0.6326942443847656,0.9076404571533203,1.423715209960936,1.7339801788330078,0.5240980192908065,-3.7515869140625,-0.6902952194213867,-0.21854114532470703,0.26439666748046875,0.5110988616943359,0.7849531173706055,1.325068473815918,1.6535507202148443
37600,0.8822180387855304,-1.2822647094726562,-0.14164474487304687,0.20864944458007814,0.6010608673095703,0.8482208251953125,1.1292266845703125,1.6970333099365218,2.038363647460938,0.6970022031275296,-4.565498352050781,-0.9755134582519531,-0.2156543731689453,0.42087745666503906,0.7136993408203125,1.009511947631836,1.590291976928711,1.9278045654296876
37650,1.2779079744418567,-0.98406982421875,0.26974395751953123,0.5949821472167969,0.9617729187011719,1.2306747436523438,1.5374374389648438,2.1609992980957022,2.539098205566407,1.0075750063802602,-6.637676239013672,-1.2543231964111328,0.007731437683105469,0.735499382019043,1.0429573059082031,1.3529548645019531,1.9627246856689453,2.374905395507813
37700,1.0155173653210536,-1.30340576171875,-0.5689955139160157,-0.07694473266601556,0.5887203216552734,1.0114288330078125,1.4064559936523438,2.192576599121091,2.780095825195314,0.747737607506628,-8.008647918701172,-2.0589984893798827,-0.6771373748779297,0.3357410430908203,0.8298835754394531,1.2603511810302734,1.9770622253417969,2.481017684936524
37750,1.6257427964728783,-1.1731758117675781,0.23685585021972652,0.8043880462646484,1.2421951293945312,1.5978927612304688,1.9550590515136719,2.632665252685547,3.261674041748047,1.2532576474153612,-8.916606903076172,-2.671822166442871,-0.18561553955078125,0.9678869247436523,1.36541748046875,1.7448673248291016,2.3520259857177734,2.9304718017578133
37800,1.628253673195617,-0.7806625366210938,0.20447128295898434,0.6644332885742189,1.1845169067382812,1.5880889892578125,2.0381240844726562,2.69034423828125,3.342783813476563,1.2139446719335487,-17.236740112304688,-2.969255256652832,-0.31557655334472656,0.8762636184692383,1.3129463195800781,1.8020153045654297,2.424409866333008,3.0596595764160157
37850,-0.5730822114845618,-13.988800048828125,-6.7493615722656255,-4.668705749511719,-1.9679298400878906,-0.2518768310546875,1.132537841796875,2.4519134521484354,3.3510324096679693,-0.9383387645001197,-15.468692779541016,-7.778385162353516,-5.139240264892578,-2.2782535552978516,-0.63348388671875,0.764434814453125,2.080181121826172,3.0678054809570314
37900,1.8821113489106902,-0.4668121337890625,0.5568531799316406,0.9547733306884766,1.4743671417236328,1.8603134155273438,2.2425308227539062,2.9003936767578122,3.5160359191894544,1.3546391121259278,-24.113693237304688,-4.386770820617675,-0.41498756408691406,1.0639057159423828,1.5583572387695312,1.988229751586914,2.6347885131835938,3.2683219909667978
37950,-1.545952260921903,-17.586891174316406,-12.37566047668457,-8.261050415039062,-3.2139892578125,-0.7542495727539062,0.8627891540527344,2.384323120117184,3.3383148193359466,-1.9833738547962607,-24.328147888183594,-13.57684097290039,-9.108541488647461,-3.6651744842529297,-1.1874465942382812,0.5399322509765625,2.192819595336914,3.0645011901855472
38000,1.682644039400391,-0.48748016357421875,0.2458637237548828,0.7015586853027345,1.2584877014160156,1.665496826171875,2.0889244079589844,2.713107299804687,3.456785278320313,1.1906416092702694,-22.864791870117188,-3.748193359375,-0.4654989242553711,0.8401765823364258,1.3596725463867188,1.8481826782226562,2.460390090942383,3.141037368774414
38050,1.2827536273503157,-4.5472869873046875,-1.9786699676513673,-1.0432106018066405,0.6626319885253906,1.46478271484375,2.0466880798339844,3.012882995605468,3.8138824462890626,0.7494998692706085,-24.764633178710938,-4.911777114868164,-1.7976951599121094,0.047560691833496094,1.0870361328125,1.7078781127929688,2.62493896484375,3.505381011962891
38100,1.9778302405826467,-0.6237411499023438,0.4613193511962891,0.9318313598632812,1.5127449035644531,1.95263671875,2.3607711791992188,3.2322570800781247,3.76825538635254,1.3311243722762278,-30.315959930419922,-5.796648979187012,-0.7444629669189453,1.032139778137207,1.57904052734375,2.0641345977783203,2.8566722869873047,3.4593204498291024
38150,2.239287159210375,-0.4652252197265625,0.8467911529541016,1.2231258392333983,1.7959175109863281,2.2335662841796875,2.6227455139160156,3.3936737060546873,3.991334533691407,1.5295068069928257,-30.5291748046875,-6.0463052749633786,-0.5915775299072266,1.2586555480957031,1.8204460144042969,2.3079357147216797,2.9706954956054688,3.6345977783203125
38200,2.4123487865357776,-0.3381690979003906,0.9542681884765625,1.3674819946289063,1.9418754577636719,2.412994384765625,2.811992645263672,3.5569580078125,4.194011077880861,1.6569328720249523,-31.189697265625,-6.3781122207641605,-0.64715576171875,1.392242431640625,1.964468002319336,2.496519088745117,3.152362823486328,3.8078506469726574
38250,-1.2327921154205703,-14.214179992675781,-6.983962364196778,-4.753454971313476,-2.3288021087646484,-1.0351905822753906,0.103485107421875,1.7342668533325165,2.695426712036135,-1.4436307224110851,-17.986690521240234,-7.324891996383667,-5.009256362915039,-2.6090035438537598,-1.2495861053466797,-0.07161259651184082,1.6059942245483398,2.607779693603517
38300,0.7158205360292976,-1.9336128234863281,-0.524394416809082,-0.01462879180908196,0.3971214294433594,0.6735382080078125,0.9903411865234375,1.639749145507812,2.04880615234375,0.4955952539960839,-4.806541442871094,-1.611672592163086,-0.5029711723327637,0.20166015625,0.5089941024780273,0.827967643737793,1.5010948181152344,1.9432498931884779
38350,0.8432183393670496,-2.5915908813476562,-1.2526893615722656,-0.5202812194824219,0.3577842712402344,0.8200454711914062,1.2821884155273438,2.252441406249997,3.572076416015626,0.5042763509692936,-10.93044662475586,-3.377663993835449,-1.1758384704589844,0.06737136840820312,0.59625244140625,1.062514305114746,2.007110595703125,2.9715827941894553
38400,1.6464250033883188,-0.5713920593261719,0.35399452209472654,0.7015316009521485,1.1699848175048828,1.5659637451171875,2.0239830017089844,2.9337593078613264,3.578604202270508,1.1512912901588843,-17.203617095947266,-3.5699220657348634,-0.4803009033203125,0.8274192810058594,1.271627426147461,1.7195987701416016,2.5041427612304688,3.1998218536376957
38450,1.872522068758642,-0.32149505615234375,0.5021429443359375,0.8831443786621095,1.3809947967529297,1.7640380859375,2.2773971557617188,3.252188873291015,3.909414520263672,1.303675573513181,-20.532142639160156,-4.065167617797852,-0.4306907653808594,0.9810714721679688,1.4538841247558594,1.9323663711547852,2.741312026977539,3.5614545822143566
38500,2.1667032122707037,-0.0195465087890625,0.7765341949462891,1.169165802001953,1.6678581237792969,2.0826797485351562,2.5771026611328125,3.499658966064453,4.19948226928711,1.5252079384317645,-22.003292083740234,-4.68498592376709,-0.5008401870727539,1.2087974548339844,1.7131767272949219,2.2412796020507812,3.033548355102539,3.7472301483154307
38550,2.3703970015761766,-0.05826568603515625,0.908061752319336,1.3136993408203126,1.8427467346191406,2.3056716918945312,2.8086013793945312,3.7168426513671866,4.420920715332032,1.6876224784026785,-24.308990478515625,-5.124306869506836,-0.5631675720214844,1.3396377563476562,1.8952865600585938,2.452669143676758,3.276958465576172,4.022370147705083
38600,0.33368229517555287,-2.2086143493652344,-1.0906236267089844,-0.6223649978637695,-0.06026601791381836,0.3135795593261719,0.7015447616577148,1.378286743164061,1.9187539291381848,0.12212621747623975,-8.207448959350586,-2.3279009819030763,-1.036003589630127,-0.22425556182861328,0.1821613311767578,0.5474343299865723,1.1518993377685547,1.764109230041504
38650,1.3524858133608504,-1.4129104614257812,0.07732810974121092,0.48888626098632815,0.9426536560058594,1.2514572143554688,1.6521415710449219,2.6581966400146477,3.373447875976564,0.8923345684709593,-8.704490661621094,-3.4546567916870115,-0.6168460845947266,0.6289701461791992,0.9994945526123047,1.3694534301757812,2.0963306427001953,2.9102602005004896
38700,1.8413461679605103,-0.33620452880859375,0.46393768310546873,0.8716903686523438,1.3542594909667969,1.7192230224609375,2.1693077087402344,3.3338268280029286,4.097635498046877,1.2904821139804192,-15.946113586425781,-3.8388084411621093,-0.41826725006103516,0.9678306579589844,1.4180583953857422,1.8672056198120117,2.8251657485961914,3.667785072326662
38750,1.5574006763126758,-1.4997596740722656,-0.24912322998046882,0.23053817749023445,0.9648017883300781,1.4602203369140625,2.0785751342773438,3.2272022247314447,4.248675079345705,1.0735814526619067,-15.099464416503906,-3.4305246353149412,-0.9144411087036133,0.5462265014648438,1.1800613403320312,1.7697744369506836,2.8368682861328125,3.755305480957032
38800,2.1613245600878543,-0.928192138671875,0.5644793701171875,1.0103652954101563,1.620431900024414,2.0624313354492188,2.5597572326660156,3.7170761108398422,4.701027526855473,1.5288431402051699,-18.90658187866211,-3.9035018920898437,-0.606689453125,1.1177167892456055,1.7081375122070312,2.2146358489990234,3.2326221466064453,4.153562545776369
38850,2.442788108118094,-1.0971755981445312,0.7494529724121094,1.2539718627929688,1.8871803283691406,2.357593536376953,2.845071792602539,4.021296691894529,4.932153244018555,1.729821283176272,-17.598297119140625,-4.746718788146973,-0.6981172561645508,1.3311843872070312,1.9580230712890625,2.490682601928711,3.5409975051879883,4.500186347961426
38900,2.679244404107752,-1.18804931640625,0.9077120971679686,1.4417243957519532,2.1220474243164062,2.6060791015625,3.1058349609375,4.2477989196777335,5.393064270019538,1.8956529601769712,-17.432842254638672,-5.29475154876709,-0.8189678192138672,1.518524169921875,2.167560577392578,2.749683380126953,3.78670597076416,4.786756515502931
38950,2.89539580354024,-1.5850982666015625,1.068281478881836,1.635521697998047,2.3183860778808594,2.828277587890625,3.3360671997070312,4.462606811523436,5.691289215087896,2.0388005135374376,-18.31524658203125,-5.7452655792236325,-0.9551048278808594,1.643784523010254,2.3389930725097656,2.960508346557617,4.066489219665527,5.033444213867188
39000,3.0858547150882796,-1.6833343505859375,1.2082625579833983,1.7986465454101563,2.5168380737304688,3.02081298828125,3.5459671020507812,4.645426940917969,5.770208282470704,2.1723051858294573,-20.227458953857422,-6.328719711303711,-1.073897361755371,1.7706432342529297,2.4878616333007812,3.1614913940429688,4.298675537109375,5.311900329589845
39050,3.254338650953063,-1.6750869750976562,1.3149960327148438,1.9428909301757813,2.6769027709960938,3.18585205078125,3.7318572998046875,4.837964630126951,5.886900939941406,2.285095574963063,-21.381336212158203,-6.746559143066406,-1.200918197631836,1.8711700439453125,2.6460723876953125,3.3321170806884766,4.4901275634765625,5.428604507446289
39100,3.398634225042963,-1.3161697387695312,1.4884110260009766,2.080374526977539,2.798980712890625,3.3092803955078125,3.889862060546875,5.01846351623535,6.22347869873047,2.3770246191561917,-21.86182403564453,-6.687398338317871,-1.3682270050048828,1.9205551147460938,2.7651405334472656,3.472637176513672,4.666507720947266,5.600303459167482
39150,-0.5602120502876405,-4.616185188293457,-2.7592293405532837,-1.8548633098602294,-0.8226296901702881,-0.45924806594848633,-0.1293962001800537,0.2233818292617797,0.5215096139907847,-0.6343379696231339,-6.578056335449219,-2.953289437294006,-2.042461931705475,-0.9171135425567627,-0.49596548080444336,-0.17132198810577393,0.19826531410217285,0.5283543825149536
39200,0.1713877043570732,-1.9679489135742188,-0.8080874633789062,-0.4461238861083984,-0.06557655334472656,0.14532184600830078,0.4039936065673828,0.8417556762695307,1.1868444442749033,0.04934873827543404,-3.7347640991210938,-1.2361919403076171,-0.6830663681030273,-0.17774033546447754,0.06753253936767578,0.31017541885375977,0.7399988174438477,1.0620909690856946
39250,0.654891158810265,-1.2285804748535156,-0.27353260040283206,0.054610061645507815,0.34276580810546875,0.6056098937988281,0.9263858795166016,1.4610927581787079,1.8152622985839848,0.4705290782548754,-2.768472671508789,-0.7972437858581543,-0.26741504669189453,0.18920040130615234,0.4479999542236328,0.7541990280151367,1.2499809265136719,1.617391204833985
39300,0.9569424156049069,-0.6006050109863281,-0.06112472534179688,0.2314281463623047,0.603057861328125,0.8845901489257812,1.2653255462646484,1.9007377624511717,2.2455798339843764,0.7435907092957559,-3.206409454345703,-0.7335094451904297,-0.11733245849609375,0.41802310943603516,0.7130928039550781,1.077570915222168,1.7376060485839844,2.108266067504885
39350,0.7326233798191011,-2.2247695922851562,-1.3309819030761718,-0.4854793548583984,0.2837848663330078,0.7237014770507812,1.1943187713623047,1.9679626464843745,2.4844725799560563,0.5385957806405133,-5.611904144287109,-1.7543298721313476,-0.856109619140625,0.07448768615722656,0.5757579803466797,1.0392627716064453,1.8288536071777344,2.3004337310791017
39400,-1.0718215873448607,-7.84033203125,-5.568818359375,-4.160077285766601,-2.1479244232177734,-0.9737548828125,0.2732963562011719,1.4482021331787105,2.2437426757812506,-1.273592289145264,-8.761184692382812,-6.090935325622558,-4.508600234985352,-2.4092254638671875,-1.082754135131836,0.08056259155273438,1.2435340881347656,2.084210205078125
39450,1.60422890242699,-0.476043701171875,0.45500526428222654,0.7682773590087891,1.1583728790283203,1.5248985290527344,1.973480224609375,2.6825675964355464,3.161111373901367,1.2618210840174546,-6.181892395019531,-1.3499252319335937,-0.022632598876953125,0.8738231658935547,1.2720489501953125,1.7587089538574219,2.4653501510620117,2.944586563110352
39500,0.9839518605601493,-3.84814453125,-1.7906947326660156,-0.9013809204101562,0.27516746520996094,0.9083290100097656,1.7368965148925781,2.9913581848144526,3.6681018829345704,0.6622842848828783,-7.534610748291016,-3.0517587661743164,-1.533773422241211,-0.07522010803222656,0.6798934936523438,1.5019092559814453,2.750631332397461,3.610920333862308
39550,1.7331753572884183,-0.5863113403320312,0.5159902954101562,0.8155887603759766,1.2033233642578125,1.682281494140625,2.18048095703125,2.9223731994628905,3.3505783843994146,1.345076711981,-7.8158721923828125,-1.8996841430664062,-0.16408824920654297,0.9219274520874023,1.3584136962890625,1.930450439453125,2.638132095336914,3.1988372802734375
39600,1.3745481048592094,-1.2490806579589844,-0.14164329528808597,0.34942016601562514,0.9531936645507812,1.3444595336914062,1.7914695739746094,2.3678695678710935,3.1517951202392602,1.0209633614043163,-11.36263656616211,-2.0207397460937497,-0.5439863204956055,0.6299962997436523,1.0994033813476562,1.5758123397827148,2.2114295959472656,2.7882190704345704
39650,1.8943790676046994,-0.5258407592773438,0.5902692413330078,1.0102344512939454,1.4245338439941406,1.876190185546875,2.297954559326172,2.900243377685546,3.4892576599121097,1.4395508247616018,-15.489227294921875,-2.109425735473633,-0.20404720306396484,1.0774965286254883,1.5107154846191406,2.006436347961426,2.6692276000976562,3.179674530029299
39700,0.2058738005975444,-7.329132080078125,-3.428327941894531,-2.0642616271972654,-0.615264892578125,0.2542762756347656,1.1431522369384766,2.3057796478271473,2.9667765045166026,-0.07808193939187363,-7.51220703125,-4.694483947753906,-2.667491912841797,-0.9086856842041016,0.04579925537109375,0.8948211669921875,2.1575050354003906,2.9470951080322276
39750,1.614722876101455,-0.94476318359375,0.2113587188720703,0.6052719116210937,1.124898910522461,1.5374641418457031,2.0436553955078125,2.8902717590332028,3.417190093994141,1.175461695120768,-11.025314331054688,-2.291242980957031,-0.4026069641113281,0.7315378189086914,1.2448406219482422,1.7347335815429688,2.5838241577148438,3.2862298965454104
39800,1.7854487205989937,-0.7944221496582031,0.3287586975097656,0.7457679748535156,1.2702713012695312,1.7253570556640625,2.227832794189453,3.076819610595703,3.673576126098634,1.2996782504874596,-16.21344757080078,-2.652119255065918,-0.5012054443359375,0.8764429092407227,1.3999500274658203,1.9145336151123047,2.7060203552246094,3.4018016815185557
39850,2.14215594557033,-0.5215034484863281,0.7879625701904297,1.14761962890625,1.5902519226074219,2.1064605712890625,2.5911102294921875,3.344750976562497,4.0381992340087915,1.6010913855633413,-18.09778594970703,-2.6864543914794923,-0.24669742584228516,1.2036762237548828,1.6965579986572266,2.257101058959961,3.0096797943115234,3.7153785705566413
39900,2.372926775394777,-0.23003387451171875,0.9922569274902343,1.3248466491699218,1.7911338806152344,2.3435745239257812,2.8408851623535156,3.631731414794922,4.3968281555175786,1.8006439330600654,-19.727474212646484,-2.8944984436035157,-0.16239356994628906,1.372446060180664,1.905679702758789,2.4929733276367188,3.2800960540771484,4.056844329833987
39950,0.013957366264154706,-10.005348205566406,-4.591200561523437,-2.80087890625,-1.0107383728027344,0.01757049560546875,1.0705490112304688,2.8343040466308564,4.53953582763672,-0.3111957887196178,-14.130504608154297,-6.385125732421875,-3.60800838470459,-1.3594169616699219,-0.2032022476196289,0.8784561157226562,2.602914810180664,4.016938972473149
40000,1.6111207425261695,-2.3408851623535156,0.18391525268554687,0.6705627441406251,1.1862983703613281,1.5685653686523438,1.9449958801269531,2.8686912536621088,3.641533126831055,1.1550308522120714,-18.482072830200195,-2.6119869232177733,-0.5251264572143555,0.7997074127197266,1.2701969146728516,1.7127628326416016,2.407764434814453,3.223800468444826
40050,2.0922241099426286,-1.9812240600585938,0.6747512817382812,1.0842647552490234,1.570657730102539,2.0447235107421875,2.5133304595947266,3.384548187255859,4.165906372070315,1.5478696738664368,-20.80408477783203,-2.9583059310913087,-0.4115419387817383,1.1609735488891602,1.662322998046875,2.1992063522338867,2.9824752807617188,3.8471445083618194
40100,2.397772839434946,-0.8799591064453125,0.9357488250732422,1.300680160522461,1.8371315002441406,2.339447021484375,2.854248046875,3.8075019836425774,4.641593627929688,1.8001430787138173,-20.01709747314453,-3.145257568359375,-0.3047752380371094,1.3759517669677734,1.9167957305908203,2.5021190643310547,3.3590469360351562,4.2030517578125
40150,1.3940461265448398,-4.451911926269531,-1.587381286621094,-0.5225723266601561,0.6126480102539062,1.3430862426757812,2.1138744354248047,3.5148990631103496,5.178996353149416,0.8840275050645342,-15.086563110351562,-4.757048416137695,-1.760995864868164,0.17522811889648438,1.01605224609375,1.8171844482421875,3.0888309478759766,4.44466495513916
40200,2.443083880462768,-0.153411865234375,0.8676094055175781,1.2707637786865236,1.8379859924316406,2.3706741333007812,2.8830909729003906,4.0064655303955075,4.920651092529299,1.7704441382705087,-12.555767059326172,-3.486148452758789,-0.46785545349121094,1.2898712158203125,1.8809032440185547,2.5197811126708984,3.511068344116211,4.596656799316406
40250,2.730560803521101,0.22132492065429688,1.1154405975341797,1.4912063598632812,2.104564666748047,2.659679412841797,3.225566864013672,4.3376823425292965,5.207649993896486,1.9879887412297907,-14.027210235595703,-3.9137224197387694,-0.42438793182373047,1.4992914199829102,2.151439666748047,2.7837133407592773,3.8559188842773438,4.942137145996095
40300,2.8943302064318304,0.26810455322265625,1.078786849975586,1.4438282012939454,2.2500457763671875,2.8504180908203125,3.456451416015625,4.594855117797851,5.43463218688965,2.114129597187211,-15.594860076904297,-4.392516708374023,-0.5367860794067383,1.5280332565307617,2.297182083129883,2.9967117309570312,4.127647399902344,5.14736557006836
40350,-0.07558192035919359,-9.663324356079102,-5.045936279296876,-3.0017116546630858,-0.9286289215087891,0.05683708190917969,0.9461698532104492,2.4513198852538958,3.6159617614746122,-0.41602293793884015,-18.684349060058594,-6.342090606689453,-3.686464309692383,-1.2444629669189453,-0.20344161987304688,0.6862964630126953,2.229475498199463,3.542035198211672
40400,1.3052064237713719,-1.5205917358398438,-0.19732040405273438,0.27321701049804686,0.834864616394043,1.236124038696289,1.741598129272461,2.5279773712158202,3.004956130981446,0.8773375834466041,-7.875873565673828,-2.5923176765441895,-0.6419272422790527,0.4594106674194336,0.9381828308105469,1.4299798011779785,2.268871307373047,2.8290357589721693
40450,1.9516680710118657,-1.73455810546875,0.2273401641845703,0.7292690277099609,1.3352794647216797,1.8922958374023438,2.5261898040771484,3.3634872436523424,4.214027175903323,1.3577341901635263,-9.97154426574707,-3.457996940612793,-0.692997932434082,0.8311910629272461,1.4437923431396484,2.1159543991088867,3.100192070007324,3.8364738464355472
40500,2.4175101505008874,-1.7313919067382812,0.40805763244628906,1.027813720703125,1.7440223693847656,2.3588714599609375,3.0485305786132812,3.9564659118652337,5.092443771362307,1.6908968068419135,-12.59642219543457,-4.041824531555176,-0.7240438461303711,1.095005989074707,1.8173751831054688,2.580564498901367,3.643742561340332,4.514092636108399
40550,2.783473452513059,-1.18890380859375,0.4912525939941406,1.2615306854248047,2.0813827514648438,2.734466552734375,3.4544525146484375,4.444277191162107,5.841298141479496,1.952820113395234,-13.648269653320312,-4.602029609680176,-0.9072637557983398,1.312190055847168,2.1216888427734375,2.9714794158935547,4.082855224609375,5.134325027465821
40600,3.069135804268834,-1.4147872924804688,0.6755144500732422,1.4461822509765625,2.3492965698242188,3.034496307373047,3.7361068725585938,4.80849609375,6.26875770568848,2.1462419647043833,-19.090681076049805,-5.527250099182129,-1.0225982666015625,1.4800806045532227,2.3683815002441406,3.2759876251220703,4.405844688415527,5.512546157836914
40650,3.314885102210449,-1.0228805541992188,0.8164120483398437,1.6401092529296877,2.5843048095703125,3.287555694580078,3.9761428833007812,5.077526092529295,6.695070953369141,2.3075292295401204,-27.35639190673828,-6.347257232666015,-1.1892213821411133,1.6260223388671875,2.5752525329589844,3.5525941848754883,4.715304374694824,5.950925064086915
40700,3.5279199142516875,-0.46856689453125,0.9766683959960938,1.840612030029297,2.7788429260253906,3.5035324096679688,4.186674118041992,5.395199966430659,6.975269927978516,2.433523260529397,-31.09524917602539,-6.974954223632812,-1.3575401306152344,1.7365751266479492,2.7726211547851562,3.7689037322998047,5.035585403442383,6.427180099487305
40750,3.7042942325897172,-0.32469940185546875,1.130604553222656,1.9940830230712892,2.9305458068847656,3.6622772216796875,4.371543884277344,5.594818878173828,7.165539245605471,2.5214592419826007,-33.05336380004883,-7.939810371398925,-1.608973503112793,1.7828960418701172,2.923196792602539,3.926786422729492,5.2981109619140625,6.737592315673828
40800,-8.985974019808621,-117.48843383789062,-66.39529815673828,-34.15475311279296,-10.505366802215576,-4.9595746994018555,-1.9659706354141235,0.5160260200500487,2.406281757354737,-9.660147930454203,-147.4130096435547,-69.72173919677735,-36.701178550720215,-11.210007667541504,-5.440370082855225,-2.0574538111686707,0.5665521621704102,2.5910572052001988
40850,-0.59166284285262,-3.384730339050293,-1.8811413216590882,-1.2357231974601746,-0.8000659048557281,-0.5374056100845337,-0.32702136039733887,-0.0858903706073762,0.10871894598007274,-0.6385242183802612,-4.337737083435059,-1.9561720490455627,-1.3409322798252106,-0.83690245449543,-0.5847715437412262,-0.36773890256881714,-0.11229005455970764,0.06860757470130965
40900,-0.5180218927948328,-4.408583641052246,-1.8445462656021119,-1.2926328897476196,-0.7208513617515564,-0.4579143524169922,-0.23931705951690674,0.07557651996612536,0.24593296051025398,-0.5917281530826514,-4.953668594360352,-2.2305704951286316,-1.4819415509700775,-0.7986055612564087,-0.5109118819236755,-0.282676637172699,0.015397727489471436,0.20712980031967165
40950,-0.24142466762298412,-4.079422473907471,-1.6780763816833497,-1.0045868396759032,-0.4244413375854492,-0.17679786682128906,0.02387237548828125,0.2883905410766595,0.5582153320312513,-0.3652667368805413,-7.150424003601074,-2.3232869148254394,-1.2972190380096436,-0.5586302280426025,-0.2627902030944824,-0.04403495788574219,0.2428443431854248,0.4643091201782228
41000,-0.5664543754522895,-6.2781219482421875,-3.695428581237793,-2.047443389892578,-0.9122428894042969,-0.4072265625,-0.03694725036621094,0.40768470764160053,0.7288316726684572,-0.6493142586078705,-11.746952056884766,-4.293113708496094,-2.1851444244384766,-1.0037169456481934,-0.46909427642822266,-0.0766134262084961,0.35249853134155273,0.7057622909545901
41050,0.18299670831465892,-2.85455322265625,-1.973663558959961,-0.8162864685058593,-0.06102561950683594,0.23265838623046875,0.49141788482666016,1.0451694488525387,1.6607319641113287,0.049883702271718566,-3.3922042846679688,-2.0717920303344726,-1.0781211853027344,-0.22623348236083984,0.12044811248779297,0.4030599594116211,0.9535436630249023,1.4823076248168965
41100,0.5282356339251143,-3.1218032836914062,-0.8686180877685548,-0.3212406158447265,0.17505645751953125,0.461151123046875,0.8209133148193359,1.6452884674072263,2.389298019409181,0.3029711774338909,-11.130603790283203,-2.2852048873901367,-0.7514762878417969,-0.018133163452148438,0.31978607177734375,0.6741056442260742,1.457392692565918,2.125926971435547
41150,0.7612076596379945,-2.8038787841796875,-1.467745819091797,-0.4540725708007812,0.27872657775878906,0.6922073364257812,1.2238216400146484,2.214604568481445,2.9525471496582045,0.4758770652498035,-15.618892669677734,-2.356262969970703,-1.234628677368164,0.04274463653564453,0.494659423828125,1.0093517303466797,2.027864456176758,2.7652318954467776
41200,0.7930522830505938,-3.6547775268554688,-1.0323561096191407,-0.29477691650390625,0.32238006591796875,0.7060623168945312,1.18377685546875,2.2320438385009758,2.9294530487060575,0.5328971002695622,-15.33966064453125,-2.4937395095825194,-0.8466081619262695,0.11052703857421875,0.5219440460205078,1.0113143920898438,2.0724430084228516,2.8069555282592806
41250,0.8079562586354284,-3.2126922607421875,-1.7042015838623048,-0.8712348937988281,0.137115478515625,0.7075386047363281,1.436065673828125,2.755719757080077,3.490266571044922,0.5534878716247537,-16.559215545654297,-2.6832000732421877,-1.4028472900390625,-0.08802032470703125,0.5670166015625,1.2381153106689453,2.5475425720214844,3.351372528076174
41300,1.450322130149012,-2.3467330932617188,-0.3083468627929688,0.27560195922851566,0.8949737548828125,1.3286361694335938,1.888092041015625,3.079717254638672,3.8541487121582034,1.0782363484862676,-16.847896575927734,-2.2572872161865236,-0.47032737731933594,0.5452651977539062,1.044830322265625,1.6334457397460938,2.9103126525878906,3.6350391387939456
41350,0.9666709028087396,-3.6734466552734375,-1.728497772216797,-0.8846847534179687,0.19341659545898438,0.9446487426757812,1.6983757019042969,2.888477706909179,3.4987773132324254,0.6379293292454696,-15.499496459960938,-3.1104394912719724,-1.5685768127441406,-0.11200904846191406,0.6947555541992188,1.4823198318481445,2.707583427429199,3.468720245361329
41400,1.6311182604487386,-1.8918075561523438,-0.20228569030761734,0.42142105102539074,1.07672119140625,1.526947021484375,2.0876197814941406,3.220753479003906,3.8811837768554707,1.2141244457919167,-14.998889923095703,-2.2782859802246094,-0.47458648681640625,0.6622886657714844,1.2262496948242188,1.8259801864624023,3.0253562927246094,3.666037750244141
41450,1.4768258732682429,-2.886646270751953,-0.8097619628906251,-0.053431320190429635,0.7926559448242188,1.3587074279785156,2.0563392639160156,3.41287384033203,4.304120178222658,1.0812891217946923,-11.122684478759766,-2.821863555908203,-0.9237861633300781,0.41671180725097656,1.0939674377441406,1.800760269165039,3.156522750854492,4.004405975341798
41500,1.949502075665687,-1.6497039794921875,0.03113037109374998,0.6373588562011719,1.2995529174804688,1.836639404296875,2.449827194213867,3.763877868652343,4.481846313476564,1.473556178029108,-10.418632507324219,-2.4228878021240234,-0.4984779357910156,0.8411903381347656,1.4777183532714844,2.158297538757324,3.4927940368652344,4.261168670654298
41550,-0.4991100452188922,-19.268051147460938,-9.365443115234376,-5.351558685302734,-2.0330963134765625,-0.1817169189453125,1.4509239196777344,3.347077941894531,4.197024383544924,-0.7643828525468892,-26.530025482177734,-9.962784385681152,-5.895841598510742,-2.374074935913086,-0.31357765197753906,1.2999000549316406,3.1147918701171875,4.1617988586425785
41600,1.7824319702115996,-1.7186965942382812,-0.37075027465820315,0.39105300903320317,1.1041717529296875,1.6539688110351562,2.3458213806152344,3.6113990783691396,4.417003479003907,1.310969957763153,-7.572338104248047,-2.8301841735839846,-0.7483501434326172,0.67718505859375,1.315673828125,2.072063446044922,3.2771072387695312,4.1376369476318375
41650,2.1175984684976843,-1.3350830078125,0.11761444091796873,0.7110755920410157,1.4321098327636719,1.9893569946289062,2.7153244018554688,3.8952392578125,4.674021530151368,1.5859509960286717,-7.560577392578125,-2.898290252685547,-0.5323123931884766,0.9122200012207031,1.6013641357421875,2.367563247680664,3.6418275833129883,4.410378646850586
41700,2.3628635624447876,-1.118896484375,0.350985107421875,0.9116275787353516,1.6282825469970703,2.2300338745117188,2.993633270263672,4.2334548950195305,5.021776123046875,1.7914120454210531,-8.050422668457031,-2.8426528930664063,-0.4649982452392578,1.0696296691894531,1.8075485229492188,2.625408172607422,3.98370361328125,4.826729583740237
41750,0.544361495160689,-3.4983062744140625,-1.7495185470581054,-0.9618309020996092,-0.06613540649414062,0.472900390625,1.125101089477539,2.282288932800292,2.8817425537109376,0.2835601113427838,-7.405143737792969,-2.8178380966186523,-1.6234855651855469,-0.35350894927978516,0.3010845184326172,0.9690790176391602,2.158571243286133,2.828251075744629
41800,1.532217280205152,-1.7502784729003906,-0.5919131088256836,0.1305984497070313,0.8572463989257812,1.3895721435546875,2.2155799865722656,3.192116165161131,3.879251632690431,1.1122645923021284,-6.819086074829102,-2.707608222961426,-0.9269733428955078,0.4430837631225586,1.0638065338134766,1.9071521759033203,3.1226377487182617,3.7367214202880863
41850,1.146456732890595,-3.447540283203125,-1.7717147827148438,-0.9164802551269529,0.29619789123535156,1.1060638427734375,1.991281509399414,3.241503906249998,4.106497497558595,0.7602578675624457,-7.262123107910156,-3.6273927688598633,-1.6985149383544922,-0.1146383285522461,0.7956886291503906,1.7623023986816406,3.0805978775024414,4.011161041259768
41900,1.997293895525784,-1.8455085754394531,-0.18241401672363283,0.5410072326660157,1.2736473083496094,1.8287200927734375,2.7047176361083984,3.7739433288574213,4.673320922851563,1.4978117522220429,-7.798175811767578,-2.7024316787719727,-0.7429475784301758,0.7933568954467773,1.4596214294433594,2.398050308227539,3.54852294921875,4.548148345947266
41950,2.290244533063375,-1.4965896606445312,0.15510848999023436,0.8184928894042969,1.5304985046386719,2.1201171875,3.0307655334472656,4.163484191894531,5.014187774658204,1.7308849837397413,-8.945869445800781,-2.892829704284668,-0.7574005126953125,0.9985313415527344,1.7091484069824219,2.6728744506835938,3.9200944900512695,4.9006164550781275
42000,2.540517241847727,-1.1709747314453125,0.3069318389892578,1.005615234375,1.7577457427978516,2.3607940673828125,3.2858943939208984,4.468807220458984,5.351012725830079,1.9305889982303912,-9.097042083740234,-3.06564998626709,-0.7349567413330078,1.1609516143798828,1.9158821105957031,2.914541244506836,4.242443084716797,5.23972282409668
42050,2.7663780727381404,-0.82635498046875,0.5234759521484375,1.2091567993164063,1.969137191772461,2.57879638671875,3.5063438415527344,4.7777465820312495,5.633081970214845,2.107218023821094,-9.313213348388672,-3.1809818267822263,-0.7594203948974609,1.3174238204956055,2.1189002990722656,3.134796142578125,4.584467887878418,5.5125556945800795
42100,2.9801119698700105,-0.5611495971679688,0.7339717864990234,1.3995765686035158,2.1708106994628906,2.7992324829101562,3.7255516052246094,5.0388244628906245,5.854570007324219,2.262604299606772,-9.706932067871094,-3.3611385345458986,-0.8153266906738281,1.4382286071777344,2.302654266357422,3.348878860473633,4.861352920532227,5.804013061523438
42150,3.1783906073447334,-0.28751373291015625,0.8909907531738281,1.5492122650146485,2.3473587036132812,3.0138168334960938,3.9206695556640625,5.264707946777343,6.223341522216798,2.4035076339997343,-10.336139678955078,-3.5074058532714845,-0.8767232894897461,1.5566349029541016,2.486989974975586,3.5534420013427734,5.086982727050781,6.11308479309082
42200,3.358002591950444,-0.4380950927734375,1.0176776123046873,1.675725555419922,2.531312942504883,3.1986160278320312,4.099697113037109,5.466408538818359,6.51871078491211,2.5251331856349575,-11.37255859375,-3.734220504760742,-0.9197807312011719,1.6529521942138672,2.630340576171875,3.7136363983154297,5.307949066162109,6.419899368286133
42250,-0.3401349657176816,-6.605527877807617,-3.07859245300293,-2.0525550842285156,-0.90362548828125,-0.2805356979370117,0.2908635139465332,1.1371564865112302,1.980264167785646,-0.5119366374710035,-6.293201446533203,-3.6823570728302,-2.383066177368164,-1.0847673416137695,-0.4116935729980469,0.17481088638305664,1.0317130088806152,1.788453865051271
42300,0.9308695388923703,-2.5512752532958984,-1.2821426010131836,-0.4380043029785156,0.40386390686035156,0.9309310913085938,1.4386835098266602,2.329626083374023,2.961227188110353,0.6285891620731928,-6.381540298461914,-2.857989978790283,-1.243016242980957,0.13301753997802734,0.7047128677368164,1.2580838203430176,2.187321662902832,2.851902198791504
42350,1.7907916324239381,-2.1004257202148438,-0.7315213775634766,0.20415534973144533,1.0507621765136719,1.7211837768554688,2.515827178955078,3.62051315307617,4.327622833251954,1.3113374976963175,-7.1395111083984375,-2.7672353744506832,-1.1103296279907227,0.5535554885864258,1.3576812744140625,2.2151851654052734,3.4333438873291016,4.179294395446778
42400,2.34735798385908,-1.6866912841796875,-0.21730934143066408,0.6346138000488282,1.5307464599609375,2.2432022094726562,3.130685806274414,4.310893249511718,5.075343780517579,1.7603947257387524,-9.743877410888672,-3.0015705108642576,-0.9684619903564453,0.9263496398925781,1.8234024047851562,2.789857864379883,4.107332229614258,5.024992752075202
42450,2.684337606843152,-1.3422966003417969,0.0657595825195312,0.8940841674804688,1.8766136169433594,2.6130943298339844,3.466573715209961,4.636421966552733,5.371482543945313,2.023286282995091,-11.713581085205078,-3.2732452392578124,-0.9442377090454102,1.1818132400512695,2.139759063720703,3.1441659927368164,4.424901008605957,5.262859916687016
42500,2.9517571223469576,-1.2294158935546875,0.3403802490234375,1.119086456298828,2.1520729064941406,2.8871612548828125,3.7455291748046875,4.9354042053222615,5.653600311279297,2.222606929869589,-11.449207305908203,-3.3691049575805665,-0.940277099609375,1.3626575469970703,2.3878822326660156,3.401569366455078,4.717344284057617,5.52473087310791
42550,3.175988296926449,-1.041351318359375,0.5274080657958984,1.3002079010009766,2.3789901733398438,3.1066436767578125,4.00452995300293,5.166473388671873,5.908054199218751,2.369355772304231,-11.057079315185547,-3.7259769439697266,-1.0777645111083984,1.4764385223388672,2.5805320739746094,3.6206321716308594,4.958196640014648,5.767842864990236
42600,3.3628717757525863,-0.9194297790527344,0.6971128845214842,1.460873031616211,2.5689735412597656,3.31658935546875,4.178924560546875,5.3833267211914055,6.168630218505863,2.4884916529180816,-10.995868682861328,-3.964705657958984,-1.1823501586914062,1.5865154266357422,2.739614486694336,3.791971206665039,5.14433479309082,6.004848480224611
42650,3.5230409549710093,-0.8415946960449219,0.8124578857421875,1.627362060546875,2.7204132080078125,3.4910202026367188,4.318225860595703,5.496692657470702,6.271571044921877,2.5600217399637706,-10.579429626464844,-4.411439514160156,-1.4122543334960938,1.6301937103271484,2.8763160705566406,3.9406585693359375,5.301122665405273,6.17527961730957
42700,3.6491096419537916,-0.6039085388183594,0.9348358154296875,1.6871616363525392,2.8597068786621094,3.6238937377929688,4.467578887939453,5.612462615966796,6.35396682739258,2.60808539787506,-10.586196899414062,-5.102918243408203,-1.74224853515625,1.668741226196289,2.9711456298828125,4.068391799926758,5.437612533569336,6.27258415222168
42750,3.3220812979765846,-3.32763671875,-0.7297226715087891,0.7454559326171876,2.292530059814453,3.3495712280273438,4.398551940917969,5.775287628173828,6.528759460449219,2.3928984230898225,-12.22634506225586,-5.281088638305664,-2.326068878173828,1.234212875366211,2.7791061401367188,4.027856826782227,5.678245544433594,6.461990737915039
42800,-0.17420213795265807,-5.241607666015625,-2.3984217548370363,-1.2819186210632325,-0.4695284366607666,-0.12741947174072266,0.20102930068969727,0.7780486583709714,1.4525809478759772,-0.36195480793957335,-7.294548988342285,-3.300004816055298,-1.895598292350769,-0.6396445035934448,-0.2320401668548584,0.09660923480987549,0.657819390296936,1.3254146575927739
42850,0.6155079953885287,-5.0882673263549805,-2.0293339920043945,-0.8503456115722654,0.01579761505126953,0.5208635330200195,1.2111072540283203,2.281199264526367,3.262375259399414,0.26386549520948616,-8.485542297363281,-3.707677888870239,-1.743889331817627,-0.22453641891479492,0.2867550849914551,0.9133453369140625,2.0569162368774414,2.8954351425170928
42900,1.107901359028934,-3.931722640991211,-1.593986396789551,-0.6606050491333005,0.41557884216308594,1.0469703674316406,1.7475872039794922,3.042907333374023,3.9734439086914084,0.6836422525987615,-8.803054809570312,-3.9696603775024415,-1.9664793014526367,0.0296173095703125,0.790130615234375,1.5232887268066406,2.9057178497314453,3.7723608016967782
42950,1.7691105278191526,-3.7055587768554688,-1.0705152130126954,-0.05438842773437499,0.9987335205078125,1.7282028198242188,2.5756053924560547,3.685304260253906,4.414512634277345,1.1948423095092342,-8.751548767089844,-3.8320258140563963,-1.5765671730041504,0.42317771911621094,1.3249578475952148,2.1788759231567383,3.4491472244262695,4.321198463439944
43000,2.215362431234481,-2.1975440979003906,-0.6515943908691406,0.33108177185058596,1.4360294342041016,2.2021102905273438,3.0183963775634766,4.120026397705078,4.767150573730469,1.5454922762906935,-10.28231430053711,-3.841879463195801,-1.5037784576416016,0.7195425033569336,1.7386360168457031,2.6618871688842773,3.903369903564453,4.6331533432006875
43050,2.542360076174405,-1.9760284423828125,-0.22771797180175785,0.6725654602050781,1.759246826171875,2.5253677368164062,3.3586654663085938,4.444393157958983,5.024063262939453,1.7860054647166637,-9.969223022460938,-4.143401718139648,-1.5803775787353516,0.959040641784668,2.0238571166992188,3.0071792602539062,4.22329044342041,4.858294296264649
43100,1.0409726577016731,-6.839601516723633,-2.109013137817383,-0.9104900360107422,0.3032493591308594,1.0552101135253906,1.8078765869140625,2.9678718566894515,3.7422317504882816,0.5721112496879056,-9.827016830444336,-4.698963356018067,-2.068462371826172,-0.1375255584716797,0.7342033386230469,1.5165166854858398,2.721712112426758,3.612660026550293
43150,2.0636253716810695,-2.4986228942871094,-0.9340072631835937,0.16530914306640632,1.2392425537109375,2.1242637634277344,2.8796520233154297,3.947578430175781,4.5337867736816415,1.3618220026257442,-10.203678131103516,-4.816190147399903,-1.825967788696289,0.5699319839477539,1.5737152099609375,2.519845962524414,3.7177371978759766,4.4457328796386735
43200,2.469455877137317,-2.0181503295898438,-0.3699546051025391,0.6301929473876953,1.6776275634765625,2.4841384887695312,3.2693614959716797,4.29015083312988,4.84535774230957,1.6651211237594923,-10.07010269165039,-5.129319190979004,-1.7449913024902344,0.8954896926879883,1.9079971313476562,2.894319534301758,4.0820112228393555,4.712694358825684
43250,2.7584911947582365,-1.5884552001953125,-0.10239097595214852,0.9013370513916016,2.0140953063964844,2.7510223388671875,3.552417755126953,4.561688232421873,5.252978744506836,1.8511991538015022,-10.30255126953125,-5.672389793395996,-1.8237628936767578,1.0731086730957031,2.1461849212646484,3.141193389892578,4.324202537536621,5.0389692306518565
43300,2.9922247619791102,-1.5060577392578125,0.18735809326171873,1.1595382690429688,2.241344451904297,2.9838294982910156,3.7872371673583984,4.794227218627926,5.587388458251954,2.0015678000374124,-10.556648254394531,-6.084074592590332,-1.9228973388671875,1.2380924224853516,2.3351097106933594,3.3597335815429688,4.548092842102051,5.280517959594727
43350,3.1831985603391315,-1.4084014892578125,0.37750732421875,1.343841552734375,2.4447689056396484,3.1830482482910156,3.938365936279297,4.945683670043945,5.911523437500001,2.1068787995357696,-11.044845581054688,-6.324182319641113,-2.097930908203125,1.3371639251708984,2.5053558349609375,3.546619415283203,4.677528381347656,5.492145347595216
43400,3.300327980230059,-1.1557846069335938,0.5483026123046875,1.4045726776123049,2.5478858947753906,3.3070449829101562,4.078805923461914,5.085578918457031,6.093284454345705,2.159074036736375,-11.896987915039062,-7.014150238037109,-2.288236618041992,1.3649187088012695,2.6176300048828125,3.6518735885620117,4.856293678283691,5.7967981338501
43450,-0.218706539834778,-6.0966386795043945,-2.6571038246154783,-1.4915491580963134,-0.5503926277160645,-0.12401580810546875,0.22956323623657227,0.8132742881774895,1.2018700695037847,-0.45047851821610235,-7.6182451248168945,-4.18317346572876,-2.1257110834121704,-0.7872462272644043,-0.2796769142150879,0.09975051879882812,0.7046632766723633,1.1290184974670416
43500,0.6240643431080359,-5.434125900268555,-2.089530448913574,-0.7742551803588866,0.1408991813659668,0.6135616302490234,1.1525564193725586,1.9956184387207017,2.709676895141603,0.2680220553269422,-6.43267822265625,-3.454637384414673,-1.7183623313903809,-0.1593620777130127,0.37763404846191406,0.9039206504821777,1.7614202499389648,2.4260543823242187
43550,1.419300850800558,-5.3564605712890625,-1.6499681854248047,-0.4102758407592773,0.730799674987793,1.3547630310058594,2.1762428283691406,3.2601253509521473,3.878095855712892,0.8587576973915438,-10.012277603149414,-4.493442726135254,-1.888204574584961,0.2132434844970703,0.9818401336669922,1.8127012252807617,2.984577178955078,3.7327102661132816
43600,1.9571751648525022,-5.435802459716797,-1.1773145294189453,0.09851112365722661,1.262664794921875,1.9263420104980469,2.7680091857910156,3.75683364868164,4.345592803955078,1.2496108731774207,-12.11990737915039,-4.931286239624024,-1.8580102920532227,0.5513668060302734,1.480886459350586,2.3355722427368164,3.5226736068725586,4.23463478088379
43650,2.2032012919178356,-4.312206268310547,-0.8239777374267578,0.3332248687744141,1.4483909606933594,2.29071044921875,2.985136032104492,3.9386569976806634,4.540458755493164,1.416495498511287,-13.116748809814453,-5.418661880493164,-2.0407352447509766,0.606745719909668,1.7743892669677734,2.599583625793457,3.7429513931274414,4.436732482910157
43700,1.1490478566311915,-5.866495132446289,-2.0012042617797854,-0.5819889068603513,0.5494413375854492,1.2150230407714844,1.8007678985595703,2.7212093353271483,3.563925361633301,0.6131011312243535,-10.317419052124023,-5.290913677215576,-2.283083438873291,0.061820030212402344,0.8835868835449219,1.5607519149780273,2.464853286743164,3.233633995056154
43750,1.9147273602715014,-6.220285415649414,-1.3572686767578126,0.0796524047851564,1.2446613311767578,2.0457229614257812,2.6871795654296875,3.4229515075683588,3.9646493530273443,1.1722142073941746,-12.472267150878906,-5.601165008544922,-2.265801429748535,0.5302724838256836,1.5222415924072266,2.362794876098633,3.2191710472106934,3.747164344787599
43800,2.3122215554842818,-5.341632843017578,-0.7178440856933594,0.4506443023681642,1.6453418731689453,2.4239578247070312,3.0867462158203125,3.8819656372070312,4.411230773925782,1.4438378049936271,-12.854446411132812,-6.447969055175781,-2.367015838623047,0.7393913269042969,1.8485870361328125,2.7520837783813477,3.6704959869384766,4.263928604125977
43850,1.7939242313049462,-5.115270614624023,-1.7976107788085938,-0.4135967254638671,0.9725055694580078,1.8778343200683594,2.710582733154297,3.8286693572998014,4.556073684692383,0.9791243033252031,-16.97834014892578,-7.433155632019043,-3.043461799621582,0.1457042694091797,1.413015365600586,2.363636016845703,3.5297164916992188,4.260629844665528
43900,2.5106183786262957,-4.1098480224609375,-0.636390380859375,0.6407901763916016,1.8296394348144531,2.60205078125,3.2845726013183594,4.079059600830077,4.581505661010743,1.5485768015824688,-15.508323669433594,-6.793537521362304,-2.5300092697143555,0.8539018630981445,1.9773635864257812,2.8904638290405273,3.925936698913574,4.4936204910278335
43950,2.8105543908558404,-3.7782058715820312,-0.3505380249023438,0.9643970489501954,2.15399169921875,2.887359619140625,3.5512142181396484,4.360609436035156,4.926881866455079,1.7279688625355962,-17.108333587646484,-7.557306289672852,-2.822633743286133,1.0302228927612305,2.2290496826171875,3.1651458740234375,4.178251266479492,4.818372344970704
44000,3.0607228913967384,-3.549144744873047,-0.030341262817382874,1.2502639770507813,2.4132041931152344,3.132671356201172,3.7784080505371094,4.618686294555662,5.254895019531253,1.862973116578424,-19.327198028564453,-8.367811393737792,-2.952145576477051,1.1827774047851562,2.430694580078125,3.3687973022460938,4.445037841796875,5.117327690124512
44050,3.2763967359442994,-3.276592254638672,0.30561988830566394,1.507008743286133,2.64404296875,3.336223602294922,3.9852466583251953,4.849161529541014,5.455127182006836,1.9616619401310844,-22.213787078857422,-9.3776216506958,-3.1889467239379883,1.2535152435302734,2.5929527282714844,3.543036460876465,4.6331586837768555,5.37453727722168
44100,3.462928104932847,-2.9533920288085938,0.6473971557617186,1.7183086395263674,2.8258304595947266,3.5206947326660156,4.152000427246094,5.039748382568359,5.700503158569338,2.0377643871003333,-24.59217071533203,-10.419307518005372,-3.4618635177612305,1.353968620300293,2.73150634765625,3.718975067138672,4.817021369934082,5.635886001586916
44150,3.627529048995708,-2.6003189086914062,0.8559478759765625,1.922686767578125,3.0088233947753906,3.681468963623047,4.307626724243164,5.202224349975582,5.882647705078127,2.0991380889492595,-26.241851806640625,-11.160137557983399,-3.6815690994262695,1.424224853515625,2.845541000366211,3.870265007019043,4.983354568481445,5.828642654418947
44200,3.7731216313070415,-1.9900436401367188,1.0487371063232422,2.0811912536621096,3.146299362182617,3.828937530517578,4.43543815612793,5.343547439575191,6.102098236083986,2.1464958244969647,-26.927364349365234,-11.917335700988769,-3.943258285522461,1.4486265182495117,2.9462318420410156,4.000741958618164,5.1412763595581055,5.998551750183107
44250,3.901408804498896,-1.3218612670898438,1.2442951202392578,2.2260665893554688,3.268003463745117,3.9459609985351562,4.537567138671875,5.448382186889647,6.340675582885746,2.180006057625749,-27.12140655517578,-12.690193367004394,-4.19973087310791,1.5167293548583984,3.0469398498535156,4.09552001953125,5.255796432495117,6.1843902587890645
44300,4.012859716524382,-1.2781448364257812,1.4102611541748047,2.348872756958008,3.3967514038085938,4.049812316894531,4.630046844482422,5.549011993408203,6.492759704589847,2.207662494225659,-27.663818359375,-13.288145446777344,-4.438996315002441,1.524679183959961,3.1401596069335938,4.191623687744141,5.362856864929199,6.339491844177246
44350,4.098245395170765,-1.2480087280273438,1.475771026611328,2.429704284667969,3.489776611328125,4.141334533691406,4.714698791503906,5.664636611938476,6.56329269409181,2.220064815544212,-28.28173828125,-14.34079475402832,-4.835633277893066,1.5605344772338867,3.1896820068359375,4.245368003845215,5.461881637573242,6.410279083251955
44400,-0.8244947782387734,-6.0783843994140625,-3.4852107620239257,-2.2974609375,-1.2297257781028748,-0.7246516346931458,-0.292594313621521,0.2092698574066162,0.9671071577072183,-0.9112208534798806,-6.645045280456543,-3.68618323802948,-2.483432412147522,-1.2989660501480103,-0.7725872993469238,-0.3521285653114319,0.13678127527236938,0.5471946001052859
44450,0.014786157904550682,-3.0609865188598633,-2.034482688903809,-1.0511934280395507,-0.25272607803344727,0.08323478698730469,0.3593630790710449,0.7934341430664062,1.3487260055542043,-0.14458941969937397,-8.014705657958984,-2.5814021229743958,-1.4390578269958496,-0.4073662757873535,-0.043953895568847656,0.26889777183532715,0.7120621204376221,1.3623773097991956
44500,0.8925639255674728,-5.386508941650391,-2.1640856552124026,-0.6481744766235351,0.4034709930419922,0.8976249694824219,1.4944572448730469,2.4295633316040033,2.96388771057129,0.5507600581945783,-8.93589973449707,-3.247145652770996,-1.4501819610595703,0.07983589172363281,0.6462545394897461,1.2056798934936523,2.163564682006836,2.7829393386840824
44550,0.7253974511082933,-7.306079864501953,-3.2800652313232423,-1.7609813690185545,-0.024435043334960938,0.8497962951660156,1.5946426391601562,2.8383140563964786,3.616880798339844,0.32477495394148304,-11.452964782714844,-5.302383995056152,-2.7736477851867676,-0.4721965789794922,0.5890445709228516,1.3811349868774414,2.6187057495117188,3.42077808380127
44600,1.7903705980116909,-5.798595428466797,-1.9458151245117188,-0.19156417846679671,1.1581039428710938,1.8607254028320312,2.5575618743896484,3.5304279327392565,4.053411483764648,1.222305411697912,-10.790115356445312,-4.589917373657227,-1.789463996887207,0.6282768249511719,1.4592628479003906,2.208540916442871,3.2875709533691406,3.8219020843505875
44650,2.3939425001871766,-6.099674224853516,-1.228293151855469,0.5385028839111329,1.7814197540283203,2.474445343017578,3.1525650024414062,4.053937530517578,4.52859962463379,1.7164131928706396,-12.312320709228516,-4.871598434448242,-1.5840654373168945,1.110757827758789,2.001802444458008,2.7831077575683594,3.7753353118896484,4.3826387405395515
44700,2.9262331654155567,-4.833282470703125,-0.6240690612792972,1.126359558105469,2.319326400756836,2.975666046142578,3.6724319458007812,4.556532287597656,5.0715065002441415,2.1449411786113526,-14.526081085205078,-5.594017791748047,-1.5914592742919922,1.551748275756836,2.4823265075683594,3.3081398010253906,4.333653450012207,4.899597358703614
44750,3.4059924830979815,-3.340118408203125,0.19103836059570273,1.744496536254883,2.7910633087158203,3.459869384765625,4.1036529541015625,5.019844436645507,5.502375259399415,2.5402516578893226,-16.0008544921875,-6.275997352600098,-1.204148292541504,1.9710636138916016,2.932985305786133,3.740215301513672,4.774829864501953,5.348908424377442
44800,3.8087350559969577,-1.8910179138183594,1.014156494140625,2.253557586669922,3.20916748046875,3.838592529296875,4.473175048828125,5.317731094360351,5.9076121520996105,2.8776567782065228,-16.454566955566406,-6.332098770141601,-0.9963932037353516,2.3728389739990234,3.323108673095703,4.089689254760742,5.087791442871094,5.733313369750977
44850,4.102428549817987,-0.6025123596191406,1.5844025421142578,2.6238441467285156,3.5493736267089844,4.129840850830078,4.712505340576172,5.509876251220703,6.122694091796877,3.1246347187513837,-17.666168212890625,-6.916169738769531,-0.878936767578125,2.6608829498291016,3.6291427612304688,4.357455253601074,5.315079689025879,5.977611351013185
44900,4.30292328513432,0.040248870849609375,2.1596694946289063,2.8840057373046877,3.7496109008789062,4.324714660644531,4.864650726318359,5.6705890655517575,6.378851928710938,3.295370621500478,-18.921783447265625,-6.937327575683594,-0.7135639190673828,2.85593318939209,3.808755874633789,4.52679443359375,5.48381233215332,6.12809238433838
44950,4.446740329123037,0.5015182495117188,2.461372146606445,3.0922393798828125,3.9090137481689453,4.462188720703125,4.982017517089844,5.794907760620116,6.454954223632814,3.415330770967533,-19.562232971191406,-7.2658237457275385,-0.5366954803466797,3.007309913635254,3.9311771392822266,4.652195930480957,5.597673416137695,6.2262889862060575
45000,4.560908577843229,0.6687774658203125,2.739992218017578,3.2289993286132814,4.024616241455078,4.569557189941406,5.087373733520508,5.896108627319336,6.535684204101564,3.509768184009191,-20.600196838378906,-7.703687477111816,-0.43738746643066406,3.1124439239501953,4.029867172241211,4.722290992736816,5.673067092895508,6.357249450683594
45050,4.6514390889172095,0.8174667358398438,2.8831976318359374,3.354624557495117,4.121997833251953,4.643287658691406,5.16717529296875,5.977574157714844,6.596446914672853,3.583323067905968,-21.231178283691406,-7.912444496154785,-0.4113931655883789,3.187056541442871,4.114356994628906,4.797806739807129,5.738421440124512,6.454311180114748
45100,4.727737493664541,0.9122848510742188,2.944203109741211,3.4464939117431643,4.196439743041992,4.702548980712891,5.243511199951172,6.0388236999511715,6.776362762451177,3.6482775222313477,-22.134971618652344,-8.119562339782714,-0.2046642303466797,3.271747589111328,4.170139312744141,4.864081382751465,5.811911582946777,6.532601547241213
45150,4.79206270719189,0.961822509765625,3.071295700073242,3.550366973876953,4.251791000366211,4.7567901611328125,5.300333023071289,6.11202163696289,6.940783004760744,3.707042829558818,-23.23613739013672,-8.24140968322754,-0.03423500061035156,3.322887420654297,4.21635627746582,4.913430213928223,5.857675552368164,6.675726509094239
45200,4.849538249092599,1.246307373046875,3.126988296508789,3.634038543701172,4.305500030517578,4.807537078857422,5.3443145751953125,6.1672508239746096,7.08605125427247,3.7591275239810003,-24.26335906982422,-8.009833526611327,-0.06723976135253906,3.3884449005126953,4.253973007202148,4.961067199707031,5.901697158813477,6.754440689086916
45250,4.906393193577693,1.4599494934082031,3.172279052734375,3.681167221069336,4.350442886352539,4.860801696777344,5.404458999633789,6.229490661621093,7.204003524780277,3.8069856074782833,-25.126007080078125,-7.755806922912598,-0.1544055938720703,3.4224891662597656,4.311525344848633,5.002568244934082,5.971758842468262,6.84881343841553
45300,4.9609253027006375,1.6523094177246094,3.2149901580810547,3.751826095581055,4.4106292724609375,4.914390563964844,5.456777572631836,6.311436462402344,7.246741638183595,3.8518199194334857,-25.469505310058594,-7.579261016845702,-0.15324974060058594,3.4512767791748047,4.338327407836914,5.051494598388672,6.044048309326172,6.942284202575692
45350,5.014364407286187,1.7790718078613281,3.3027899169921873,3.8088855743408203,4.4620361328125,4.953456878662109,5.522005081176758,6.376105880737304,7.376944580078125,3.8953954677737186,-25.785274505615234,-7.406040954589843,-0.05549144744873047,3.488842010498047,4.372203826904297,5.114850044250488,6.082355499267578,7.026118278503423
45400,5.070027038387691,1.926971435546875,3.3565689849853517,3.8809978485107424,4.522640228271484,5.014659881591797,5.563957214355469,6.469573211669921,7.449432525634768,3.939845811801306,-26.05736541748047,-7.143475341796874,0.09238338470458984,3.508455276489258,4.429895401000977,5.163642883300781,6.130457878112793,7.095037460327149
45450,5.126264657804442,2.058258056640625,3.4548387145996093,3.948004150390625,4.573398590087891,5.066913604736328,5.60835075378418,6.525257492065429,7.481374282836915,3.9839449915276153,-26.402591705322266,-6.72648811340332,0.17010211944580078,3.5446062088012695,4.479564666748047,5.204030990600586,6.2057294845581055,7.156608200073243
45500,5.183667952603176,2.1920242309570312,3.505261001586914,3.976920318603516,4.63401985168457,5.112739562988281,5.663106918334961,6.574039840698242,7.6550732421875,4.026040347805692,-27.0511474609375,-6.8323163986206055,0.24296951293945312,3.583232879638672,4.514245986938477,5.2548675537109375,6.246085166931152,7.221033859252933
45550,5.240804661596958,2.2417869567871094,3.5963790893554686,4.039421844482422,4.683464050292969,5.169914245605469,5.718034744262695,6.653816604614257,7.710439605712891,4.065947904596927,-27.880504608154297,-6.821832084655761,0.2306537628173828,3.6211109161376953,4.556758880615234,5.304247856140137,6.317201614379883,7.226550102233889
45600,5.2930976341545595,2.3821640014648438,3.657445068359375,4.0760353088378904,4.734590530395508,5.227447509765625,5.779695510864258,6.7082168579101555,7.838484573364259,4.094380827352083,-28.97018814086914,-7.027407264709472,0.16905593872070312,3.6243181228637695,4.59918212890625,5.367076873779297,6.404047966003418,7.2524477005004915
45650,-1.4955749430619685,-5.575678825378418,-4.198304748535156,-3.072197365760803,-2.0474435091018677,-1.338424563407898,-0.839634358882904,-0.2998722076416029,0.1277062416076664,-1.557113534944766,-5.885190486907959,-4.38228759765625,-3.2163301706314087,-2.1048977971076965,-1.4346204996109009,-0.8836330473423004,-0.27903735637664795,0.12613900303840647
45700,-0.7433849214129457,-8.107504844665527,-2.6822669076919556,-1.8602750420570373,-1.0586002469062805,-0.6519705057144165,-0.32552337646484375,0.08130626678466779,0.29667736291885394,-0.8063428018042857,-6.407408714294434,-2.826569402217865,-1.961928814649582,-1.1137917339801788,-0.6994672119617462,-0.38760966062545776,0.0033737123012542725,0.22374334335327228
45750,-0.8219991337261457,-7.938072204589844,-4.747784423828125,-3.4488605499267577,-0.9800639152526855,-0.4455862045288086,-0.1767287254333496,0.1385158538818353,0.45147499084473,-0.9161075303371266,-8.318824768066406,-5.44971809387207,-3.8085403442382812,-1.0572128295898438,-0.49204397201538086,-0.2153482437133789,0.13684678077697754,0.47015123367309636
45800,-0.3313979352372712,-5.912738800048828,-5.132201995849609,-3.689884567260742,-0.5259914398193359,-0.1338939666748047,0.1591329574584961,1.488967895507812,3.40926956176758,-0.34966594785230193,-6.309520721435547,-5.127896118164062,-3.1264963150024414,-0.5534462928771973,-0.1809864044189453,0.1030421257019043,1.3412599563598633,3.8777889251709023
45850,0.21874038165090187,-1.2782249450683594,-0.7637590789794922,-0.40073051452636715,-0.06812000274658203,0.17644500732421875,0.46230316162109375,1.0090774536132807,1.4816179656982422,0.1165600650664386,-1.7539596557617188,-0.9584917068481446,-0.525050163269043,-0.16404056549072266,0.07720088958740234,0.3668632507324219,0.9015827178955078,1.3546854019165055
45900,0.38321335138933726,-1.2935829162597656,-0.8281671142578125,-0.35919952392578125,0.063140869140625,0.321990966796875,0.6948318481445312,1.2967262268066406,1.70002197265625,0.2640037921739309,-2.13128662109375,-0.8935613632202148,-0.5330772399902344,-0.04544639587402344,0.22376251220703125,0.5476245880126953,1.1559829711914062,1.5848762512207044
45950,0.41226409985098533,-2.5887908935546875,-1.1513014221191409,-0.5408355712890625,0.001514434814453125,0.31678009033203125,0.7866287231445312,1.576618957519531,2.841241455078125,0.3036767531910814,-3.328887939453125,-1.8333999633789062,-0.6601190567016602,-0.09332656860351562,0.23880767822265625,0.6724433898925781,1.4393634796142578,2.6997928619384766
46000,0.41735704915180755,-4.33154296875,-2.970022735595703,-1.259719085693359,-0.027647018432617188,0.37062835693359375,0.9970207214355469,2.1174484252929684,2.9823876953125006,0.2854941351549701,-4.470222473144531,-2.919826889038086,-1.4046735763549805,-0.15789794921875,0.2541389465332031,0.8647594451904297,2.0363006591796875,2.9161151885986336
46050,0.6313875488800283,-1.4650802612304688,-0.8307098388671875,-0.34473876953125,0.1062774658203125,0.4859619140625,1.0976371765136719,1.9914772033691404,2.7468228149414076,0.47304705174899125,-3.6292877197265625,-1.0936481475830078,-0.4959697723388672,0.0031785964965820312,0.36518096923828125,0.8896160125732422,1.7842750549316406,2.4659576416015647
46100,0.32359052116237924,-3.1804962158203125,-1.7611076354980473,-0.9940650939941406,-0.25054168701171875,0.18442535400390625,0.79718017578125,2.1358276367187465,2.8382232666015628,0.18644337547699527,-5.855720520019531,-2.148912811279297,-1.1807689666748047,-0.35473060607910156,0.09252166748046875,0.6475839614868164,1.9342842102050781,2.640995788574219
46150,-0.4210461523505623,-7.202178955078125,-4.754866638183594,-3.547271728515625,-1.2285919189453125,-0.0916748046875,0.5730361938476562,1.6413322448730445,2.801549530029298,-0.5426986821357384,-14.4273681640625,-5.006277465820313,-3.881406784057617,-1.3569507598876953,-0.14766693115234375,0.5042095184326172,1.5569171905517578,2.591231536865236
46200,1.0686083835963711,-1.3264007568359375,-0.3651307678222657,0.06598587036132812,0.48842620849609375,0.928802490234375,1.6209831237792969,2.413577270507812,2.845964355468751,0.8537399083893222,-4.281013488769531,-0.8463596343994141,-0.08931159973144531,0.3506278991699219,0.7542037963867188,1.3189430236816406,2.198659896850586,2.600482177734375
46250,-0.8336333681096937,-13.940338134765625,-7.418001098632813,-4.842407989501953,-1.8532485961914062,-0.33791351318359375,0.44899749755859375,2.0705352783203117,2.8610978698730487,-0.9916965458944593,-16.203521728515625,-8.101351547241212,-5.261396408081055,-1.9707813262939453,-0.45938873291015625,0.3540534973144531,1.8650798797607422,2.6877193450927748
46300,1.14126978014303,-0.8906707763671875,-0.29355072021484374,0.009561920166015633,0.5067405700683594,0.98492431640625,1.7596397399902344,2.5911972045898435,3.131022491455078,0.9050929008373081,-5.725486755371094,-0.6527057647705078,-0.15401077270507812,0.3416748046875,0.7987442016601562,1.422281265258789,2.350229263305664,2.8923442840576175
46350,1.3996619924788078,-1.005706787109375,-0.526148681640625,0.12526321411132812,0.7507705688476562,1.3780670166015625,2.0538787841796875,2.7545959472656234,3.2263899230957036,1.1356359583834068,-6.876213073730469,-0.8087692260742188,-0.04450798034667969,0.561981201171875,1.094696044921875,1.7187862396240234,2.4507904052734375,2.9364204406738286
46400,0.9468292045745322,-2.2963180541992188,-0.6495024108886719,-0.22325515747070304,0.30055999755859375,0.8698577880859375,1.53924560546875,2.336212158203125,2.8551727294921885,0.7723864677988634,-6.6402587890625,-1.2717079162597655,-0.389251708984375,0.20289230346679688,0.7073822021484375,1.329477310180664,2.202180862426758,2.7146659851074233
46450,1.0564912912093545,-1.108978271484375,-0.49067962646484375,-0.15938262939453124,0.3096199035644531,0.8880386352539062,1.8117599487304688,2.568345642089844,3.021748504638673,0.8520025185055653,-4.7343292236328125,-0.8695491790771483,-0.30289459228515625,0.20453834533691406,0.7152824401855469,1.4996261596679688,2.3015289306640625,2.795120239257816
46500,1.0290345397997878,-1.408233642578125,-0.7460862731933594,-0.36095123291015624,0.1807098388671875,0.865478515625,1.85546875,2.720899200439451,3.224930725097656,0.8106086749875119,-8.092643737792969,-0.9685745239257811,-0.4799175262451172,0.094512939453125,0.669219970703125,1.539571762084961,2.375612258911133,2.944700241088869
46550,-0.051367312392559955,-19.2149658203125,-7.3432826232910156,-4.045079040527344,-0.9269561767578125,0.31162261962890625,1.2138519287109375,2.608241271972656,3.156259307861329,-0.22296850114606856,-19.16596221923828,-7.505596923828125,-3.8924598693847656,-1.0785560607910156,0.1198577880859375,1.0154800415039062,2.3741836547851562,2.9406044006347676
46600,1.0721504126271761,-1.128570556640625,-0.06626876831054689,0.1819084167480469,0.6103248596191406,0.9821701049804688,1.4495048522949219,2.3478782653808588,2.898998413085938,0.8821204499999049,-2.9649200439453125,-0.44681320190429685,-0.022212982177734375,0.4468879699707031,0.8150291442871094,1.2564830780029297,2.041288375854492,2.719150543212891
46650,1.2647097524480237,-0.30617523193359375,-0.02983306884765625,0.1952102661132813,0.6326751708984375,1.174072265625,1.8560409545898438,2.5706260681152338,3.0387409973144535,1.0330677971618631,-5.013053894042969,-0.3496269226074219,0.05090522766113281,0.4937171936035156,0.9609184265136719,1.5296878814697266,2.2794456481933594,2.750363540649415
46700,1.223370390118293,-0.627197265625,-0.2928553771972656,-0.08828659057617182,0.3825950622558594,1.1206436157226562,2.0224227905273438,2.7282119750976546,3.254071960449219,0.9937672008658992,-6.296821594238281,-0.6280010223388671,-0.20628929138183594,0.29509544372558594,0.893524169921875,1.6623497009277344,2.45843505859375,3.0110839843750004
46750,1.7332126537346313,0.08649444580078125,0.3551226806640625,0.5849533081054688,1.0374031066894531,1.7679443359375,2.3689422607421875,2.9596374511718744,3.422566833496094,1.4599750112059942,-7.802665710449219,-0.2998828887939453,0.3991870880126953,0.8819084167480469,1.4032020568847656,2.05987548828125,2.6660289764404297,3.141407012939454
46800,0.23832436429038187,-6.3499908447265625,-3.046193084716797,-1.8426322937011717,-0.48844146728515625,0.2616119384765625,0.8448753356933594,2.43157958984375,4.0884585571289085,0.12483232966391616,-6.9180450439453125,-3.5287384033203124,-1.9652538299560547,-0.5669517517089844,0.16284942626953125,0.7654399871826172,2.231447219848633,4.12221183776856
46850,1.2647901429098525,-0.0079803466796875,0.30602340698242186,0.4732673645019531,0.8063812255859375,1.1815223693847656,1.6742668151855469,2.2662956237792966,2.8388899230957056,1.0692791845880414,-3.277740478515625,-0.1818519592285156,0.3070087432861328,0.6702060699462891,1.0163841247558594,1.457305908203125,2.0178775787353516,2.4804431915283205
46900,1.5356947153513651,0.1990814208984375,0.3930039978027344,0.6133842468261719,0.9648323059082031,1.4782791137695312,2.057537078857422,2.6017753601074216,3.136362304687501,1.3000499469947613,-5.3909912109375,-0.18849105834960933,0.4385719299316406,0.8248863220214844,1.240325927734375,1.7734928131103516,2.3761863708496094,2.7684303283691416
46950,-0.6816181483941606,-8.667991638183594,-5.020841827392578,-3.690467071533203,-1.694854736328125,-0.6190872192382812,0.529296875,1.9221961975097628,2.7634478759765635,-0.8297987899753247,-11.2977294921875,-5.602522659301758,-4.031150817871094,-1.8215618133544922,-0.6538925170898438,0.4469947814941406,1.6634712219238281,2.414147186279297
47000,1.7532256909770088,0.18511962890625,0.4545167541503906,0.6637771606445313,1.07769775390625,1.746856689453125,2.3534622192382812,2.9942062377929686,3.5928182983398482,1.4953491691997445,-5.200767517089844,-0.28471755981445307,0.5002040863037109,0.93109130859375,1.44952392578125,2.0527267456054688,2.687528610229492,3.2491508483886724
47050,-0.9465500311809684,-8.336532592773438,-5.394413146972656,-4.235298156738281,-2.2712631225585938,-1.0726776123046875,0.408416748046875,2.5472885131835925,3.9113140869140643,-1.0479113335226007,-11.738487243652344,-5.468305778503418,-4.316253662109375,-2.391042709350586,-1.1403121948242188,0.3076763153076172,2.44171142578125,3.7671615600585966
47100,1.8062053825384499,0.23035430908203125,0.5075889587402344,0.7024459838867188,1.1581916809082031,1.804656982421875,2.3770713806152344,3.0298797607421872,3.5089363098144535,1.547881240925804,-5.179481506347656,-0.20744667053222654,0.5330944061279297,0.9847564697265625,1.5108299255371094,2.1017379760742188,2.7687530517578125,3.185771942138673
47150,0.9836903819688102,-4.7817230224609375,-2.3562599182128907,-1.0142578124999997,0.11867141723632812,0.8115158081054688,1.7519721984863281,3.5897468566894513,4.686585693359376,0.8026841596386511,-15.640777587890625,-3.272938919067383,-1.4111595153808594,-0.00588226318359375,0.6737213134765625,1.6252861022949219,3.3763351440429688,4.450408935546875
47200,2.041801239751673,0.24839019775390625,0.6815017700195313,0.8756088256835938,1.3349418640136719,2.0537872314453125,2.6792259216308594,3.3666023254394526,3.6855801391601566,1.751360417256911,-7.5420989990234375,-0.1687747955322264,0.6930294036865234,1.158681869506836,1.6829643249511719,2.3596229553222656,3.028003692626953,3.5417938232421875
47250,1.1739271459445146,-2.7260589599609375,-1.0357933807373048,-0.2444007873535155,0.5775260925292969,1.087982177734375,1.7230262756347656,2.9592163085937493,3.6193600463867206,0.9946279116991011,-4.751014709472656,-1.7840686798095702,-0.5067462921142578,0.4073638916015625,0.9412078857421875,1.5738048553466797,2.831399917602539,3.4990493774414073
47300,1.7162151412700295,-0.0478363037109375,0.3245391845703125,0.5955718994140625,1.0780181884765625,1.7730865478515625,2.270416259765625,2.8553146362304687,3.2608686828613287,1.4699562490303129,-5.4409027099609375,-0.2688674926757812,0.40992164611816406,0.9508304595947266,1.4789581298828125,2.010284423828125,2.5794010162353516,2.9889808654785157
47350,1.9413943517534396,0.19757080078125,0.6079591369628906,0.7955604553222657,1.3001289367675781,1.9844512939453125,2.50909423828125,3.1835639953613266,3.535036773681642,1.6640845693006525,-4.462699890136719,-0.22116622924804688,0.6289348602294922,1.1183509826660156,1.6607704162597656,2.221822738647461,2.8306732177734375,3.3695396423339856
47400,1.643768587297434,-0.9351882934570312,0.115784912109375,0.42735824584960935,1.0057334899902344,1.5524139404296875,2.1952972412109375,3.166995239257811,3.6815141296386726,1.392998401805352,-4.947944641113281,-0.9473808288574218,0.21239280700683594,0.8633689880371094,1.3464622497558594,1.9282398223876953,2.8440608978271484,3.4555480957031253
47450,0.38809366603813805,-8.618072509765625,-4.4787255859375,-2.626947021484375,-0.914886474609375,0.71466064453125,1.7651596069335938,2.8797637939453105,3.4486613464355473,0.2258493353870377,-10.52874755859375,-5.08259162902832,-2.890472412109375,-0.9752960205078125,0.5606613159179688,1.5906238555908203,2.6009693145751953,3.201435089111328
47500,1.7847835947280546,0.207061767578125,0.4954901123046875,0.7338508605957031,1.2275962829589844,1.7253036499023438,2.265422821044922,3.0774909973144515,3.623426818847657,1.5237017431201725,-5.2536773681640625,-0.6702751159667968,0.5365352630615234,1.0388031005859375,1.49627685546875,2.0053768157958984,2.7622642517089844,3.363668823242188
47550,2.063730549565218,0.47785186767578125,0.6736956787109375,0.8526527404785156,1.3314437866210938,2.0897674560546875,2.7114715576171875,3.342466735839843,3.7803608703613283,1.7501691459469284,-5.9417266845703125,-0.43836021423339827,0.6579818725585938,1.1407051086425781,1.7304611206054688,2.3800907135009766,3.0243263244628906,3.4781375885009798
47600,1.5080972732839957,-0.3629875183105469,0.1216670227050781,0.4821189880371094,0.9799594879150391,1.4390487670898438,1.941375732421875,2.793361282348633,3.35767204284668,1.291062962109427,-6.2601776123046875,-0.8168975830078125,0.2341747283935547,0.8288116455078125,1.2597274780273438,1.7447509765625,2.573474884033203,3.147741699218751
47650,1.9281637621090635,0.26549530029296875,0.6280044555664063,0.8425178527832031,1.2867813110351562,1.87738037109375,2.5667495727539062,3.1212135314941403,3.4839809417724625,1.6549003525401869,-6.414314270019531,-0.19502029418945308,0.6427955627441406,1.1133918762207031,1.6028938293457031,2.195598602294922,2.911907196044922,3.194685363769531
47700,1.524035811392576,-0.70037841796875,0.13422897338867187,0.46926193237304686,0.9679489135742188,1.4122390747070312,2.024078369140625,2.861664581298828,3.3448443603515625,1.2734792562735406,-5.247261047363281,-0.659930419921875,0.16662025451660156,0.7799215316772461,1.221038818359375,1.7366790771484375,2.569660186767578,3.1969593048095706
47750,2.0253209112300663,0.5178680419921875,0.8489903259277344,1.0328102111816406,1.4538154602050781,2.0117568969726562,2.5292205810546875,3.1274181365966798,3.520817260742188,1.711513085522383,-5.735889434814453,-0.488025665283203,0.8060493469238281,1.2463798522949219,1.6964836120605469,2.197113037109375,2.81732177734375,3.194449615478516
47800,2.1675481459196657,0.5543746948242188,0.8000263977050781,0.977215576171875,1.466217041015625,2.19097900390625,2.8135299682617188,3.3705570220947254,3.8001206970214847,1.8462966840570378,-6.317192077636719,-0.4758049011230467,0.8012180328369141,1.2670879364013672,1.8293609619140625,2.4447078704833984,3.1001415252685547,3.420090484619141
47850,1.6916298380944754,-0.44753265380859375,0.3113186645507812,0.6121482849121094,1.096893310546875,1.5806884765625,2.2025108337402344,3.0890312194824214,3.7486488342285176,1.4561383912548966,-9.885810852050781,-0.8802406311035155,0.34546852111816406,0.9374122619628906,1.3914146423339844,1.9779949188232422,2.850107192993164,3.506551361083987
47900,2.222270748636173,0.7432708740234375,0.9666926574707031,1.142340850830078,1.6246337890625,2.2714462280273438,2.7528419494628906,3.2856674194335938,3.7267420959472664,1.8846169301815756,-6.306324005126953,-0.48048286437988275,0.9340953826904297,1.3698921203613281,1.8914451599121094,2.4315834045410156,3.020986557006836,3.3607757568359387
47950,0.6290065766394597,-11.217681884765625,-6.277163391113281,-3.7522827148437496,-0.6041526794433594,1.22979736328125,2.3472633361816406,3.3278877258300765,3.947666931152346,0.37416455021911255,-15.986015319824219,-7.431985473632812,-3.821596145629883,-0.7956905364990234,1.022003173828125,1.9997539520263672,3.0836257934570312,3.5757057189941412
48000,1.594155995097529,-0.33968353271484375,0.5163438415527344,0.7409236907958985,1.125213623046875,1.501068115234375,1.9825210571289062,2.7280780792236317,3.63220458984375,1.34974537645719,-6.1955413818359375,-0.801885986328125,0.44245147705078125,0.9639663696289062,1.3084907531738281,1.7367992401123047,2.422621726989746,3.3137786865234378
48050,2.1185555783732277,0.6166534423828125,0.9683389282226562,1.1295173645019532,1.5659065246582031,2.1053428649902344,2.6284561157226562,3.144660949707031,3.5509896087646493,1.7786578807770002,-7.4046173095703125,-0.6691459655761719,0.8706722259521484,1.3381271362304688,1.773834228515625,2.267681121826172,2.8883676528930664,3.234522247314453
48100,0.599851949399309,-6.273998260498047,-2.9983489990234373,-1.900519561767578,-0.2728404998779297,0.697998046875,1.5447616577148438,2.862268066406249,3.75672821044922,0.36487187538592897,-8.002304077148438,-3.7032297134399412,-2.30108642578125,-0.5131702423095703,0.49361610412597656,1.3998842239379883,2.589994430541992,3.513386535644532
48150,2.0760523045661756,0.5956878662109375,0.9539373016357422,1.1038787841796875,1.5235252380371094,2.0516204833984375,2.5374794006347656,3.2744712829589826,3.6356536865234377,1.7429697183358344,-9.628253936767578,-0.9516176223754882,0.8298606872558594,1.2879352569580078,1.7340812683105469,2.2226829528808594,2.9374637603759766,3.4586494445800784
48200,2.31255288267275,0.7733001708984375,1.0460667419433594,1.1916973114013671,1.6525764465332031,2.3458251953125,2.883319854736328,3.5273345947265624,3.955796737670899,1.9375140264107749,-10.994098663330078,-1.104431915283203,0.9529762268066406,1.4049911499023438,1.921834945678711,2.5071163177490234,3.1944808959960938,3.663549804687501
48250,1.763233692697347,-0.860198974609375,0.2825825500488281,0.7113025665283204,1.192789077758789,1.6376190185546875,2.2596397399902344,3.2041217803955075,3.7399874877929706,1.4866968648804446,-11.667652130126953,-1.276121139526367,0.2530183792114258,1.0157232284545898,1.434671401977539,2.0181808471679688,2.9305620193481445,3.4413776397705096
48300,2.337742302920189,0.8029861450195312,1.1336460876464844,1.2944931030273439,1.7287101745605469,2.3133392333984375,2.879690170288086,3.5061286926269526,3.9252529907226568,1.9413963375976648,-13.140827178955078,-1.2417381286621094,0.9808540344238281,1.4406147003173828,1.9279136657714844,2.495176315307617,3.197416305541992,3.6633537292480467
48350,-0.5780872990722007,-15.983078002929688,-10.003641662597657,-6.613434219360351,-1.70648193359375,0.060497283935546875,1.3071212768554688,2.934578704833982,4.861216735839844,-0.8295486786667016,-18.20633316040039,-10.44720401763916,-6.828863143920898,-2.095430374145508,-0.17499351501464844,1.1205778121948242,2.846445083618164,4.2451637268066404
48400,1.8177393001664865,0.026363372802734375,0.7707659149169922,0.997833251953125,1.358377456665039,1.7642898559570312,2.226398468017578,2.8461296081542966,3.35015754699707,1.4961213514900276,-9.811071395874023,-1.1916847229003906,0.5411949157714844,1.1277847290039062,1.487579345703125,1.935988426208496,2.5750770568847656,2.9918140411376966
48450,2.169318123887645,0.6490097045898438,0.9907716369628906,1.181981658935547,1.598388671875,2.18756103515625,2.646404266357422,3.263937377929687,3.7233682250976567,1.7881416154591867,-14.168815612792969,-1.559486961364746,0.8155717849731445,1.3630943298339844,1.8139591217041016,2.320765495300293,2.9398040771484375,3.390042877197267
48500,1.6357636990269668,-1.2661895751953125,-0.4058139038085938,0.14290428161621094,0.9394416809082031,1.550079345703125,2.3305587768554688,3.3253890991210926,4.166907653808594,1.3128478259344367,-14.262557983398438,-2.503943061828613,-0.3509101867675781,0.6861610412597656,1.3192176818847656,2.004974365234375,3.113330841064453,3.6852809906005866
48550,2.286587204478251,0.42617034912109375,0.879227294921875,1.056387710571289,1.5332183837890625,2.2922821044921875,2.9363555908203125,3.645941162109374,4.118424987792969,1.87632609849444,-16.111248016357422,-1.8627285003662108,0.7694997787475586,1.2908353805541992,1.8557567596435547,2.532705307006836,3.3279476165771484,3.8263696670532235
48600,1.8177821422681317,-0.8116607666015625,0.1160102844238281,0.5790363311767578,1.1420421600341797,1.6941986083984375,2.377187728881836,3.5124382019042963,4.168742980957031,1.479084699321967,-14.001960754394531,-1.7618648529052732,0.10046100616455078,0.928471565246582,1.4098968505859375,2.0760231018066406,3.100818634033203,3.936962509155275
48650,2.426591785480581,0.9137039184570312,1.196345672607422,1.3276039123535157,1.801849365234375,2.431854248046875,2.9425086975097656,3.651815414428711,4.127263336181641,1.9815237462161663,-16.482318878173828,-1.9403621673583984,0.9016342163085938,1.4738655090332031,2.0041751861572266,2.5658931732177734,3.307586669921875,3.8347343444824222
48700,2.6281399520318494,0.8909454345703125,1.1685614013671874,1.3568626403808595,1.9275283813476562,2.64422607421875,3.2278480529785156,3.9414634704589844,4.472393493652344,2.156064465583912,-18.29833984375,-2.073793029785156,0.9751977920532227,1.597829818725586,2.196002960205078,2.811756134033203,3.612698554992676,4.125070571899416
48750,0.16222273730040546,-2.29931640625,-1.735179672241211,-1.0706598281860351,-0.2885704040527344,0.19182586669921875,0.6478061676025391,1.3084358215332024,1.7009963226318374,0.08999368513555253,-3.264219284057617,-1.8632162094116211,-1.2193689346313477,-0.3661055564880371,0.12929534912109375,0.6139411926269531,1.2514896392822266,1.7061506271362312
48800,1.1935771716075028,-0.6049423217773438,0.30048461914062496,0.5144710540771484,0.8137416839599609,1.1263275146484375,1.5135917663574219,2.12938003540039,2.4423461914062505,0.9888974756287464,-5.976339340209961,-0.634671115875244,0.24763107299804688,0.6694622039794922,0.9591827392578125,1.3165283203125,1.9149627685546875,2.3040248870849616
48850,1.7626505093215914,0.2717437744140625,0.7273577117919922,0.8737735748291016,1.240509033203125,1.7254104614257812,2.1835269927978516,2.92346076965332,3.3191416931152347,1.4593589801632931,-8.885749816894531,-1.2533361434936523,0.5766315460205078,1.0536994934082031,1.4527740478515625,1.902791976928711,2.61419677734375,3.134623718261719
48900,1.938531388509093,0.2755622863769531,0.6103513336181641,0.8132244110107422,1.2726001739501953,1.9549636840820312,2.4767608642578125,3.2798698425292963,3.7972982788085945,1.6004206130067973,-12.8497314453125,-1.7874286651611326,0.5502185821533203,1.0732040405273438,1.5963058471679688,2.1866016387939453,2.9570322036743164,3.6643871307373055
48950,2.2480672531675348,0.47818756103515625,0.8267304992675781,1.0038414001464844,1.4762802124023438,2.2929916381835938,2.894550323486328,3.6216018676757806,4.132516784667969,1.8530684824831047,-16.94145965576172,-1.8911437988281248,0.7531156539916992,1.2646570205688477,1.8412666320800781,2.5368127822875977,3.2826709747314453,3.8455169677734378
49000,0.24368423139545278,-6.567501068115234,-3.395626983642578,-1.508576202392578,-0.34515380859375,0.3232841491699219,0.9342899322509766,1.9033412933349598,2.526375732421875,0.028217440668336473,-7.479759216308594,-5.885384559631348,-2.0235061645507812,-0.5223569869995117,0.1809844970703125,0.8031473159790039,1.7419071197509766,2.2817630767822275
49050,1.4669243556338676,-0.18757247924804688,0.5365274810791015,0.7482776641845703,1.073312759399414,1.3839492797851562,1.8115100860595703,2.405274200439453,2.9447253417968784,1.1802786973364758,-8.162059783935547,-1.3354827880859372,0.3067045211791992,0.8590421676635742,1.16741943359375,1.5956382751464844,2.165346145629883,2.521078491210938
49100,1.7032348659169696,-0.31488800048828125,0.2133765411376953,0.4651992797851563,1.0662155151367188,1.7477798461914062,2.270954132080078,2.9512340545654294,3.4612875366210947,1.3895435458246461,-11.533897399902344,-1.7406217575073242,0.20906925201416016,0.8641471862792969,1.4123497009277344,1.9881887435913086,2.6952266693115234,3.120518112182618
49150,2.201861104526768,0.6587562561035156,0.9478356170654296,1.1402912139892578,1.6001243591308594,2.2108535766601562,2.7228469848632812,3.383119201660156,3.8998948669433613,1.812614790226946,-13.783103942871094,-1.9437952041625974,0.7796630859375,1.33673095703125,1.7930793762207031,2.378721237182617,3.119356155395508,3.601586151123047
49200,0.7120495445703592,-6.080986022949219,-3.9447055053710938,-3.1328880310058596,-1.149932861328125,1.2512435913085938,2.5307235717773438,3.638971710205076,4.294409790039065,0.4181492880139839,-16.629459381103516,-4.699094009399414,-3.2845458984375,-1.174154281616211,0.7753219604492188,2.1731157302856445,3.3479747772216797,4.0113155364990245
49250,1.9389684080539027,-0.12586593627929688,0.6527912139892578,0.9199104309082031,1.3226966857910156,1.8606719970703125,2.4497947692871094,3.3214286804199213,3.9094676208496093,1.5734326112283024,-14.425045013427734,-2.2044973373413086,0.4356365203857422,1.1077795028686523,1.5197772979736328,2.147237777709961,3.0303688049316406,3.66607780456543
49300,2.3159964766997843,0.3751068115234375,0.7591515350341796,1.0331993103027344,1.5933113098144531,2.3354415893554688,2.9488372802734375,3.6926673889160155,4.22044189453125,1.8956808947604724,-17.156131744384766,-2.401658248901367,0.6961240768432617,1.3408145904541016,1.9155807495117188,2.595661163330078,3.4052658081054688,3.889334106445313
49350,1.8652395263112291,-0.21714019775390625,0.3646308135986328,0.7311431884765625,1.2597198486328125,1.7656326293945312,2.381246566772461,3.3748611450195254,4.065507049560549,1.4996694209429544,-15.42881965637207,-2.241493988037109,0.20827293395996094,0.9916925430297852,1.4819717407226562,2.0874814987182617,3.0539989471435547,3.7443496704101564
49400,2.415056238268209,0.8824577331542969,1.0966139221191407,1.261563491821289,1.7143020629882812,2.4135208129882812,2.9971542358398438,3.7270225524902343,4.173341522216797,1.943727476732806,-18.623838424682617,-2.3783472061157225,0.8459110260009766,1.422048568725586,1.9385986328125,2.588897705078125,3.394683837890625,3.8910480499267592
49450,-0.1377917813583159,-12.506301879882812,-4.192897071838379,-2.909925079345703,-1.1607742309570312,-0.16632461547851562,0.9629287719726562,2.5778518676757805,3.630870437622076,-0.3969201393005825,-17.277563095092773,-5.672677803039551,-3.5600318908691406,-1.398611068725586,-0.24584579467773438,0.816685676574707,2.251432418823242,3.1728740692138673
49500,1.9829879733371252,0.4291648864746094,0.9089871215820312,1.0851406097412108,1.474893569946289,1.9244537353515625,2.4239749908447266,3.049499511718749,3.623933486938477,1.5742282583660325,-15.604984283447266,-2.3969820022583006,0.5781574249267578,1.2003955841064453,1.5955791473388672,2.0873918533325195,2.7495346069335938,3.166229248046875
49550,2.3934272017974405,0.7910842895507812,1.070796661376953,1.2415153503417968,1.7543506622314453,2.39093017578125,2.9584388732910156,3.615322875976562,4.101331481933594,1.9119076301474711,-18.114160537719727,-2.8623540878295897,0.7870693206787109,1.4338340759277344,1.9445133209228516,2.561586380004883,3.269399642944336,3.687486839294434
49600,0.9565557839228629,-2.9925155639648438,-2.0074658203125,-1.025625228881836,0.19495773315429688,0.9397392272949219,1.7303104400634766,2.965201568603514,3.864710159301758,0.6539586915473249,-14.392862319946289,-3.41409912109375,-1.6284255981445312,-0.04813385009765625,0.72454833984375,1.4964542388916016,2.737459182739258,3.5227598190307643
49650,2.1742400996329585,0.3574943542480469,0.9476026916503906,1.1272785186767578,1.5857887268066406,2.1575050354003906,2.6653213500976562,3.413285827636718,3.8172994995117198,1.707770714470988,-16.132198333740234,-2.741957092285156,0.5790920257568359,1.2686281204223633,1.732452392578125,2.2975940704345703,3.0805883407592773,3.5227775573730478
49700,2.3028824365490648,0.1672210693359375,0.5253694152832031,0.7537353515625,1.4743976593017578,2.353424072265625,3.0701751708984375,3.8376144409179687,4.20716423034668,1.8127842037296868,-19.06948471069336,-2.725152587890625,0.4310588836669922,1.1487293243408203,1.8500442504882812,2.611196517944336,3.4676074981689453,3.9093862533569337
49750,1.9412610994004962,-0.04479217529296875,0.65301025390625,0.9342056274414063,1.3710079193115234,1.8402099609375,2.452566146850586,3.187884521484372,3.8451339340209967,1.4971138176831884,-14.439640045166016,-2.538729953765869,0.37016868591308594,1.0959482192993164,1.513279914855957,2.045469284057617,2.8575754165649414,3.308117294311525
49800,2.31469099818789,0.42755889892578125,0.7208614349365234,0.9322296142578126,1.5669021606445312,2.333751678466797,2.990039825439453,3.7050979614257806,4.227915115356447,1.8114838882240893,-17.56088638305664,-3.4084781646728515,0.5415410995483398,1.2602977752685547,1.8547611236572266,2.527822494506836,3.351527214050293,3.7920162200927736
49850,1.998139444007032,-2.132183074951172,0.32778373718261716,0.7738895416259766,1.3067264556884766,1.8361778259277344,2.615060806274414,3.656140136718749,4.2062898254394545,1.524499095250561,-16.543781280517578,-3.275619888305664,-0.19064998626708984,1.0180931091308594,1.5082054138183594,2.215865135192871,3.309356689453125,3.8301399230957043
49900,2.5548846112772594,0.6658935546875,1.032710418701172,1.242863082885742,1.7932510375976562,2.5537338256835938,3.2087574005126953,3.98973922729492,4.427198944091797,1.9746607355813037,-20.552200317382812,-3.548323631286621,0.6481294631958008,1.41778564453125,2.0109081268310547,2.7092809677124023,3.5709266662597656,4.0880775451660165
49950,0.43627941497551326,-8.321372985839844,-3.4918497467041014,-2.076754570007324,-0.44158172607421875,0.5167427062988281,1.4118728637695312,2.656647109985351,3.672092971801761,0.14302797246562055,-12.82044792175293,-5.264617156982422,-2.7409491539001465,-0.6857814788818359,0.30905723571777344,1.1947627067565918,2.486239433288574,3.400202369689942
50000,1.916102655447768,0.4548835754394531,0.8679703521728516,1.0896015167236328,1.448873519897461,1.8501968383789062,2.315570831298828,2.899670028686523,3.593373031616214,1.469497340138483,-12.967571258544922,-2.404035758972168,0.36464786529541016,1.1532878875732422,1.5065994262695312,1.9642696380615234,2.593870162963867,3.022726821899415
