step,parameter_tensor_count,parameter_element_count,updated_parameter_tensor_count,updated_parameter_element_count,gradient_l2_total,gradient_l2_decay_group,gradient_l2_no_decay_group,total_update_l2,data_update_l2,decay_update_l2,data_to_decay_ratio,data_decay_cosine,decay_group_total_update_l2,no_decay_group_total_update_l2,adam_first_moment_l2,adam_first_moment_l2_decay_group,adam_first_moment_l2_no_decay_group,adam_second_moment_mean,adam_second_moment_rms,adam_second_moment_max
20050,28,421729,28,421729,0.046308579488443254,0.0461923967209067,0.003278264695816274,0.00744532105113101,0.011149866723178019,0.008986172828594728,1.2407803562043946,-0.7467367532880776,0.007420739787513296,0.000604505219523949,0.015824115276188627,0.015666305111223244,0.0022292394299775623,0.0002181818873878643,0.007117958689139529,0.955488920211792
20100,28,421729,28,421729,75.69445640186706,75.64733340429106,2.670520322742773,0.2782956925901303,0.27809800811618773,0.00897080930937592,31.000325447285025,0.005915383979458796,0.27775406734261676,0.017354267165554174,7.1539895062249785,7.149411323399882,0.25589760455827526,0.0002212057253706579,0.0072111847616172925,0.9335533976554871
20150,28,421729,28,421729,1.1061043845976553,1.1052055543890862,0.04458242000688734,0.09020759724047578,0.091302073970556,0.010520513308117561,8.678480915955678,-0.1610228637763253,0.09001976819210811,0.005818241533231053,0.8846487086675658,0.8837514625364343,0.039833280205187734,0.00144723230126634,0.04549240031496586,7.292176723480225
20200,28,421729,28,421729,34.667886289335314,34.488474306005344,3.522425274479547,0.17058840561161495,0.1715029417526711,0.01068607000113539,16.049206278308958,-0.11650809029103965,0.17007555182792494,0.013217821285660954,2.311977789274848,2.302425254511948,0.20995057867461378,0.001386766323392916,0.04344856304632858,7.032166481018066
20250,28,421729,28,421729,26.395233796492878,26.322070321981688,1.963919839548142,0.126795361352315,0.12891067046147195,0.011035309439418172,11.681654345006628,-0.23291498979263583,0.12641272857922445,0.00984305407988111,2.1259046398785757,2.1203169978361176,0.15403365393475485,0.0013331390755347006,0.0415724553885637,6.804776191711426
20300,28,421729,28,421729,2.00678860640184,2.004013466236697,0.1055013645704114,0.0590623576206377,0.06087084122244533,0.010933457167352837,5.567391932005266,-0.25275971662279756,0.05893539381932753,0.003870586915297285,0.6830114942974701,0.6816806441316396,0.042616906958808376,0.0014522669744519762,0.04496326090868022,6.840038776397705
20350,28,421729,28,421729,0.3851682589033546,0.3842838461151353,0.026086649489740175,0.0412898089076109,0.043889614770394984,0.011063243820182709,3.9671560605332616,-0.3540697957416111,0.0412196767748089,0.0024055282595105616,0.3636655836520363,0.3626033462066982,0.02777534973104014,0.001381521917321495,0.042770564171341265,6.5063652992248535
20400,28,421729,28,421729,0.21919448750096188,0.21849133284505282,0.01754311324713184,0.030854992601334397,0.033377175652664036,0.011142563673853174,2.9954664500581654,-0.38472222449970794,0.030806991839742538,0.0017204133847529756,0.2337262110470445,0.23295372655485622,0.018986916932794966,0.0013141214104350003,0.040683680274567216,6.18889856338501
20450,28,421729,28,421729,0.14446615012768815,0.14398287429297563,0.011806796476983562,0.02315983731701631,0.025270217008914832,0.011151153617276978,2.2661527117483664,-0.4019879421540126,0.023128273572740717,0.0012087291239663484,0.15296383286783125,0.15244775230818733,0.012554560199360921,0.0012500039062249392,0.03869858708904958,5.886918544769287
20500,28,421729,28,421729,0.09700351688168411,0.09663023914252104,0.008501715748857299,0.018554579468993224,0.02013658775233262,0.011102960495001032,1.8136232909590975,-0.412579379537007,0.018530372964771346,0.0009474687634197124,0.1026013470531145,0.10220960912270503,0.008957244001225946,0.0011890128945630507,0.03681034120517481,5.599671363830566
20550,28,421729,28,421729,0.07259332784731597,0.07229361776580916,0.006589694854770033,0.016135840503185603,0.01723361343900979,0.011019002102057772,1.5639903939932505,-0.41614745200111947,0.01611526019026039,0.0008147010153755133,0.07600248626522702,0.07569008353852302,0.006883979403471924,0.0011309971255136077,0.03501422677290385,5.326442241668701
20600,28,421729,28,421729,0.05865773895150101,0.05840416981250945,0.005448237092307888,0.014483728257077067,0.015244769438584285,0.010915084384773802,1.396669865406653,-0.4259778516690418,0.014465253926247302,0.0007313091507971707,0.06014383171304743,0.05988227113688184,0.005603043513693066,0.0010758118957133415,0.0333057518241388,5.066545009613037
20650,28,421729,28,421729,0.04957842934089566,0.04935567442173693,0.004694471033640114,0.013619495133287328,0.014200664758075162,0.010801279905277957,1.3147205592863234,-0.43301356759398246,0.013602163133273629,0.0006868811989339495,0.05044343815754964,0.05021534812983983,0.004791582760792694,0.0010233192203468406,0.031680638927566396,4.819329738616943
20700,28,421729,28,421729,0.04310151960079266,0.04290177671379166,0.004144701038371487,0.013265375982228385,0.013789841728778309,0.010684433423800406,1.2906479156920352,-0.4355557701870806,0.013247850814791271,0.0006816514790682905,0.04410335150985207,0.04389919035969129,0.004238714447230203,0.0009733877974844019,0.03013482127441315,4.584177494049072
20750,28,421729,28,421729,0.039506440280521214,0.039323282183479163,0.0037997765667022623,0.012891934587269267,0.013455173750299861,0.010568541295502838,1.2731344254694215,-0.44490998861322634,0.012874635209690594,0.0006676418349871123,0.039513698348915084,0.039328066422803634,0.003825643560579057,0.0009258926875004143,0.028664430204732378,4.360498428344727
20800,28,421729,28,421729,0.03573416017829309,0.035567132181078265,0.0034509871140898235,0.012658308072990863,0.013312359804972512,0.010456043705233566,1.2731736955450246,-0.45373525914957774,0.012640518223183845,0.0006708668423038584,0.036027828206893056,0.03585642513233774,0.0035101541325783477,0.000880715021760731,0.02726578619113349,4.147734642028809
20850,28,421729,28,421729,0.03312631790143548,0.03297061395876673,0.0032080450260151684,0.01253881402321443,0.013310851688091017,0.01034807859748176,1.2863114212652247,-0.46115159683664875,0.012520984569900152,0.0006684328755238828,0.03345768995813903,0.03329943387115893,0.003250341704385971,0.0008377417143035174,0.0259353864641535,3.9453513622283936
20900,28,421729,28,421729,0.030910753721569463,0.030765802000848174,0.002990003826105698,0.012462485952045948,0.013371338482248744,0.01024574583642445,1.305062481123879,-0.4688141146849581,0.012443852075012602,0.0006812500569887408,0.03119629114659825,0.031049025739930992,0.0030276363560419717,0.0007968652234492132,0.02466990160608792,3.7528433799743652
20950,28,421729,28,421729,0.029175462935395812,0.029041577019317248,0.0027918527406937295,0.012334052822640345,0.01337452847046039,0.010149178594068756,1.3177941787600966,-0.4779524161325758,0.012316132157960364,0.0006646410304343098,0.029400446364472452,0.02926448673333286,0.002824192391606207,0.0007579832422211695,0.023466164450462415,3.569728136062622
21000,28,421729,28,421729,0.02710412504346094,0.026978901411142838,0.002602397552143275,0.012183413185732739,0.013345210955829724,0.010057818659179193,1.3268494300849536,-0.48731633578270445,0.01216618463960228,0.0006476945031354779,0.027297891331055382,0.027170759072386568,0.0026314867570313956,0.0007209984473703005,0.022321162294475668,3.39554762840271
21050,28,421729,28,421729,0.02526474653755809,0.025147346738071275,0.0024327699525991593,0.012079715627479122,0.013361821433450875,0.009971534288510171,1.3399965388322643,-0.4955432257399197,0.012062416043369903,0.0006462575627532039,0.025519630116725978,0.025400854882019618,0.002459287001772634,0.0006858182655507184,0.021232028437974053,3.229865550994873
21100,28,421729,28,421729,0.023585524455754597,0.02347569305535823,0.0022734993784040026,0.01186086996398471,0.013282672150679188,0.009890440792251133,1.342980806384865,-0.5083674162550438,0.01184353665791144,0.0006409958933273364,0.023662311945627044,0.02355045259788938,0.0022980837771346702,0.0006523546650092323,0.020196038818836616,3.0722687244415283
21150,28,421729,28,421729,0.02209675232789899,0.021992748330472954,0.0021413743981350823,0.011685712352358173,0.013269680141150089,0.009815059246876187,1.3519714764201138,-0.5215798246384645,0.011667940107807124,0.0006442412767607445,0.02212553934334192,0.02201962568563381,0.002162308002655237,0.0006205238614145816,0.01921059807917386,2.922361135482788
21200,28,421729,28,421729,0.021136160211372657,0.021039180180671125,0.00202241583411222,0.011519692614233412,0.013271176214875295,0.009745830629642916,1.36172859135369,-0.535037400734603,0.011501675424983263,0.0006440344282411199,0.021002242820219234,0.02090253227573914,0.002044100765895299,0.0005902461998963052,0.018273240768094567,2.779768466949463
21250,28,421729,28,421729,0.019832609035616094,0.019739359465952292,0.0019209552398535246,0.011340532795028207,0.013259009104348492,0.009682813633763996,1.3693343284140358,-0.5489389401053214,0.011321911141121648,0.0006496246513609271,0.01993098220263729,0.019836720475997882,0.0019361230123550062,0.0005614458956059115,0.017381620608659165,2.6441335678100586
21300,28,421729,28,421729,0.018731722043144567,0.018643298347454467,0.001817921183503215,0.0111180920713934,0.013211418060117445,0.009625726071013632,1.3725113266937403,-0.5645386988141226,0.011099933326229985,0.0006351782908992931,0.018834493113841458,0.018744998539620448,0.0018338922010217942,0.0005340508624523786,0.01653350580869366,2.515115976333618
21350,28,421729,28,421729,0.017880306374917356,0.017796863093613752,0.0017254043259709434,0.010865644562539306,0.013128614036345559,0.00957426075683784,1.3712404925852093,-0.5806224732950798,0.010847169164906073,0.000633366297927878,0.01786039798808386,0.017775358975443464,0.0017408129097842553,0.000507992534352958,0.01572677393594884,2.392394542694092
21400,28,421729,28,421729,0.01708526069155144,0.017005289711645957,0.00165113740229601,0.010647315669138355,0.013085814148435706,0.009528354999618264,1.3733550176247595,-0.5961471734902272,0.010628827478531059,0.000627182102664179,0.016957640775522247,0.016876433180062732,0.0016575837205198593,0.00048320568784809907,0.014959405687213581,2.2756612300872803
21450,28,421729,28,421729,0.016098838521834528,0.016022487002821422,0.0015660498065265746,0.010446133586873012,0.013057772819598534,0.009487888598967398,1.3762569704939052,-0.6110376390631881,0.010427698408540857,0.0006203328262400194,0.016154449158336887,0.016076898590443457,0.0015809994692878922,0.00045962828411675845,0.01422947997677299,2.1646230220794678
21500,28,421729,28,421729,0.01543137393990385,0.015356879823889016,0.0015144450296310048,0.010250469037391656,0.013022152357497962,0.009452697528687817,1.3776122972280953,-0.6249583362441581,0.010231706939874043,0.0006199101411159301,0.015442043635364272,0.01536783742383306,0.001512046477834031,0.00043720130605569567,0.013535169783611446,2.0590014457702637
21550,28,421729,28,421729,0.014799783071073764,0.014729525464229168,0.0014403675050021476,0.010088651479679214,0.013012952016052279,0.009422232280833564,1.3810901311064954,-0.6375220026671413,0.010069690958290125,0.0006182335181496366,0.014770394745002103,0.014699478168000721,0.0014456495120380674,0.0004158686250572405,0.01287473810004495,1.9585351943969727
21600,28,421729,28,421729,0.014150517823519225,0.014083694658009365,0.0013735717868730984,0.00992443623791242,0.012997584422534986,0.009396373247740687,1.3832554412054878,-0.6498583293051525,0.009904975333123926,0.0006212071237484818,0.014178027553611618,0.01411035541746337,0.0013835950649783361,0.00039557684169758746,0.012246530901445115,1.8629709482192993
21650,28,421729,28,421729,0.0174138300634751,0.01733552554172432,0.0016495549920547607,0.009759526511099185,0.012974520012250038,0.009374717695772711,1.38399047665196,-0.6617277188538955,0.009739546557848807,0.0006241719060830022,0.013528808765707187,0.01346401738499729,0.0013224607652275952,0.0003762751684807437,0.01164897640938666,1.7720693349838257
21700,28,421729,28,421729,0.06096800435433849,0.0606746025671337,0.005974124058889987,0.00964858591498288,0.012981397572659453,0.009356943114567681,1.3873545466412973,-0.670860943461639,0.009627908175815006,0.0006313432639068803,0.01330675874050168,0.01324237034521911,0.0013074615933094719,0.00035791573225484865,0.01108058784068763,1.6856034994125366
21750,28,421729,28,421729,0.02255964214108547,0.022474221680586735,0.0019613294944207183,0.009448925579959914,0.012893897758740997,0.00934229879360711,1.3801632813932507,-0.6817648949011532,0.009428473567866255,0.0006213540018927523,0.012738723449608249,0.01268120633393506,0.0012091654319258364,0.0003404530321408093,0.010539954484658175,1.6033567190170288
21800,28,421729,28,421729,0.036328464584983816,0.03614938159822938,0.00360271413909273,0.009146313562878827,0.012697794314617887,0.00932905471995848,1.3611019225187266,-0.6948015744067496,0.009125822523663748,0.0006118946454191184,0.011936096113456996,0.011880227230980738,0.001153512622361354,0.00032384110758476955,0.010025671009052103,1.525122880935669
21850,28,421729,28,421729,0.031125926967746853,0.03097760972949655,0.003034967058884079,0.008910720079200797,0.012577467429925803,0.00931763830969301,1.34985572651405,-0.7065743614642125,0.00889008699193568,0.0006060409274036405,0.011535529887984905,0.011484065727427228,0.0010884319752397825,0.0003080407636236823,0.00953650481009972,1.4507062435150146
21900,28,421729,28,421729,2.5511200818071016,2.546965253808104,0.14553923077195632,0.19203254723273872,0.19498169586332664,0.010525750862385417,18.52425526810717,-0.30505686630319573,0.1913833224373503,0.01577729664851465,2.7754734214051746,2.761699510024482,0.2761675745939065,0.0008484331643445443,0.022173202684321852,3.429257869720459
21950,28,421729,28,421729,10.299679944383286,10.259398719376257,0.9100246554858349,0.12224896750008032,0.12441984447000594,0.011097337733727052,11.21168405029874,-0.2385111528951316,0.12206925673096976,0.0066262067568322435,1.2215365624067986,1.2186723572078875,0.08360178870090215,0.0008147325353793154,0.021224776869689266,3.2719035148620605
22000,28,421729,28,421729,19.126092278360368,19.119314986097525,0.5091171797754538,0.19585872428987464,0.19489008141561903,0.011249664746131864,17.32407905601195,0.05745656918104192,0.1955373882500135,0.011214708057752338,3.1076405657784885,3.1045835854085726,0.13780655747711804,0.001028187339760917,0.027649208406058685,4.292596817016602
22050,28,421729,28,421729,0.8564687283880325,0.8559693101626659,0.029244192009066087,0.03590420207734087,0.03756214722935247,0.011150521287949616,3.368644950254114,-0.2938338729887832,0.03584374609747232,0.0020826887694676815,0.47070938321710126,0.4697909594946307,0.029390097409469473,0.0009821186924098679,0.02632183740862704,4.085317134857178
22100,28,421729,28,421729,0.21068263069243548,0.2099835195485091,0.017149122237188907,0.024467401104199895,0.02598641442838131,0.011124353343632883,2.3359932596221293,-0.34659926315281825,0.024427423488793783,0.0013981053225447207,0.21821289254242435,0.21747999911126553,0.01786942803493131,0.0009342172257164529,0.025037739703370254,3.8860161304473877
22150,28,421729,28,421729,0.13213608776360652,0.1315753649792148,0.012160140626569406,0.026472553813019394,0.027541653344537977,0.011058197009462799,2.4906097550052544,-0.2955569947104721,0.02643732655074233,0.0013652363284876081,0.13913652428139892,0.13855594017143155,0.01269739470596176,0.0008886360250420749,0.023816088520887183,3.696415662765503
22200,28,421729,28,421729,0.0953053315995691,0.09486216928747855,0.00918014538978458,0.029621693216534017,0.030761010696944674,0.010991674140316954,2.7985737481167408,-0.2803956748933598,0.02958581740174934,0.0014574353106753474,0.10031367854388659,0.09984970679776864,0.00963691628093997,0.0008452773267197365,0.022654020584865472,3.5160553455352783
22250,28,421729,28,421729,0.07457797475540812,0.07422381945719113,0.0072594038188122136,0.026876202597721367,0.028220501048712824,0.010937527834760636,2.580153529669204,-0.31376652270839533,0.02683094555759181,0.0015590466828510495,0.07757799470918078,0.07720860096033746,0.007561560741345437,0.0008040336979611098,0.021548648466334145,3.3444931507110596
22300,28,421729,28,421729,0.0614620871190129,0.06117036279524219,0.005981209620434806,0.023059929028520245,0.02454843139173982,0.010884814488642664,2.2552916650397603,-0.35430522860458324,0.023002777869373076,0.0016225095046471908,0.06326180137687182,0.06295944587672583,0.00617767661361544,0.0007648022463390506,0.020497208614289227,3.181302070617676
22350,28,421729,28,421729,0.05300010614113368,0.0527469153812762,0.005174376168382443,0.019955332138936018,0.021572642379994518,0.010828944038822255,1.9921279768974351,-0.3947401365790132,0.01990265912829886,0.0014489445807189618,0.05387174492773959,0.05361027419756677,0.005301264190845721,0.0007274849260906465,0.019497072268233457,3.0260729789733887
22400,28,421729,28,421729,0.047579520877808,0.04735177811664397,0.004649722158783625,0.017713110524813315,0.019443199231046777,0.010769898986684156,1.8053279102326067,-0.43045206311029044,0.017661642413859632,0.001349322685352462,0.047814004479466474,0.04758000448743563,0.004724637270526209,0.0006919883928780534,0.018545736336909622,2.8784193992614746
22450,28,421729,28,421729,0.043023979740293726,0.04280949660075811,0.004290668186062069,0.015873345584717567,0.01773052605538971,0.01070934539230372,1.6556124959917502,-0.4663375870700733,0.015826047809606558,0.0012244634661434794,0.04354491651904291,0.04332755644705142,0.004345412175845843,0.0006582238252467685,0.01764081921060361,2.7379696369171143
22500,28,421729,28,421729,0.03998788702645211,0.03978552871041953,0.0040178121002207145,0.01470751967030881,0.01673671117388074,0.010649666526776624,1.5715713850569277,-0.4971425400715273,0.014660457141164185,0.0011756407889354206,0.04034778338255272,0.04014244316147138,0.0040654496569798035,0.0006261067406394796,0.01678005791485517,2.604374885559082
22550,28,421729,28,421729,0.038028191453196095,0.03783202337469112,0.00385763562013852,0.013814885932345117,0.01603636246269248,0.010593362286239425,1.5138123316638956,-0.5254715858181488,0.01376921998809258,0.0011223431931538463,0.03821052059522428,0.03801339577831882,0.003876290179920987,0.0005955567567790639,0.015961295937989114,2.477297782897949
22600,28,421729,28,421729,0.036003978292083905,0.03581635117514014,0.0036708910847213145,0.013151477522063323,0.015583695105955229,0.010541776383024986,1.478279802163993,-0.5509478629316173,0.01310743516701128,0.0010754089249828682,0.036378863373525534,0.036189101420680464,0.0037108811235797823,0.00056649740162882,0.015182483980336897,2.3564209938049316
22650,28,421729,28,421729,0.03463751887344349,0.03445544084978128,0.0035468732082466854,0.012619552785004264,0.01526635460517786,0.01049573525875435,1.4545293139367632,-0.574071875778881,0.012576204333541178,0.0010450823194987709,0.03486165978317577,0.034678332922458345,0.003570510965819284,0.0005388559602134025,0.014441673791459005,2.2414424419403076
22700,28,421729,28,421729,0.033436918531196104,0.03326257431089154,0.0034100837342012397,0.012144203711546354,0.014972857996340572,0.010454644652761132,1.4321728278336225,-0.5941268934983283,0.012101811030913543,0.0010138311297230623,0.033650274834773945,0.03347326570231373,0.003446952230322887,0.0005125632401734333,0.013737010557412147,2.1320745944976807
22750,28,421729,28,421729,0.03259448235084788,0.032423396196498165,0.003335214956287133,0.011717750888552177,0.014749095365373648,0.010418133975866488,1.415713735256217,-0.614245859096919,0.011674635603495756,0.001004275565646516,0.03251066797936264,0.03233888204737498,0.003337699865225053,0.00048755343378311224,0.013066730129158394,2.0280425548553467
22800,28,421729,28,421729,0.031036219832229553,0.030873903025350792,0.003170024204278913,0.011459042681306882,0.014683773621629205,0.010387107116321466,1.4136538169088777,-0.6300587184441067,0.01141593007868644,0.0009930758332348125,0.031399293774589075,0.031233947893626112,0.0032180970341487572,0.0004637639451843624,0.0124291554011921,1.929086446762085
22850,28,421729,28,421729,0.029977387315530523,0.02982107148895752,0.0030573592389209346,0.011124470373378877,0.014505282904578323,0.010360306985128036,1.4000823455714486,-0.645416573931741,0.011082799700406406,0.0009619729148245784,0.030331089108930193,0.030171905143337587,0.003103402415946488,0.0004411352296720724,0.011822690485901226,1.8349592685699463
22900,28,421729,28,421729,0.02922689808225198,0.02907466940314177,0.002979122456086071,0.01088045612848162,0.014403457818451697,0.010337240646355859,1.3933561490153838,-0.6579729035135894,0.010840851285985945,0.0009275068511607311,0.029262584904063905,0.029109260963409045,0.0029916218731148507,0.000419610640403372,0.011245816847210863,1.7454248666763306
22950,28,421729,28,421729,0.028066845285270318,0.027920754081908992,0.002859946811544387,0.010685524542856454,0.014334314550224268,0.010317323082577396,1.38934435177573,-0.6685271105391547,0.010646769243599512,0.0009092521264924632,0.028130356362418545,0.027983770250479396,0.002868022253234071,0.0003991363164707928,0.010697091003616477,1.6602591276168823
23000,28,421729,28,421729,0.02691241571009809,0.02677429048963863,0.0027231393885699165,0.010477959214626058,0.014239587396372842,0.010300327504543214,1.3824402563988494,-0.6786380668932005,0.010440980692640088,0.0008795177538197093,0.026975446622568178,0.026835592036993816,0.0027433046697475875,0.0003796610118223566,0.010175139986166466,1.5792489051818848
23050,28,421729,28,421729,0.025973038481658946,0.02584088228077199,0.0026167787298548182,0.01027587118065224,0.014152631433192928,0.010285565002889697,1.3759702485198229,-0.6886697498874188,0.010239471935197954,0.0008641429335779662,0.02595532115475973,0.02582214451050465,0.00262593776113076,0.0003611359706687978,0.00967865664442137,1.5021916627883911
23100,28,421729,28,421729,0.024725977305377837,0.024601638045859908,0.002476561965014853,0.010055297039754399,0.014033793402811544,0.010272829224096416,1.3661079237931104,-0.6983904431282253,0.01002038176317472,0.0008372263003089773,0.024873869134192293,0.024747361578512105,0.0025054861019983277,0.000343514836387927,0.009206398799480766,1.4288941621780396
23150,28,421729,28,421729,0.024725120128013256,0.024602462714632845,0.002459754808875659,0.009866808916751001,0.013943753698498946,0.01026232978799555,1.3587317876696745,-0.7071847284621906,0.009833718561488937,0.0008074016677620843,0.02390953960692225,0.0237884842708489,0.0024029357691287335,0.0003267534926335173,0.008757183671191627,1.3591728210449219
23200,28,421729,28,421729,0.023006636238711978,0.02289620021359847,0.002251516555397418,0.009661813316751018,0.013802089266591296,0.010252410722969073,1.3462286714352627,-0.7146722841900581,0.009629498695089694,0.0007895514226528921,0.022879584508166496,0.022764756830560694,0.0022893740873375337,0.0003108099972866015,0.008329887678878871,1.292853832244873
23250,28,421729,28,421729,0.02309294854832214,0.022980618493608575,0.002274960726401478,0.009462271900676156,0.013680233504883042,0.01024304867634134,1.3355626764208066,-0.722679480530769,0.009429977916802598,0.0007810928311928673,0.022012409352703557,0.021901834865168175,0.002203586860074902,0.00029564444126900134,0.007923441101609136,1.2297706604003906
23300,28,421729,28,421729,0.023098745374009765,0.022990947784027358,0.0022289813470428455,0.009259733778875108,0.013540320137808703,0.010234371144102847,1.3230241455148692,-0.7300650412965906,0.009226482304983942,0.0007840241906082265,0.02106173397035065,0.02095588280855258,0.002108936592700914,0.0002812188683632516,0.007536826726318536,1.1697657108306885
23350,28,421729,28,421729,0.020256477333971526,0.020158944606396386,0.0019854033187098772,0.009029705177719421,0.013372954727093586,0.010225571685233052,1.3077953134303222,-0.7380928896322531,0.008996308424067451,0.0007758932501226877,0.02010715838049751,0.020006648435903798,0.0020079433509338166,0.00026749716950473637,0.007169076521361779,1.1126885414123535
23400,28,421729,28,421729,0.019736634587072848,0.01964005015435464,0.001950173007216147,0.00878924054494998,0.013217678048154692,0.010217107963487045,1.293680960932468,-0.7473190456477656,0.008754894133382986,0.0007762590226520947,0.01940043092252426,0.019302938668123916,0.0019424929225822388,0.00025444500034155974,0.006819270141818295,1.0583957433700562
23450,28,421729,28,421729,0.020993992226232255,0.020890217919711282,0.0020848272979011547,0.00857116493897795,0.013094429859157097,0.010209002524379463,1.2826355785383665,-0.7563634898674005,0.00853622977270378,0.0007730780547722646,0.01875820323147925,0.018662061883332637,0.0018967431919323162,0.00024202969762339714,0.0064865324299780945,1.0067527294158936
23500,28,421729,28,421729,0.018049897958137943,0.01796307800399984,0.0017682321457912669,0.008362285188887883,0.012950412877399729,0.010201523025997975,1.269458770459702,-0.7639483749868273,0.008325977457221682,0.0007784041123542673,0.017865074658448717,0.01777304098532642,0.0018110512653852964,0.00023022017801298229,0.006170030022451495,0.9576296210289001
23550,28,421729,28,421729,0.019503863086010705,0.01940175063119343,0.0019931752865305816,0.00814054053901339,0.012852198000249705,0.010194602741008538,1.2606864952717378,-0.7740642338609943,0.008105618543066843,0.0007532252661796067,0.017396614006205617,0.017305693093832758,0.0017762785319252964,0.000218986889238275,0.005868971009924318,0.91090327501297
23600,28,421729,28,421729,0.01844658890013866,0.01835411093773327,0.0018447909735519695,0.007912645413001766,0.012735934778998575,0.01018893986986481,1.2499764393219017,-0.7837533887573721,0.007878067113204549,0.0007389289490490948,0.016620733494621887,0.01653290503492116,0.0017064093897785834,0.0002083017135691003,0.005582601891724032,0.8664568662643433
23650,28,421729,28,421729,0.020036865657234566,0.01993324407668213,0.0020351329060979855,0.007728223678685132,0.012629317594674942,0.010183963961682856,1.2401180564063978,-0.7910622646901178,0.007693016776464275,0.0007368406237638951,0.016204913971423276,0.016117338950826895,0.001682445233993553,0.00019813790690259448,0.005310205734422424,0.8241792917251587
23700,28,421729,28,421729,0.01744840696177368,0.01736344748250733,0.0017197665614501157,0.007549656748350928,0.012525695252747486,0.010179162004942092,1.2305232244723217,-0.7980758349288581,0.007515368832981923,0.0007187129622906866,0.015604522719128072,0.015518394566994814,0.0016372413856392716,0.00018847003285635383,0.00505110096931001,0.7839644551277161
23750,28,421729,28,421729,0.017575634067964193,0.01752339592073311,0.001354071008558183,0.0073925025571364425,0.012419839950394609,0.010174592575990314,1.2206719686941134,-0.8037144494137697,0.007357519701358865,0.0007183299390844027,0.014918110809385494,0.014837440482854047,0.001549319217872226,0.0001792738900937517,0.004804638815216516,0.7457116842269897
23800,28,421729,28,421729,0.015393647988773603,0.015335135233263226,0.0013409048362215828,0.00721419770856826,0.012330482018808167,0.010170312276473623,1.2123995491595216,-0.8110985569490995,0.00717984672011513,0.0007031711413045441,0.014454923570881052,0.014374524016410728,0.0015224568110931125,0.00017052646672093666,0.004570202883536908,0.7093257308006287
23850,28,421729,28,421729,0.10120143760802927,0.10088249280797998,0.008028301114165278,0.00713204508926571,0.012237707450011053,0.010166319001470445,1.2037500936416616,-0.8128184855133724,0.007100004162445387,0.000675283680076239,0.013691928451225159,0.013628784450722584,0.0013134455105603979,0.0001622060561297137,0.0043472134537358275,0.6747158765792847
23900,28,421729,28,421729,0.029016557428995,0.028891652394350018,0.002689428741241138,0.006877102184477537,0.01214088996233073,0.010162692699054968,1.194652866307737,-0.824202396555331,0.006844587443372897,0.0006679499874749593,0.013280037857855547,0.013204411344296122,0.0014152478781826185,0.00015429743137746363,0.004135327435311537,0.6418210864067078
23950,28,421729,28,421729,21.413714894666573,21.344180588633037,1.7242797307529696,0.8792249391375524,0.8811325031695626,0.010610011737189375,83.04726940886282,-0.1856151144006189,0.8759786222976224,0.07548474600203844,31.885397102123168,31.842853045961366,1.646589886217499,0.0019254554029204739,0.06489954703822018,10.111661911010742
24000,28,421729,28,421729,1.4024854017473354,1.4016608880802819,0.04808385321893368,0.0694187205404003,0.06988773256944061,0.01191518164572673,5.865435764842512,-0.12447563650584584,0.06930483331805949,0.0039747754933060495,0.9640329062167993,0.9634197402984939,0.03437802018718946,0.0018351278027634408,0.06175570483644549,9.620641708374023
24050,28,421729,28,421729,0.83928874022102,0.8383154059087905,0.040408782186135264,0.07494357955397649,0.07642856462957569,0.01190656563553091,6.419026860398923,-0.2014016411569563,0.07484418229180288,0.0038585610575165787,0.7300870606493213,0.7290810982409216,0.03831276961245837,0.0017457124779293352,0.05874326698095853,9.151342391967773
24100,28,421729,28,421729,8.274834759540205,8.26071709172293,0.4831598371258679,0.08368947735481407,0.08507108960820775,0.012027059074010618,7.07330770429478,-0.18463077916510431,0.08356108328334189,0.004634002636634887,1.063372533952465,1.062355812687142,0.046489495741818675,0.0016771798033144575,0.05617729090642677,8.736780166625977
24150,28,421729,28,421729,12.255183959409802,12.250732030432319,0.3303007682627529,0.09154274901236256,0.09242530041672031,0.012158525111643318,7.6016868467221785,-0.13801535944489599,0.09141933829353094,0.004751787317773575,1.425689571501019,1.4250109480580944,0.04398354466535655,0.0016295160505915684,0.05386729194446928,8.334975242614746
24200,28,421729,28,421729,5.647816083832896,5.640973741705722,0.27792402233000374,0.049368928780323104,0.051569303767700685,0.012243196418626685,4.212078447850728,-0.29459428328377285,0.04927938743411953,0.002972053672893029,0.5923091953994807,0.5916341633668436,0.028270120127003615,0.0015622647751902096,0.051474420256006785,7.949237823486328
24250,28,421729,28,421729,0.3899749040456256,0.3895062511864169,0.019112981768912966,0.02888435140090698,0.031666867664889714,0.012299615199806787,2.5746226325346475,-0.4104919900502042,0.028814214486030172,0.002011665828144877,0.2065314844585101,0.20604620831359272,0.014149703609170373,0.0014866796197038825,0.04897033485348234,7.562127113342285
24300,28,421729,28,421729,0.13105177096905177,0.13068115734864091,0.009848948580663621,0.02053475334137024,0.02273057745387033,0.01227737916868193,1.8514193576307565,-0.4402755703596992,0.020475168348187398,0.00156319413519284,0.1260779874369051,0.1256997727444026,0.009758383480164213,0.001414143700378626,0.04658092521741206,7.193144798278809
24350,28,421729,28,421729,0.09678124479362837,0.09648485743546115,0.007568462820345709,0.01667867630250955,0.01835459361488828,0.012201091162958363,1.5043403388880094,-0.46345865585625123,0.016631714802182746,0.00125072216848862,0.0899732394377986,0.08964760099487869,0.007647970370919659,0.0013451433981986043,0.044308067390250845,6.842162132263184
24400,28,421729,28,421729,0.07221344536828044,0.07194188150700068,0.006256786490707258,0.014963919210985345,0.01627076196766367,0.012099521125400664,1.3447442918634418,-0.4754881980693576,0.014925027971120082,0.0010781550047091672,0.07241854744377475,0.07213382089226547,0.0064154421008078754,0.0012795094307860692,0.04214611103099899,6.508307933807373
24450,28,421729,28,421729,0.06833730714600345,0.06810592690266615,0.005618742625882559,0.014081795153562927,0.01517294998923505,0.011986201965372088,1.2658680400238054,-0.48274678248074054,0.014048205228498787,0.0009720517501078102,0.06174269593785977,0.061484214835014504,0.005643742357406754,0.0012170777818653715,0.040089644013938344,6.190743446350098
24500,28,421729,28,421729,0.056643704843136966,0.05641847722471281,0.005046258614159605,0.013392774101647228,0.014424558478931678,0.011868600939364007,1.2153545773950873,-0.4952273443569446,0.013358184811506262,0.0009619234269920637,0.05495765551397636,0.05472006111504242,0.005104783164730792,0.0011576922916998562,0.038133520147708454,5.888673782348633
24550,28,421729,28,421729,0.05267046225026793,0.05245900323672231,0.004714930865501265,0.012915225753576625,0.01398535007306778,0.011751293897728336,1.1901115055739788,-0.5077090721178087,0.012879891790197337,0.0009546956261846921,0.05038465287897245,0.050163466529843936,0.004715916819005027,0.001101204383402907,0.03627284264828613,5.601344585418701
24600,28,421729,28,421729,0.05020128259726339,0.05000311502602153,0.004456148797421382,0.012524700076058251,0.013679783038043255,0.011636619421424877,1.175580513775039,-0.5203938067835919,0.012491629189165222,0.0009095670374463952,0.047070371754889775,0.046863086979907785,0.004412592872351066,0.0010474726725461347,0.03450295320336482,5.328032970428467
24650,28,421729,28,421729,0.04890802471214757,0.048728294390595187,0.004189058011955388,0.012168656685606374,0.013431816422789726,0.011525750234944726,1.1653745872495163,-0.5334879081038496,0.012138099102112252,0.000861832767684324,0.044573963431700434,0.0443794879096799,0.004159238979085298,0.0009963627272529317,0.03281942500349725,5.068059921264648
24700,28,421729,28,421729,0.04383183804766954,0.04365240947702296,0.003961965861469092,0.011855096458676847,0.013250078083121874,0.011419089609349052,1.160344522760707,-0.5466380652935686,0.01182628511249062,0.0008260099773096375,0.04211400891144587,0.0419291681360299,0.003941396454795943,0.0009477466006161067,0.031218041882718636,4.820769786834717
24750,28,421729,28,421729,0.0407732905926103,0.040596783472882515,0.0037897753766333564,0.011533410931774702,0.013077070324767848,0.011317078229534443,1.1555164733809395,-0.5610572202432763,0.011505195852082494,0.0008062481791632452,0.03956635023702122,0.03938809570444206,0.003751531401486884,0.0009015026061685997,0.029694796463535837,4.585547924041748
24800,28,421729,28,421729,0.04040250422419995,0.040234900081902815,0.0036762974561086667,0.011268016743474014,0.012984862516538439,0.011220381372486703,1.1572567888270169,-0.5749520761389806,0.011239777547704752,0.0007972465172848746,0.03776628173697964,0.037594477274309736,0.0035982377225985606,0.0008575150208237563,0.0282458754319789,4.361802101135254
24850,28,421729,28,421729,0.03690787475589464,0.03674568710037521,0.003456254984535186,0.011024570118632265,0.012919005888949222,0.011129366531359115,1.160803344246724,-0.5884752825308189,0.01099588630072638,0.0007947520129810183,0.03615750172205778,0.03599174991287252,0.0034581597692779397,0.0008156737550513521,0.026867653449881977,4.148974418640137
24900,28,421729,28,421729,0.036262487152426616,0.036103859248088024,0.0033881147964840157,0.010800486863675754,0.012871040613239135,0.011044048051355414,1.1654277990631794,-0.6014284302788336,0.01077113061171537,0.0007957775052114944,0.03477725726360331,0.03461848575467209,0.003319347350370999,0.0007758740561081815,0.02555667859826764,3.9465298652648926
24950,28,421729,28,421729,0.05242877843266843,0.0522315550776436,0.004543287588621566,0.01059049367225649,0.012828536742284296,0.010964129403790492,1.1700460902850387,-0.6136521364779072,0.010561190065643534,0.0007872868724023599,0.03316750530498088,0.03301386517828046,0.0031887480531166863,0.0007380163518196595,0.02430967256320785,3.7539641857147217
25000,28,421729,28,421729,0.03668544431384044,0.03653461965444536,0.003323159822955103,0.010357119960213528,0.012745788261844882,0.010889071163131262,1.1705119813157416,-0.625972013373434,0.010328596502260163,0.0007681329076095005,0.03226283252862917,0.03211509940571651,0.003083950863960097,0.0007020058528699524,0.023123511572388313,3.570793628692627
25050,28,421729,28,421729,0.030995196549583673,0.030858764179557095,0.002904975465956253,0.010137397202003334,0.0126801202382266,0.010818680724764291,1.1720579025131426,-0.6380657077187583,0.010109222509656485,0.0007552762947688068,0.031098689294482205,0.0309572652848921,0.002962465512973326,0.0006677524249759103,0.0219952282101531,3.3965611457824707
25100,28,421729,28,421729,0.08258735278746288,0.0823012562546665,0.006868337451273797,0.009916856111930172,0.012588746980976413,0.010752453968946887,1.1707789698363504,-0.6491869180812034,0.009889372412650319,0.0007377997212235814,0.0308380744093221,0.03069969197798608,0.002918175068713992,0.000635170508245617,0.02092199971029894,3.230830192565918
25150,28,421729,28,421729,0.0642263642415855,0.06400163750796747,0.005368077867500117,0.009691697594105134,0.012515692490012862,0.010690173443579387,1.1707660830825806,-0.6614352768136832,0.009664533567877049,0.0007251159706977668,0.028618502630669913,0.028487412025597313,0.002736064492206757,0.0006041785216644005,0.019901140398814913,3.0731866359710693
25200,28,421729,28,421729,0.14079588976355303,0.14031320712709439,0.011648453975514452,0.009524542123562907,0.012477688158262147,0.010631499013037959,1.17365275987517,-0.6709227629493532,0.009497642569635279,0.0007153239007442573,0.027997292192822237,0.0278711797371193,0.0026543756688637383,0.0005746991627388129,0.01893009954226928,2.9232354164123535
25250,28,421729,28,421729,3.7665515055473175,3.7624202578065633,0.17636339639380622,0.22129704513165302,0.2233573251176319,0.011170710014077032,19.994908545308483,-0.20859163710120526,0.2205843160591797,0.017746596651324307,5.525702301496619,5.514724556061361,0.34813646108797286,0.0029161038933242732,0.13241745493051296,30.245250701904297
25300,28,421729,28,421729,0.878414223198175,0.8774335930354816,0.041495027770782116,0.06695801782529585,0.06800500445361596,0.011337813641240932,5.998070404531076,-0.17499395242430285,0.06687948016265555,0.0032421110816262103,0.7619257958710857,0.7610647755175147,0.03621223384799647,0.0027741842999492875,0.12595863604358293,28.770000457763672
25350,28,421729,28,421729,0.8112279719925339,0.8102481408687098,0.03985941246328926,0.0797420507813703,0.08200391675727518,0.011459102849461033,7.156224866341273,-0.26453300688725184,0.07967451424859538,0.003281225696140186,0.7088768375676581,0.7079125622807477,0.0369618046776702,0.002638888529268402,0.11981290978456696,27.36625099182129
25400,28,421729,28,421729,9.068037039595538,9.040034412186492,0.712090989944857,0.06266083930676375,0.06505282630719307,0.011703439520654864,5.558436576904107,-0.29057902369506916,0.06255808896743514,0.003586960742820813,0.7967211130126962,0.7954949636469253,0.044184779421950475,0.0025473620214647714,0.11459379263192661,26.0712947845459
25450,28,421729,28,421729,6.7592069314033045,6.746588741352505,0.41281799450374584,0.05034324006722256,0.05119140077407364,0.011765467397230653,4.350987431754987,-0.18640823661686812,0.050243222733541565,0.003171811755721686,1.2886433706619882,1.2873654883459382,0.05737452541777347,0.002496222661570288,0.11127883054824131,25.911727905273438
25500,28,421729,28,421729,0.52622028450994,0.5257500210631276,0.022241923969005185,0.02583346794288657,0.02834292696581187,0.011779582802304768,2.4061061789273515,-0.41140830102611387,0.025772171595378417,0.001778549188107524,0.25821511419376814,0.25746712262033833,0.01963990752789781,0.002375295951327365,0.10586327024298828,24.652507781982422
25550,28,421729,28,421729,0.14685641662170285,0.14629749913801846,0.012800345656608515,0.017853839272216978,0.01971797491679678,0.011740047174951234,1.679548184343534,-0.4489777214887969,0.01781115281550212,0.0012338606651434234,0.15511177515439378,0.15452074699542123,0.013527806160801936,0.0022594027108219315,0.10069782041971469,23.44961929321289
25600,28,421729,28,421729,0.10528438247574766,0.10482743103990012,0.009798514932095914,0.014144322172122284,0.015277106839243803,0.011647469441448158,1.3116245478077309,-0.4748567906125228,0.01411307197420322,0.0009397069541881814,0.1108520216411461,0.1103781350890445,0.010239042738155174,0.0021491595035930387,0.09578439289042753,22.305416107177734
25650,28,421729,28,421729,0.0845424594020776,0.08415177175425116,0.008118297381369695,0.012330144903276507,0.012883746898059018,0.01152719086454588,1.117683141491609,-0.4943479194085658,0.012305144965236265,0.0007847806829402704,0.08754000648170113,0.08713888039313829,0.008370678505749251,0.002044294770478456,0.0911107106042729,21.21704864501953
25700,28,421729,28,421729,0.0721345136868097,0.07178330835524481,0.007109480037835224,0.011363383157229422,0.011563049527770772,0.011393479854550565,1.0148830449858108,-0.5100409186083112,0.01134220343175959,0.0006934681611914325,0.07406479958788678,0.07370695130380467,0.007271854474094099,0.0019445465384623287,0.08666508066072817,20.181791305541992
25750,28,421729,28,421729,0.06435709644101917,0.06403279632642289,0.006452662778844639,0.010717563622903537,0.01074571140082125,0.01125451773646024,0.9547909250708578,-0.5261726005066557,0.010698561605920798,0.0006379259951613469,0.06551746503114206,0.06518875661623694,0.006554710896442788,0.0018496651988061856,0.08243636480998738,19.19704246520996
25800,28,421729,28,421729,0.05929174558558772,0.058987442250657406,0.005999395912208006,0.010296203662274522,0.010281341645916198,0.011114695932181238,0.9250223045821556,-0.5391893902579338,0.010278521782130455,0.0006031582124990691,0.05997204395440233,0.05966399915517296,0.006070688666064723,0.0017594133758055647,0.07841398091411647,18.260347366333008
25850,28,421729,28,421729,0.05542337029868092,0.055135471848782716,0.005641783341887156,0.009986923075933464,0.010010188707912555,0.010976597087213744,0.9119573788103305,-0.5503883405790403,0.009970025440611876,0.0005807109764455325,0.056002586737746884,0.055711451187577324,0.005702975354413949,0.0016735652551148842,0.07458786783385925,17.369356155395508
25900,28,421729,28,421729,0.05244210400609387,0.052168484510814295,0.005350093123572306,0.009741264846792474,0.0098536535044877,0.010841699919354792,0.9088660982856375,-0.5604432578149923,0.009724932882685156,0.0005638450519635222,0.05287715203979953,0.05260065780988867,0.0054003708953249,0.001591905953274342,0.07094844490350838,16.521841049194336
25950,28,421729,28,421729,0.049997739798445726,0.049736009249712505,0.005109145610138317,0.009540499517743675,0.009777305907610424,0.010710876995955534,0.9128389683965533,-0.5695829586705605,0.009524537449090287,0.0005516497339290471,0.05040601696666785,0.050142077210305475,0.005151566701477388,0.0015142310923074167,0.067486604358574,15.715678215026855
26000,28,421729,28,421729,0.04782598607230362,0.04757473631130363,0.004895856278334621,0.009368256658987023,0.0097455775427731,0.010584661408689192,0.9207264329468992,-0.578007269827293,0.00935248786219952,0.0005433264360081931,0.04824482920004323,0.047991607048957836,0.0049365167273861315,0.0014403462342668287,0.06419367546447684,14.948848724365234
26050,28,421729,28,421729,0.045824796427447946,0.04558188743364302,0.004712059592549949,0.00918527297247751,0.009724236779864963,0.010463414620176225,0.9293559638852568,-0.5880888986390542,0.009169631371985893,0.0005358172084003601,0.046213014925662904,0.045968589430161445,0.004746739335669583,0.0013700664568672275,0.06106142142389228,14.219436645507812
26100,28,421729,28,421729,0.04432067821707042,0.04408670412732563,0.0045480805633530625,0.009017397517223599,0.009728378214647894,0.010347482311049287,0.9401686248122118,-0.5980192023415644,0.009001812451492223,0.0005299344976409091,0.04447569299995949,0.04423968047245207,0.0045757993314817945,0.0013032159262035127,0.05808200545975774,13.525614738464355
26150,28,421729,28,421729,0.04271795793130663,0.04249196676579694,0.004388244545976402,0.008863529919447829,0.009742595358672607,0.010236855232481796,0.9517176063757462,-0.6073644274314195,0.00884803478702556,0.0005238731149165701,0.04290598404475647,0.04267834561083377,0.004413873896150916,0.0012396272808681587,0.05524796786523529,12.865653038024902
26200,28,421729,28,421729,0.041250136333019244,0.04103168101724458,0.004239681638020098,0.008711558335010635,0.0097616634937234,0.010131497166000095,0.9634966415903656,-0.6170158346075039,0.008696116289515433,0.0005184689995724229,0.041411921414776655,0.041191634842943345,0.004265730210556332,0.0011791413723995288,0.05255221528558421,12.237892150878906
26250,28,421729,28,421729,0.03971332755762943,0.03950188646449028,0.004092597151698202,0.008570259703830274,0.009785104235641497,0.010031326642070433,0.9754546516912027,-0.626168818040326,0.008554820583088436,0.0005141946929553208,0.039993482786798935,0.039780794480011636,0.004119108636229293,0.0011216067745521022,0.049987996896234094,11.64076042175293
26300,28,421729,28,421729,0.03860741904667273,0.03840426147665456,0.003955440035967632,0.008434453606538574,0.009807389631552694,0.009936165681669218,0.9870396635641757,-0.6350692928455494,0.008418799371041447,0.0005136387748249898,0.03868620328745307,0.03848130446545719,0.003976371641953132,0.0010668794961084557,0.04754889787576541,11.07276725769043
26350,28,421729,28,421729,0.03732553080475784,0.03712974947138193,0.0038179777434316753,0.00833936736719442,0.009857747592160057,0.009845815612462673,1.0012118833184607,-0.641733719531085,0.008323396162005735,0.0005158724797228012,0.037525882848162134,0.0373291026802028,0.00383796516722927,0.0010148225470230964,0.04522880986820967,10.532487869262695
26400,28,421729,28,421729,0.03615523544715159,0.0359675850023602,0.003678842119058689,0.00818187604937905,0.009857516395894108,0.009760148411096247,1.0099760762538368,-0.6521513220463163,0.008166107139995032,0.0005077301109100272,0.03632563986019243,0.036136597016447884,0.003701144055998261,0.0009653056443883959,0.04302192642171452,10.018567085266113
26450,28,421729,28,421729,0.035039686673425094,0.034859459862334116,0.003549323918455577,0.008035197563938005,0.009865461822723857,0.009679161510474146,1.0192475672658328,-0.6621106992237038,0.00801961103741346,0.0005002386431608737,0.03514811026677118,0.03496552005640738,0.003577996996935428,0.0009182048488206956,0.04092272301558153,9.529720306396484
26500,28,421729,28,421729,0.03373991934716999,0.033562429280763285,0.003456226023757597,0.00790253888533865,0.009880941446985007,0.009602697817095024,1.0289755686568254,-0.671320233648979,0.007886972803284799,0.0004957628813609744,0.033926343034184486,0.03374980305329692,0.0034565221736346306,0.0008734022792727847,0.03892594906105158,9.064725875854492
26550,28,421729,28,421729,0.033086473864031754,0.03291798969865375,0.003334772399217366,0.007784070084083577,0.009904459144444116,0.009530626546597046,1.0392243464812445,-0.679794760454692,0.007768460541684448,0.0004927148122562204,0.03284339502374101,0.03267307565497228,0.003340467621449691,0.0008307857899752246,0.037026607207843544,8.622425079345703
26600,28,421729,28,421729,0.03177924318563696,0.03161562228381877,0.0032206715229522206,0.007668138767108867,0.009925388785923694,0.009462762650576797,1.0488891196397807,-0.6881104544986536,0.0076524379475576085,0.0004904544937282021,0.03179635986830463,0.031631951816235265,0.003229260777655468,0.0007902487084601744,0.03521994099332793,8.201706886291504
26650,28,421729,28,421729,0.030959028968860384,0.03079952273898854,0.0031386101614033542,0.007550222481054296,0.009940329491154669,0.00939890825122046,1.0576046946584359,-0.696490485127436,0.007534515880412797,0.00048675451844341086,0.030742661273046874,0.03058383200093634,0.003120968165136938,0.0007516895862357021,0.033501429289744644,7.801515579223633
26700,28,421729,28,421729,0.029754239185298778,0.029600813997265735,0.003017707771678019,0.007430677545397023,0.009949342389819489,0.009338899334142484,1.0653656318411378,-0.7048819205522656,0.007414889288508637,0.00048413388936057865,0.029715155578109,0.02956159115197838,0.003017084618385101,0.0007150118770746892,0.03186676587418335,7.420848369598389
26750,28,421729,28,421729,0.028941219925299917,0.02879432352497724,0.0029122402894540505,0.007325489172648014,0.009965443881764577,0.009282557816407647,1.0735665835713812,-0.7124665257073093,0.007309677784906499,0.0004810429288823571,0.0287534302973176,0.028605483377301774,0.002913086784428819,0.0006801238172429111,0.030311866549377425,7.058757781982422
26800,28,421729,28,421729,0.027702019766159883,0.02755892285015469,0.002812058047753368,0.007237729855989297,0.009986633189945042,0.009229661041635027,1.082015162300686,-0.7189437680943339,0.0072218326662386485,0.00047944385398835553,0.02781677839612542,0.02767409311402226,0.0028138462387941,0.0006469380798599963,0.028832837140388288,6.714334964752197
26850,28,421729,28,421729,0.02720527547970542,0.027066778155636125,0.0027416298437681085,0.007139845725234201,0.0099895601550907,0.00917992600812926,1.0881961517167427,-0.7256269840347324,0.007123988298503843,0.0004755919500216703,0.026922196958242318,0.026784382147947008,0.0027205811899535834,0.0006153716049888074,0.027425975196799558,6.386715888977051
26900,28,421729,28,421729,0.026241125740024816,0.026105823553929913,0.002661326112086138,0.0070403963661732575,0.009986243724011636,0.009133056142852106,1.0934175338259875,-0.7322554008732809,0.007024618427402244,0.0004710806111765175,0.025923409837576922,0.02579070176857567,0.002619709886870612,0.0005853453710875123,0.02608775833693801,6.075082778930664
26950,28,421729,28,421729,0.02572593652640444,0.025593408987318666,0.0026079161352363764,0.006936464105176397,0.009978175356522507,0.00908889685277211,1.09784229243169,-0.7390925047129446,0.00692080750325645,0.0004657872746971691,0.025101294388856898,0.024972765499990966,0.002536920037864759,0.0005567842230453199,0.02481483945389092,5.778656959533691
27000,28,421729,28,421729,0.024455919695269935,0.024329774163781848,0.002480745307536703,0.006835870690517487,0.009967750626707912,0.009047295023367423,1.1017382102565607,-0.7456127251020913,0.006820275056955443,0.0004614934939383739,0.02424436803154208,0.024120139303564322,0.002451175478318759,0.0005296166737768353,0.023604030557983224,5.496695518493652
27050,28,421729,28,421729,0.023455162835760695,0.02333781370167051,0.002343312885248156,0.006735925337749672,0.009957597494651417,0.009008125444956999,1.1054017348554976,-0.7521095524259266,0.006720366228410842,0.00045756738495337737,0.023486166609098934,0.02336647024524398,0.002368140677510778,0.0005037747239253648,0.022452300496802295,5.228489875793457
27100,28,421729,28,421729,0.023164864842744198,0.023047347771967472,0.002330391353526694,0.006644908528146409,0.009951475597857763,0.008971323540116425,1.1092538969705485,-0.7580918247173228,0.006629460892450287,0.00045283288628931686,0.022747430905431566,0.022631209998224714,0.002296507525273301,0.0004791937073959659,0.021356769180774435,4.973371505737305
27150,28,421729,28,421729,0.030483748914920353,0.030265697919113307,0.0036395710429785893,0.006552519597793606,0.009939998671355353,0.008936763669764878,1.1122593187715872,-0.7639966068237848,0.006537126973017623,0.00044886971173685084,0.02206931397855292,0.02195617693837837,0.002231796078178542,0.00045581207647934173,0.020314691014158566,4.73069953918457
27200,28,421729,28,421729,0.13043845261417156,0.1290361052547531,0.019075467518877738,0.0065914332647602405,0.010021851918160015,0.008904451019757323,1.1254879044113317,-0.7635654513224244,0.006575683875281801,0.0004553834166356645,0.02255217545562299,0.022422742029554958,0.00241272826013076,0.0004335728672032227,0.019323475464374306,4.499876499176025
27250,28,421729,28,421729,1.1058067124319497,1.0930344622329524,0.16758326178552893,0.013265401123963792,0.015347736332117633,0.008874935241396582,1.7293350221339163,-0.5078424874292262,0.01323075910219243,0.0009580608328347565,0.0776825006761595,0.07684063504767366,0.011405600237240793,0.00041242875666282273,0.018380728476114484,4.2803635597229
27300,28,421729,28,421729,1.6562575277034541,1.6529442140232036,0.10471114268105465,0.0756030667705992,0.07662225462491791,0.009992494183578997,7.6679809081934565,-0.16652321125920821,0.0750886390075191,0.008804544117565824,0.9406970669716186,0.9398266305967172,0.040458327081422794,0.0008425991749703951,0.024004147484265274,4.991143703460693
27350,28,421729,28,421729,19.119135599199367,19.08787498909441,1.0928744032490083,0.15685724001726814,0.1567293740608665,0.010115581030821162,15.49385780048895,-0.019625200721359728,0.15640504367290176,0.01190193511629804,2.768183997965696,2.764559849600195,0.1416032646936213,0.0009461126829611023,0.027662377084396984,5.096917152404785
27400,28,421729,28,421729,1.2458984828793929,1.244973871087882,0.0479905193723397,0.08733988136152022,0.08873821611448797,0.01016143414647959,8.732843694630562,-0.1937828240366017,0.08721270564441992,0.004711565602238088,0.8134394418904307,0.8123263118362195,0.04254043631158966,0.0009036239751571564,0.02639841842230198,4.860208988189697
27450,28,421729,28,421729,3.7776257584081296,3.77057515700474,0.23069320745803673,0.08234006410718808,0.08454379450030398,0.010444905345942819,8.094261431784432,-0.2700085137702559,0.08226087391055655,0.0036103712617071545,0.520065705254845,0.5191008151590343,0.03166514619333791,0.0008610394615617906,0.025160303066374345,4.625731945037842
27500,28,421729,28,421729,0.18578629808364855,0.18538636565167937,0.012183759111545085,0.043084671060764565,0.045925192229111185,0.010708957592167223,4.288483900870233,-0.3736356256849189,0.04305604245868379,0.0015703783653317422,0.20743097281054929,0.20698280269503544,0.01362820126204718,0.0008203619002659301,0.02397847674840997,4.402297019958496
27550,28,421729,28,421729,0.09681721297630663,0.09655362385751547,0.007139359108556714,0.023495473143152094,0.025829638792624152,0.010780326613082867,2.3959977948420996,-0.415418944035885,0.0234787989685705,0.0008850181998321,0.10192038041129878,0.10163905483771546,0.007567461587595031,0.0007803386931323974,0.02280861276857474,4.18750524520874
27600,28,421729,28,421729,0.06216158249032226,0.06196587448098652,0.0049287663271617025,0.016609900800825046,0.018258378158139524,0.010741770976899935,1.699754928438148,-0.440696418742331,0.01659906042030417,0.0005999981469472085,0.06566619630255939,0.065460323961358,0.0051957024279999636,0.0007422635692317116,0.021695694426690396,3.983179807662964
27650,28,421729,28,421729,0.04897082163076406,0.04880849504593938,0.003983990780940728,0.013806256298681962,0.014996916882094268,0.010659925971835129,1.4068500026846356,-0.46266499041224485,0.01379771172206303,0.00048565854233176297,0.050385298438075383,0.050217338251890856,0.004110624963323795,0.000706046003820853,0.02063708092659424,3.7888259887695312
27700,28,421729,28,421729,0.041674942068817035,0.04153044709592649,0.00346738524708568,0.012446653559073909,0.013424238604121766,0.010561801269524477,1.271017912716906,-0.48257387257084067,0.012439216536202061,0.0004302055149395406,0.0425609373590703,0.04241381386295134,0.0035357859779154223,0.0006715955220080826,0.019630120127992767,3.603955030441284
27750,28,421729,28,421729,0.03751295888927973,0.03738134569232946,0.0031395985188161814,0.01171105602639072,0.012631921559563842,0.01045850197065328,1.207813661555853,-0.4988112114972164,0.011704027426024893,0.00040567876961888823,0.038028276178052475,0.037894767096389684,0.003183773827490846,0.0006388259697330749,0.018672292941305513,3.428104877471924
27800,28,421729,28,421729,0.034117804837121624,0.0339943825929202,0.002899406668627796,0.0112535903930942,0.012218317547045877,0.010355253833119193,1.1799148281588279,-0.5132445034845049,0.01124678313618758,0.0003913640544412865,0.03461108535055764,0.03448630742967982,0.002936295116161851,0.0006076553415117164,0.017761201854673687,3.2608354091644287
27850,28,421729,28,421729,0.03183240901659087,0.03171520390595921,0.0027291216541160596,0.010908796275299308,0.011980742325182016,0.010254966505573126,1.1682868314266075,-0.5278302936123309,0.010902210835787445,0.0003789921740918204,0.03209822416704789,0.031979775634946764,0.0027549854839041413,0.0005780056303491219,0.016894565732341507,3.1017262935638428
27900,28,421729,28,421729,0.029802881268180974,0.029690639417230758,0.002584117427919134,0.010676393400843405,0.011908739057618415,0.010159373092630857,1.1721923143325121,-0.5415762346917663,0.010669991310010325,0.0003696775539260841,0.03018357082399852,0.03007017509925957,0.0026139084121683323,0.0005498026253904122,0.0160702161993041,2.9503815174102783
27950,28,421729,28,421729,0.028364866411708257,0.028256815254972378,0.002473466838349682,0.010503813042945667,0.011905818429457853,0.01006957053588098,1.1823561280030521,-0.5539184923691671,0.01049750479285714,0.0003639801712962813,0.028638280573923505,0.028529521290484864,0.002493497376484523,0.0005229757432703961,0.015286089480380924,2.8064208030700684
28000,28,421729,28,421729,0.027114557761072945,0.027011383544978982,0.0023631338439876345,0.010357520784936167,0.01193301805960364,0.009985701948993952,1.1950104379798636,-0.5657662914182047,0.010351275652633662,0.00035962365547644525,0.027294426496692958,0.027190244022216755,0.002382508718909705,0.0004974578444046738,0.014540223821769286,2.6694846153259277
28050,28,421729,28,421729,0.026193915390636653,0.026095513380652358,0.0022683440858972956,0.010220011528160329,0.011959763325915964,0.009907734705319374,1.2071138036724858,-0.5770347992720737,0.010213699016922482,0.0003591490323622468,0.02603919522211782,0.025939509351267206,0.0022763001627827107,0.00047318505071537503,0.013830751390323115,2.5392301082611084
28100,28,421729,28,421729,0.02477697030669246,0.024682094338599175,0.0021662125101684472,0.010087317625429214,0.011995942946981997,0.009835426372866508,1.219666793508395,-0.5885664736123151,0.010080946730383759,0.0003584548722780229,0.024760327907245385,0.024664545390637966,0.0021757846280076143,0.0004500966125179476,0.013155896720893945,2.4153311252593994
28150,28,421729,28,421729,0.023478583799139405,0.023387527849919976,0.0020657778879706865,0.009945960486925042,0.012022437467384581,0.009768932199430685,1.2306808177136521,-0.6004821654836271,0.009939498781291498,0.0003584605754878145,0.023650724017570273,0.023559086037016508,0.0020799547244421284,0.00042813474818591604,0.012513971078675329,2.2974770069122314
28200,28,421729,28,421729,0.022541535324776516,0.02245475101883246,0.0019761000684150763,0.00979121519584983,0.01202708211864154,0.009707801371070097,1.238908961866799,-0.6124891847270344,0.009784684376533844,0.0003575565172880134,0.022625972721480484,0.022538360754593634,0.0019892048886357683,0.0004072444801675554,0.011903367392153792,2.1853742599487305
28250,28,421729,28,421729,0.021854407645504774,0.021771677710204346,0.0018997850454429799,0.009624090291508972,0.01201004893908231,0.009651713103150241,1.244343756463537,-0.6244685619586712,0.00961746893616798,0.0003569386515371174,0.021608446420636994,0.02152444329284077,0.001903496164120573,0.00038737352864447443,0.011322557940260972,2.078742027282715
28300,28,421729,28,421729,0.02042126163721028,0.02034192196256865,0.0017983708527897068,0.00945156856839199,0.011981696273339592,0.00960013364634686,1.248075986723267,-0.6363413875566258,0.009444829300055784,0.0003568583694173387,0.02066635721930362,0.020586124001965262,0.0018192908760208285,0.00036847214993139597,0.010770088026203068,1.9773125648498535
28350,28,421729,28,421729,0.019716213599221242,0.01964063557648495,0.0017246776051860707,0.009275001701759952,0.011934950254891519,0.009552701675527783,1.2493795640521892,-0.6476193758767996,0.00926817195783981,0.0003558723472845082,0.019787335686204176,0.01971083917536369,0.001738238350019202,0.0003504930368935357,0.010244575203684667,1.8808321952819824
28400,28,421729,28,421729,0.019232355518989493,0.019160950556397778,0.001655739286266212,0.009083324930663272,0.011863065615995665,0.00950882371261493,1.2475849773360996,-0.6588575158536085,0.009076319457233225,0.0003566747906125793,0.01895817127228609,0.018885211797517672,0.0016616357459542086,0.00033339118784058114,0.009744703578651004,1.7890591621398926
28450,28,421729,28,421729,0.02840819945645701,0.028349721079748286,0.0018218427644338916,0.008896778399192786,0.011786746439327795,0.009467982175789735,1.2449058543294786,-0.6694526149158546,0.00888958415283549,0.0003577142351088131,0.01830104644429174,0.01823172969012587,0.0015913307205939638,0.0003171238008265217,0.00926922283359437,1.7017638683319092
28500,28,421729,28,421729,0.020375747437783708,0.020315978630239227,0.001559517856266029,0.008712813896016481,0.011705829655647457,0.009429871012433182,1.2413562858085172,-0.6796055538957771,0.008705454430299514,0.0003580351220152275,0.017364584605457964,0.017298182923500334,0.001517124274813731,0.00030165015916814035,0.008816942531761131,1.6187283992767334
28550,28,421729,28,421729,0.018024540619818383,0.017966179414546406,0.0014492970019330054,0.008530254215597222,0.011621563507323004,0.009394244297937025,1.2370940268048063,-0.6894720169038281,0.008522684395037197,0.00035928774722175156,0.016681995537501597,0.016618584493117906,0.0014531429930754543,0.0002869315394619422,0.008386731079483987,1.5397446155548096
28600,28,421729,28,421729,9.797609014469376,9.78855907164156,0.42101508452230424,0.6013723882441884,0.6031089095726662,0.009584050178150276,62.9283964881188,-0.1888733642506098,0.598817152665257,0.05537839846359877,16.92126503993134,16.890655295675067,1.0173368342325693,0.0006481219269953859,0.02513620719851516,4.92270565032959
28650,28,421729,28,421729,10.142353118545675,10.111276825507817,0.7933522163715987,0.10781449846369025,0.10764618232381618,0.010386248421444337,10.364298826278857,-0.03202418819922822,0.10725956243364614,0.010924849908343285,1.7090080273710468,1.7064407038645117,0.09364059917080343,0.0006350557219226062,0.02401845711569481,4.695355415344238
28700,28,421729,28,421729,99.54611947807273,99.28737409962946,7.172673667675229,0.3521402286306279,0.3517424546626652,0.010507007919167944,33.47693818912815,0.022943718988746042,0.35138940240975985,0.022983222013955338,5.04431395601429,5.03600492311584,0.2894092278997938,0.0007226487657565521,0.02538836820392998,4.621534824371338
28750,28,421729,28,421729,1.6164918580647205,1.6148135785498332,0.0736412501293528,0.06099973310253811,0.06247699143978073,0.010354896778175535,6.033569699261528,-0.22384584019615128,0.06075165765038893,0.005495773950120541,0.9018813345507511,0.9003834291788622,0.05195788747781083,0.0007135946235597953,0.024671568228401327,4.4120869636535645
28800,28,421729,28,421729,0.4465295488498644,0.44582597897241094,0.02505662525869753,0.06961695278167554,0.07195978513232601,0.010549238018873993,6.821325388959881,-0.291769719285476,0.06953725626901909,0.003330180953462695,0.4427772088045785,0.44175240456646386,0.030107635186452698,0.0006788774633461935,0.0234685740800759,4.196861743927002
28850,28,421729,28,421729,0.1684054203850632,0.167914150151939,0.012853940789576914,0.03955252399097835,0.04223479615245111,0.010745587311485146,3.9304316207369636,-0.3689022598776709,0.03951775071362183,0.0016581714606634982,0.18985586123520742,0.1893024698143449,0.014485267258541748,0.0006457617744221079,0.02232349756627114,3.9920806884765625
28900,28,421729,28,421729,0.08580449582942125,0.08548262245143927,0.007425143996304574,0.02340953331839395,0.025794157349381928,0.010802170456805434,2.3878680171290436,-0.4199417993971565,0.02338647656777471,0.001038731885483888,0.09465957137431241,0.09431050676918791,0.008121746469049007,0.0006142541727825008,0.021234253968701586,3.7972912788391113
28950,28,421729,28,421729,0.05716071446129913,0.05692890456989571,0.005142674615205472,0.016811762688710406,0.018752896304191188,0.010772182472956993,1.7408632235175523,-0.4580862770642529,0.01679555021544994,0.0007381447431329264,0.06061378515916394,0.0603673202851586,0.00546054877373713,0.0005842828791809709,0.020198156010630474,3.6120073795318604
29000,28,421729,28,421729,0.044116116220879534,0.0439204913145107,0.0041499582053486465,0.014212676538280056,0.015822179265396964,0.010704770694828199,1.4780493404722008,-0.4809901503080683,0.014199861563575517,0.0006034119298348326,0.045883033636405446,0.045681993361178286,0.004290484614676628,0.0005557737493535183,0.019212611984554855,3.4357638359069824
29050,28,421729,28,421729,0.03763659409016709,0.0374682012444433,0.003556277578296984,0.013046463731637386,0.014505865830035804,0.010622723327618369,1.3655505638861483,-0.4966266184466722,0.013035261890654662,0.0005405213621827713,0.038315188494631766,0.03814016631962454,0.0036580572016496294,0.0005286555958717361,0.01827515652338136,3.268120288848877
29100,28,421729,28,421729,0.03325945533180319,0.03310306859733008,0.003221524236859208,0.01249000750895871,0.013928570067720495,0.010536414648847796,1.3219458925948446,-0.5077121281608685,0.012479424075661823,0.0005140645033815688,0.033783115913275534,0.03362408386102948,0.0032741266493932324,0.0005028605996389424,0.017383442793332583,3.108656167984009
29150,28,421729,28,421729,0.030318225633412722,0.0301740294193618,0.002953430913025103,0.012206131956830601,0.01370687298205114,0.010450863609240623,1.3115540968242627,-0.5169656027894329,0.01219606533833557,0.0004956285006039592,0.030754860652334275,0.03060873803250195,0.0029944297958321934,0.00047832421438157155,0.016535238949530115,2.9569737911224365
29200,28,421729,28,421729,0.028403589136832753,0.028271973140464347,0.0027311921570746657,0.012061394284690063,0.013684737525574411,0.01036909310231814,1.319762238658559,-0.5261263962310475,0.012051686122361367,0.0004838323044574367,0.028464597177288466,0.028329125327175596,0.0027737971559717352,0.0004549850375617303,0.015728421611310182,2.8126912117004395
29250,28,421729,28,421729,0.026632085321782527,0.026508133136967447,0.002566485180068801,0.012001395811497907,0.013777054871669683,0.010292915896862036,1.3384987315275592,-0.5349483991578992,0.011991767191888386,0.00048064648109483004,0.026623903244376915,0.02649671061049239,0.0025993366057061092,0.0004327846629399541,0.014960972538894595,2.6754493713378906
29300,28,421729,28,421729,0.024778374608525406,0.024661052301609795,0.002408391084870303,0.01199672193677348,0.01393299344100824,0.010223142092332318,1.3628875853597329,-0.54310839713236,0.011987260794037368,0.0004763568872144004,0.02500517398987529,0.0248860087032596,0.0024382979894227584,0.00041166752519659043,0.014230970846904382,2.5449044704437256
29350,28,421729,28,421729,0.02351032491366331,0.023400124999306462,0.002273659508996538,0.011989073592557268,0.014092882705701927,0.010160238813448573,1.3870621512407681,-0.5520817204953906,0.011979769434154072,0.00047223925319889214,0.023655714450489904,0.023543727985775444,0.0022990647435274314,0.0003915807608028121,0.013536588589237111,2.420729398727417
29400,28,421729,28,421729,0.022179372399292047,0.02207562976470611,0.0021426923526487833,0.011937031469531347,0.014212628861135076,0.010104177223461915,1.4066092217912936,-0.5626487054922081,0.011927860546449438,0.00046782805499091205,0.02233114072342418,0.022226257027725745,0.0021617919758491633,0.0003724740995693974,0.012876087591036329,2.3026132583618164
29450,28,421729,28,421729,0.02097430264513497,0.02087702961014092,0.0020176734391410068,0.011836903561282284,0.014283036531317078,0.010054737928008551,1.4205279773160617,-0.5744310508266883,0.011827504512960003,0.0004716173395963917,0.02114449459562668,0.021046167443115493,0.0020367836558729652,0.0003542997231964329,0.012247815349052603,2.190260410308838
29500,28,421729,28,421729,0.019917290539590824,0.01982732931781976,0.0018908925303144713,0.011768204268245121,0.014366354562269696,0.010011529057416384,1.4349810583256835,-0.5844858125400739,0.011758802795298428,0.000470306836463789,0.020080576610926135,0.019988613921384592,0.0019196016589656572,0.00033701212802935267,0.011650197439663312,2.083387851715088
29550,28,421729,28,421729,0.01890795354017703,0.018822733740856846,0.0017931540921801135,0.011611615344376026,0.014364619436476912,0.009973956728905895,1.4402127287003637,-0.5967404058694116,0.011602205034551779,0.0004673855388971297,0.01907743533031322,0.018991145155033747,0.001812441580498902,0.0003205680665101158,0.01108174082392715,1.9817317724227905
29600,28,421729,28,421729,0.0179334905945684,0.01785240080009911,0.0017034877686951388,0.011401015606384778,0.014301195224799522,0.009941246702660715,1.4385716050052246,-0.6097183967164171,0.01139179563390374,0.0004584202137787295,0.01811351354954289,0.01803208893029779,0.0017155587775724505,0.0003049263642184373,0.010541020790626273,1.8850352764129639
29650,28,421729,28,421729,0.017184625692700337,0.01710931590054491,0.0016070686399708484,0.01117871517248055,0.014221413601803871,0.009912784341946576,1.4346537875967962,-0.6226271043786153,0.011169551750393622,0.00045253353768048474,0.017187716771514944,0.01711118019287459,0.001620222276353547,0.0002900478779079182,0.010026684875768266,1.7930574417114258
29700,28,421729,28,421729,0.016353565161666448,0.01627841942043828,0.001565935716805873,0.010952357137607558,0.014130348541828108,0.009888255462197754,1.4290031842166333,-0.6351435289381492,0.010943223058207694,0.0004472090875806151,0.016355860777058258,0.016283175675201163,0.0015402505280148295,0.0002758953739347894,0.009537445578172103,1.705567479133606
29750,28,421729,28,421729,0.015485034762651112,0.01541608758006911,0.0014596387649526046,0.01070165561078041,0.01401527112980475,0.009867085024190758,1.4204064417651252,-0.6481376997261367,0.01069263181615607,0.00043938326763172657,0.015608266654170127,0.015539846115679662,0.0014598529544700165,0.00026243341308133803,0.009072077502690418,1.6223461627960205
29800,28,421729,28,421729,0.01482074088244784,0.014758385672135478,0.001358091549626547,0.010453246256079681,0.013896163419088205,0.009849025307769727,1.410917627364178,-0.6606439325387539,0.010444145342391445,0.000436102461867585,0.014923539214410747,0.014858540366197144,0.0013913306113736686,0.0002496283093139575,0.008629416375388112,1.543185830116272
29850,28,421729,28,421729,0.014247044745514892,0.014184269933610792,0.0013359530048502367,0.0101827000317939,0.013762363786401742,0.009833722413878202,1.399507043942902,-0.6739461929940685,0.010173722590730893,0.0004274910342303781,0.014298202144995333,0.014235612402413953,0.0013363847153372954,0.00023744801765092612,0.008208354729225676,1.4678877592086792
29900,28,421729,28,421729,0.013658443123865773,0.01359844741742215,0.0012787870829348556,0.009954337274574057,0.013661096574291619,0.009821074643211103,1.3909981413016712,-0.6856779882698315,0.009945486496625338,0.0004196771633261726,0.01368829906605749,0.01362806799554202,0.001282690153822674,0.00022586204412197668,0.007807838188909704,1.3962643146514893
29950,28,421729,28,421729,0.013101352833539581,0.01304610915032515,0.0012018660934971176,0.009719247941105907,0.01354956335105881,0.009810904965881702,1.3810717154206087,-0.6972688332213205,0.009710520998356445,0.0004117796512334647,0.013105857005445127,0.01304768523582535,0.0012334495668653224,0.0002148413962008058,0.007426864475395464,1.3281350135803223
30000,28,421729,28,421729,0.01250339469621012,0.012449228492414215,0.0011625785448207294,0.009508048647724785,0.013459630124449276,0.009803018833016191,1.3730086980061447,-0.7080898157697861,0.009499389427891984,0.0004056964194506995,0.012564375972924162,0.012507848369133432,0.0011904926559035058,0.00020435848898013253,0.007064480153325574,1.2633305788040161
30050,28,421729,28,421729,0.012043353031841692,0.011993646926237113,0.0010930625134609408,0.009266430586130733,0.013338172800404413,0.009797159138837962,1.361432698130741,-0.7194287973320398,0.00925775163548604,0.00040096192242492174,0.0120648296274145,0.012010232816706518,0.001146482283790079,0.00019438707689238175,0.006719777534162791,1.2016878128051758
30100,28,421729,28,421729,0.011662110273062404,0.011604608910780367,0.0011566624610942669,0.009045265411730499,0.013236757689137643,0.009793115321238523,1.3516391112469415,-0.7301602936252896,0.00903642644224394,0.00039977934234104804,0.011613805865563358,0.011559883785817918,0.0011178432543866828,0.0001849022095763707,0.006391894373975088,1.1430530548095703
30150,28,421729,28,421729,0.01130508057878862,0.011250870937973311,0.0011057802810554857,0.00883343093274744,0.013144191985464435,0.009790836908610474,1.3424993295419803,-0.7405270738128183,0.008824490916509893,0.00039731864800648454,0.011212153941790608,0.011159195076019066,0.0010884673949009675,0.00017588014076877785,0.006080009589514042,1.0872788429260254
30200,28,421729,28,421729,0.010792216942862556,0.01074144865057939,0.0010455751664877055,0.008631964133736972,0.013058699821548217,0.009790255993694472,1.3338466154469122,-0.7503751616683306,0.008622833666974581,0.00039691857831448285,0.010826133128185433,0.010774645332203844,0.0010545977784975778,0.00016729829317785707,0.005783342961553291,1.0342262983322144
30250,28,421729,28,421729,0.010704144524317918,0.010647702514709973,0.001097789212792781,0.008436337286457235,0.012971467426469175,0.009791187660275574,1.324810418974657,-0.7596272109142371,0.008427003678992845,0.0003967314017186574,0.01050768887086859,0.010456314967911969,0.0010377874053946537,0.00015913518690487173,0.005501151833856816,0.9837625026702881
30300,28,421729,28,421729,0.010190446047633275,0.01014360753281403,0.0009759184750598186,0.00825829526271211,0.01289764488977182,0.009793450816535829,1.3169663207982512,-0.7681803361618346,0.008248998048615844,0.0003917548213682079,0.010186255165142195,0.010135938335450538,0.0010112113277303614,0.00015137038605437196,0.005232729666880281,0.9357607960700989
30350,28,421729,28,421729,0.009862587529693892,0.009815527124881833,0.0009623201346653848,0.008079859668362534,0.01281531297569318,0.009796852889008393,1.3081050742398466,-0.7762917200075521,0.008070474198865822,0.0003893307923508567,0.009837665023236502,0.009788147509587102,0.0009858100425409937,0.00014398446143829756,0.0049774052409169815,0.8901016712188721
30400,28,421729,28,421729,0.00952211514155854,0.009473353449141877,0.0009624194494762322,0.007905647656573877,0.012735733946412716,0.00980113075117371,1.2994147583315916,-0.78414762911217,0.007896039885855612,0.00038963956532845137,0.009557082321192118,0.009507722577589507,0.0009700690086987035,0.00013695892442052007,0.004734539043716709,0.8466702699661255
30450,28,421729,28,421729,0.009282494457958616,0.00923480487085422,0.0009397246188536303,0.007727598772190675,0.012646217632641128,0.009806113536365988,1.28962586306416,-0.791752725241596,0.0077179230082295375,0.0003865840439075884,0.009254571753607142,0.009205782775765508,0.0009490320479742801,0.00013027618955186276,0.004503523225217527,0.8053581118583679
30500,28,421729,28,421729,0.008859485390975756,0.008814268682968755,0.0008939513282886827,0.0075523783084633115,0.012554979842143309,0.009811544863060033,1.2796129475402154,-0.7990320012046779,0.007542615682655781,0.0003838838078145822,0.008990253145686704,0.008941636583410226,0.0009336952574312315,0.00012391952931669017,0.004283779420980246,0.7660616040229797
30550,28,421729,28,421729,0.00877551382315107,0.008727705002014276,0.0009147722438566283,0.0073868969293080025,0.012475638919928742,0.00981738800001606,1.270769671108887,-0.8060881323666532,0.007377098737262762,0.0003803425625619182,0.008751956771585651,0.008702259037308084,0.0009313618949118009,0.00011787303343284951,0.004074757642749196,0.7286825776100159
30600,28,421729,28,421729,0.008455702602543958,0.008407723349861935,0.0008994968453836158,0.007217468346468399,0.012382334423321694,0.009823440131067564,1.2604886127581094,-0.8127877863271883,0.007207541195502674,0.0003784167641703554,0.008515529324204307,0.008465670834864757,0.0009201396563042325,0.00011212157022037128,0.0038759349606433593,0.6931273937225342
30650,28,421729,28,421729,0.008336621235195553,0.008283541241491423,0.0009392540229480881,0.007058008212337176,0.01229727468355446,0.009829504476713588,1.2510574376040113,-0.8191305636778144,0.0070479984013567185,0.00037576383526379757,0.008262616647882682,0.00821240933768539,0.000909487075315448,0.00010665074254256726,0.0036868136456732403,0.6593072414398193
30700,28,421729,28,421729,0.008028088986834471,0.00797597424975822,0.0009132620367269766,0.0069000877010377505,0.012214077246386833,0.009835602878286774,1.2418229362788544,-0.8253846355429675,0.006889881118854799,0.00037516456397237226,0.008016336603453777,0.007965938617488401,0.0008974823019312418,0.00010144685630830522,0.0035069201959803988,0.6271371841430664
30750,28,421729,28,421729,0.007996031801811413,0.007947154810658316,0.0008827542075854878,0.006757059959812401,0.01214251014655747,0.009841881559687066,1.2337590198498136,-0.831116196580217,0.006746722573228343,0.0003736225640818233,0.007804565737464787,0.007753281228288545,0.0008932393550878347,9.649688595286778e-05,0.0033358043605122762,0.5965368747711182
30800,28,421729,28,421729,0.00780284228838985,0.007744553526343198,0.0009519655745299248,0.006616708400504015,0.012068073318866453,0.009848116958579374,1.2254193740411583,-0.8365446199673613,0.006606236644497451,0.0003721121527167082,0.007594566324919532,0.007542861545873345,0.0008846905466811113,9.178844417784245e-05,0.0031730380044344623,0.567429780960083
30850,28,421729,28,421729,0.007812728487414329,0.0077545462429811085,0.0009517032013831628,0.006492276913738725,0.012014021241449839,0.009854396356027832,1.2191534425242585,-0.841686855641994,0.006481595236664493,0.00037226699116760985,0.007423283882884282,0.0073698981659952876,0.0008886757725677293,8.73097442371688e-05,0.003018213559582309,0.5397427082061768
30900,28,421729,28,421729,0.007278935573419607,0.007225148682995778,0.0008832494498145989,0.006374840068690472,0.011952636766197258,0.009860766069076758,1.2121407893125646,-0.8461649421334021,0.0063640798097645375,0.00037023516355002764,0.007203092922290423,0.007150576695152582,0.0008682168933458697,8.304957644756211e-05,0.002870943570767062,0.5134067535400391
30950,28,421729,28,421729,0.007224215472371432,0.00716331928964714,0.0009360266800791411,0.006259091024236333,0.011892011827463668,0.00986712588966246,1.2052153748157435,-0.8505366284734767,0.006248154444246514,0.00036984657699966914,0.007049122398615841,0.006995192357061272,0.0008702933289294616,7.899727706976115e-05,0.002730859333309829,0.48835569620132446
31000,28,421729,28,421729,0.007040896816240324,0.006983316194140748,0.0008986227849296447,0.00614723444041828,0.011827256609838731,0.009873218906729337,1.1979129321013606,-0.8545459965121428,0.006136107223778279,0.00036970177678862773,0.006870743148356062,0.006817652102302879,0.0008524853210741552,7.514270461983616e-05,0.002597610341007899,0.46452683210372925
31050,28,421729,28,421729,0.0065468583686116985,0.006499532821550901,0.0007857656140628785,0.006032258881802836,0.01175466861754128,0.009878842042029526,1.1898832441627318,-0.8584709347322206,0.006020930367703725,0.0003695195858845555,0.006653621684862303,0.006601423833416744,0.0008317961870958837,7.147621258785157e-05,0.0024708631974065753,0.4418608546257019
31100,28,421729,28,421729,0.006749808578369296,0.006687670636945009,0.0009137709211674954,0.005929838216020257,0.01169468783494717,0.009884047942100375,1.1831880929203618,-0.862080073793155,0.005918240125025358,0.000370695415016328,0.0065149664161967685,0.006461241974374532,0.0008349488324157773,6.798862171096658e-05,0.0023503004881497303,0.42030084133148193
31150,28,421729,28,421729,0.007519774685243686,0.007471383810526322,0.0008517248808370916,0.005818732284731792,0.011625759570371572,0.009888808135276475,1.17564820869553,-0.8658693064027065,0.005807031219225065,0.0003688276295581941,0.006324559519565496,0.006272897697917092,0.0008067264641704612,6.467120325508699e-05,0.002235620512847398,0.3997928500175476
31200,28,421729,28,421729,0.006247092468062346,0.006199136674868733,0.0007725728385199046,0.00571358042613115,0.011566059924502336,0.009893169756958689,1.1690954677460137,-0.8695807678722443,0.005701737663967541,0.00036768042803904025,0.006196888966973523,0.006142293244504911,0.000820771933918009,6.151565502569166e-05,0.0021265362313542834,0.38028550148010254
31250,28,421729,28,421729,0.007455825733599966,0.007400787369844987,0.0009042586334420086,0.0055981983270102145,0.011488275715304194,0.009896937235954271,1.1607910044704335,-0.873316690166111,0.005586221390157726,0.00036599875503102314,0.0060205511797834866,0.005967103301992408,0.0008004465577061485,5.8514078443970194e-05,0.0020227745703452617,0.3617299795150757
31300,28,421729,28,421729,0.011144887603412165,0.010979579305608746,0.001912422015282806,0.0055174528019238086,0.011456944587682661,0.009900357556758037,1.1572253347417831,-0.8764883459003453,0.005505237256520436,0.000366944370274619,0.00596767919943813,0.0059083943727525744,0.0008390893655816598,5.5658961568858725e-05,0.0019240758137253362,0.34407973289489746
31350,28,421729,28,421729,0.020732307271994058,0.020400892893058308,0.0036921719876436927,0.005473629508716195,0.011458117963338043,0.009903867069167207,1.1569337394490624,-0.8786349906733865,0.005461110048085134,0.00036999600185985037,0.005993213998460931,0.005927629694971432,0.0008842059888063125,5.2943196229294665e-05,0.0018301937067843129,0.32729077339172363
31400,28,421729,28,421729,2.2132858232516486,2.212679518731532,0.05180234350608979,0.04480156984415022,0.04710279653008744,0.01182607746874599,3.9829602549595093,-0.31537057993502826,0.044656133589639005,0.0036069922823020813,1.0197459742615604,1.0171815462345197,0.072274158747166,0.0008080324551034873,0.027179185276575434,4.616295337677002
31450,28,421729,28,421729,0.33176070008871283,0.33169317446654706,0.006693290346134831,0.03585697623284304,0.03482295262517544,0.011658282459079995,2.98697108664182,-0.07738248452133598,0.03583835076119462,0.00115557746614055,0.29908792931324035,0.29902251052787676,0.006255210507063649,0.0007687080975430862,0.02585325821455149,4.391048908233643
31500,28,421729,28,421729,5.227214643275511,5.213196265198158,0.38256715410226716,0.08526425605982081,0.08604656051831089,0.011501983302442086,7.481019425583899,-0.13454137286998613,0.08509116381882026,0.0054302119105412855,0.6086764337236549,0.6079900502774928,0.02889809222282067,0.0007313971264910395,0.024593710077146082,4.176794528961182
31550,28,421729,28,421729,7.318781446452726,7.304299245370129,0.4601895207694472,0.08274520915386316,0.08353881400425371,0.011431956284645573,7.307481932594154,-0.13751314780694654,0.08258683082823069,0.005117129240674455,0.850873038302976,0.850016450202919,0.038170167609872775,0.000702023392981797,0.023464734781138936,3.9729936122894287
31600,28,421729,28,421729,25.08376386990444,25.043390762426398,1.4225993819552667,0.13348747638030328,0.13340794225887184,0.011342840060236243,11.761423201809063,-0.035497936994834375,0.13314811191181192,0.00951244683042341,1.5274842002182372,1.5254948097674015,0.07793309495373464,0.0007132566890251297,0.02293282863331038,3.779142379760742
31650,28,421729,28,421729,11.756972171123603,11.739136245547348,0.6473599007131902,0.09330493745044563,0.09381449123543792,0.011244428952681284,8.343197474076035,-0.10512210534329716,0.09312656212983324,0.00576669563180533,1.667166473293156,1.6660276454407303,0.06161115402226673,0.0007905107970638614,0.02399660438570137,3.594747304916382
31700,28,421729,28,421729,9.186304475893703,9.17886776748718,0.36956248566326133,0.07776468387675714,0.07899141292261226,0.011263338806967326,7.013143640298684,-0.17936244259445475,0.07761199810987582,0.004870709172656805,1.4483124373813274,1.4477817655226144,0.03920300618145959,0.0008323158366512318,0.024953694538056837,3.4193480014801025
31750,28,421729,28,421729,6.8375267342766906,6.827474056551128,0.3706343873276852,0.06181948289178539,0.06220201386311143,0.011149512623117383,5.578899810754227,-0.12382711795009196,0.06167979515505553,0.0041534725999016935,1.2903787965087057,1.2897045357776293,0.041709098214484305,0.0010581986642522686,0.033070233772840484,5.6198649406433105
31800,28,421729,28,421729,2.3545639714141555,2.3509869531522836,0.12973758741916125,0.05433076314272658,0.056639735008241265,0.011226868239733756,5.0450164550594625,-0.30058046755622175,0.05424088130284105,0.0031238788648352608,0.551892615447293,0.5511306857834204,0.028990104745419267,0.001007681839720556,0.03148742149829503,5.353127479553223
31850,28,421729,28,421729,4.122216396706569,4.1187375894351606,0.16931831162143332,0.04653815462969942,0.04774213690977539,0.01105480261414743,4.318678367778109,-0.22331322322958191,0.046453652675646204,0.0028032105572435703,0.8480935202405808,0.8475515541686837,0.03031471755285363,0.0013412989609495871,0.04651748874791874,7.397271156311035
31900,28,421729,28,421729,0.6659549217155576,0.6652798906718175,0.02997707165266341,0.04262304902734759,0.044725261965840354,0.011102580522520918,4.028366367180841,-0.3090144649120358,0.04256190148021806,0.00228229068610645,0.3738233746698347,0.3731109195491058,0.023068531872754493,0.0012762347886594516,0.04425872819830162,7.036835193634033
31950,28,421729,28,421729,8.38660619520543,8.38216730870135,0.27282720244952846,0.05144454605359363,0.051763048448308244,0.011028955648221142,4.693377151866333,-0.13532299432864353,0.05137063343655017,0.0027566898606679224,1.1550325244138149,1.1543714191717094,0.039073764257403845,0.0016238954989551751,0.07382046825142333,27.830415725708008
32000,28,421729,28,421729,0.5757552749216246,0.5752133149603884,0.02497556590662857,0.02887027741704175,0.030902224891071965,0.011013851205449579,2.805760157335497,-0.35662952168536616,0.02881694018517376,0.0017541027624026794,0.2781397295724472,0.2775429833728855,0.018209929904100586,0.0015459646366548139,0.07027032307488312,26.49208641052246
32050,28,421729,28,421729,0.15143324045864026,0.1509477655125099,0.012116039063352721,0.025043436238134414,0.026848273714300472,0.01099762085972688,2.4412801692972015,-0.363406119282242,0.025009426786541614,0.0013047108576687482,0.1630293928442177,0.16252195642357367,0.01285288338888517,0.0014705419156162815,0.06684184890653959,25.199485778808594
32100,28,421729,28,421729,0.10958221041895898,0.10920179935616589,0.009122930323130395,0.022190527531699908,0.023809920513712838,0.010955954877948029,2.173240103574821,-0.3728540993353157,0.022165780319868662,0.0010477093807229182,0.11330833372480338,0.11290493536273627,0.009552699211623676,0.0013987900892871532,0.06358038535658231,23.969905853271484
32150,28,421729,28,421729,0.0842843840322354,0.08396908254751773,0.007283582073505724,0.02020547583169691,0.021694327961329127,0.01089695197202153,1.990862033441131,-0.3830892636005357,0.020186022944512955,0.000886414840176129,0.08694255127320795,0.08661396418479549,0.007551717029216696,0.0013305385160088563,0.0604780577053304,22.800321578979492
32200,28,421729,28,421729,0.06920604088713248,0.06894151746236818,0.006045102584525245,0.018916023625589647,0.020361959421860813,0.010829582790266462,1.8802164234952772,-0.3947034170742621,0.018900295335408632,0.0007712237277187596,0.07089886021483936,0.07062414637440864,0.006235248884321626,0.0012656169315652733,0.05752710590427216,21.687808990478516
32250,28,421729,28,421729,0.05756109736014549,0.05732527099938093,0.005205116151603551,0.01765460234168402,0.019099278211567167,0.010758264026186331,1.7753122776200931,-0.41084712340535484,0.01764086279829491,0.0006963789016976196,0.05992447845357132,0.05968509665034055,0.005350921020912338,0.0012038629864573294,0.05472014427569678,20.62958335876465
32300,28,421729,28,421729,0.050665771769764084,0.05045546505481951,0.004611558860917918,0.016892593217446916,0.018382908000239388,0.010685759431218663,1.7203183469144316,-0.4244578951339743,0.01688118064217792,0.0006208427629366513,0.052379711208470375,0.05216625838478749,0.0047239424651816415,0.0011451221935127713,0.05205014340696227,19.622987747192383
32350,28,421729,28,421729,0.04621705195138359,0.04603137737337859,0.004138621532164922,0.016288645050463072,0.017856690777791534,0.010615142092270612,1.68219046175499,-0.43846357399738967,0.016279291128173945,0.0005519401635432148,0.04708409760650616,0.04689444596074533,0.004221751467547078,0.001089247491322343,0.04951041763812285,18.66550636291504
32400,28,421729,28,421729,0.04254326977873513,0.042378145115919495,0.003744678891481458,0.015450720252863745,0.017124722343366393,0.010546469680435292,1.6237397785473546,-0.4588993846989648,0.01544242815206991,0.0005061315050583889,0.042476521511111635,0.04230634402301438,0.0037984385068453677,0.0010360991030731192,0.04709461573957678,17.754743576049805
32450,28,421729,28,421729,0.0384296383609635,0.03827596920741714,0.0034332616834858672,0.014967313183228132,0.016803712553916116,0.01048211207480378,1.603084610620391,-0.4775192884615557,0.014959742170979019,0.0004760022086782416,0.039051426900349046,0.03889547900404819,0.003486496235327437,0.0009855440241864598,0.0447966959961218,16.888427734375
32500,28,421729,28,421729,0.03635499783363603,0.036213948731430926,0.0031993413011075778,0.015107218604891587,0.017039864082935497,0.01042385802440921,1.6346984046630144,-0.4807584996042494,0.015097578859896873,0.0005395985036834687,0.03632905044984329,0.036184444530706183,0.0032381909442627697,0.0009374557060755856,0.04261089821849672,16.06437873840332
32550,28,421729,28,421729,0.033747651587654526,0.03361761690020718,0.002959699584860841,0.013778965158131184,0.015934814859510305,0.01036955583529267,1.5366921315256665,-0.5192123477701391,0.013771633203422413,0.00044944381115601204,0.03421081787795891,0.03407910283004087,0.0029991349049973727,0.0008917137931141938,0.04053175376905031,15.280538558959961
32600,28,421729,28,421729,0.03128647306234128,0.03116526741123511,0.002751273135625258,0.013509729581394622,0.01583763954454909,0.01032030537326954,1.534609584864602,-0.5348042516029947,0.013502796378359834,0.00043276243709620087,0.03202584038141581,0.03190336902246073,0.0027981238629868656,0.0008482037839879195,0.03855405493484766,14.534941673278809
32650,28,421729,28,421729,0.03155945598366974,0.031450121041501425,0.0026247187392360307,0.013469082961388297,0.015910718222380396,0.010276800449592935,1.5482171032143202,-0.5423093445113547,0.01346213226949504,0.00043265526621186527,0.030378371914887983,0.03026502094507569,0.0026218290168095342,0.0008068167741134362,0.03667285545949829,13.825725555419922
32700,28,421729,28,421729,0.028593794561392046,0.028491196724625727,0.0024200819444327435,0.013575569202555555,0.01611413278034851,0.010238188422291565,1.57392422523337,-0.5460971455298903,0.013568506198541209,0.0004378569555501897,0.028504379028724085,0.02839976339645096,0.0024398899234944435,0.0007674491965631594,0.03488345089430637,13.151119232177734
32750,28,421729,28,421729,0.12432151690648158,0.1241768775258996,0.005995219249227537,0.014401990151624562,0.016965696383854843,0.010205707447810878,1.66237337985756,-0.5329981703105957,0.014395016892637126,0.00044811715899154876,0.0270533385472563,0.026958440652506334,0.00226397971231135,0.0007300027112125324,0.03318136411530903,12.509425163269043
32800,28,421729,28,421729,18.780466436824998,18.74882073836151,1.0897892023210694,0.4265260842622396,0.42901751075334477,0.010771865649099679,39.82759576928091,-0.24317268217450988,0.4242904365698182,0.0436133694120535,22.4473720186122,22.422813670066656,1.0497321846289078,0.004446319457944634,0.25270210089368045,76.79822540283203
32850,28,421729,28,421729,1.9446358228319256,1.9389388501674119,0.1487434662520509,0.10045105361288013,0.10129598704674497,0.011324136493049829,8.945140065109179,-0.1301985875568629,0.10035674111328077,0.004351859954049721,1.0724046091812822,1.0716817894816761,0.039367345435156346,0.00423403137385521,0.24039184900818486,73.05288696289062
32900,28,421729,28,421729,8.856046156901884,8.829204128016244,0.688990565245675,0.07489993784826071,0.07628576060263315,0.011462932851199384,6.65499498190389,-0.19492942809974864,0.07476032741260565,0.004571010263970409,1.1044184235309709,1.1023819843538836,0.06703741348403548,0.004040688257734674,0.2288402191715807,69.52738952636719
32950,28,421729,28,421729,5.850694205612816,5.847959571972746,0.1788617683120641,0.057797714062633274,0.05864628161509182,0.01147175657787831,5.1122320471986855,-0.17123964066911565,0.05772196263174835,0.0029581718687328997,0.7683446936302845,0.7675630007817897,0.034649791639632964,0.0038609579590927518,0.21787527536100343,66.14535522460938
33000,28,421729,28,421729,25.055384254574896,24.988238942505244,1.83308338508211,0.08092799342223801,0.08183209931349053,0.011429143638597093,7.159950202842605,-0.14850120300782318,0.08071779769133643,0.005829001218929464,1.5686796005339534,1.5643769686637434,0.11610507760559634,0.003713130446348833,0.20784735420013523,62.973392486572266
33050,28,421729,28,421729,3.3621295286323494,3.360767843589033,0.09567898828635876,0.036711571444553726,0.03835256769094234,0.011340509890960939,3.3819085790411965,-0.2894519728187818,0.036655450877379925,0.002029137477984042,0.41682997200485494,0.41589182935574703,0.027950167024515173,0.0036067767077630655,0.1990223213299539,60.18217849731445
33100,28,421729,28,421729,14.243607928761229,14.239955168693635,0.3225579356722971,0.042315062647485815,0.04208359914510983,0.011261957709797422,3.736792503535944,-0.11319538424899382,0.0422690758300335,0.0019722462664500343,1.2613240420208067,1.2607717494464863,0.03732204144138097,0.003567819245020209,0.19154720449817106,57.465694427490234
33150,28,421729,28,421729,8.865301495086603,8.849728534620805,0.5252384813616319,0.03164970754228308,0.03392991133073031,0.01123348551601982,3.020425965061657,-0.36170175478005134,0.03158786444032893,0.0019775761961181868,0.5538499899580958,0.5525603777912553,0.03777353930687362,0.0034012405383865305,0.1822776917954198,54.66463088989258
33200,28,421729,28,421729,32.8250077284015,32.760650919484114,2.0544789366949794,0.03684945328101652,0.03794702074817678,0.011261347776838805,3.369669554671099,-0.24443624668870367,0.03677670620921528,0.002314322257354296,1.1530813817193726,1.1513002822572382,0.06406506803446167,0.0033259310335570034,0.1752827337730787,52.05005645751953
33250,28,421729,28,421729,7.031558987201725,7.021852086144329,0.3693441089389371,0.03680593690015921,0.03927952801425289,0.011231981354129639,3.4971147810720917,-0.35626818968987733,0.036746885932212585,0.0020840742269550377,0.8983178116067848,0.89741914475627,0.04017174722273798,0.003223631765616173,0.16765631533847214,49.52561569213867
33300,28,421729,28,421729,4.854803253997717,4.843907781104324,0.32507236607223455,0.03372968962624929,0.0357986655377508,0.01129208554201733,3.1702439203586987,-0.33564543112811257,0.03368405162799093,0.0017540319854410153,0.5908311345520801,0.5898454982889344,0.03411330685197219,0.0031027311011885598,0.1600369838912071,47.13021469116211
33350,28,421729,28,421729,0.4836273997995636,0.4825458004062477,0.032326650726306735,0.02363175540795902,0.02563041805189965,0.011285789112267826,2.2710346433851925,-0.39035452113163593,0.023602331536932517,0.0011789018968181297,0.24062944950664988,0.24019124175271925,0.014515486735212593,0.002951890616709869,0.15223669826109765,44.8309326171875
33400,28,421729,28,421729,118.13102793351257,117.9083223665956,7.250329463086531,0.6865219097865147,0.6861605869332593,0.011204332760975594,61.240646950717064,0.024092472352139967,0.685201648201253,0.04255624418589852,26.89921431866469,26.87165603681471,1.217305549389837,0.004194693806573769,0.2093948964260677,64.59416961669922
33450,28,421729,28,421729,2.875221409788834,2.8736247566283524,0.09580664591107148,0.055364855300587594,0.05555583106120091,0.01098129279911408,5.059133936004593,-0.11619226275896202,0.05519144965770905,0.004378480002874323,1.9637173175139644,1.961951286725125,0.0832637473446094,0.004131707043199512,0.20143403982988545,61.66849136352539
33500,28,421729,28,421729,1.2016527911099866,1.2009067773351292,0.04233606657420335,0.04526451474530962,0.04643228060959114,0.010933002226677056,4.246983550071372,-0.2231985640571332,0.04518403439325158,0.0026980235502696735,1.0543331230461561,1.0535266341075957,0.04123063882820003,0.003930482202110782,0.19161208567121443,58.6596565246582
33550,28,421729,28,421729,1.0470768961085735,1.0447720499577764,0.06943622967435392,0.0369474705274732,0.038761808496013704,0.010937151548756156,3.5440496845288707,-0.30308677632546216,0.03689171857600587,0.0020289600506871,0.5259783375070001,0.5252540400320491,0.027593567305411494,0.0037387738674166103,0.18226447240621127,55.79747009277344
33600,28,421729,28,421729,0.48446863708527,0.4836138601658726,0.02876620542794726,0.03433740977887636,0.036553298257735095,0.010971931570252412,3.331528092723438,-0.3459195468465462,0.034275039361168956,0.002068667956147838,0.38612927416936477,0.3854611347666721,0.02270528473615501,0.0035567947563528747,0.17337897302843053,53.07491683959961
33650,28,421729,28,421729,0.671024061835226,0.6696040471444026,0.04363154374626223,0.030244917281967022,0.0327641515623542,0.011016034607687443,2.974223731967039,-0.3880071306474021,0.03013427254590068,0.0025846933130265195,0.3287081140393151,0.32818190659035884,0.01859194508383548,0.0033834588607445882,0.1649229634328577,50.48523712158203
33700,28,421729,28,421729,0.30235213611746786,0.3018823167820618,0.016848769364279592,0.025971983608459637,0.028681477291196286,0.011054712518298542,2.594502321405525,-0.4262366731761902,0.025861575179056805,0.0023922503665145694,0.2718315959032792,0.2714176218783699,0.014996368400846803,0.0032183970831080374,0.15687632805391685,48.02189254760742
33750,28,421729,28,421729,0.2012933369700107,0.2009824510768658,0.011183106350988589,0.02134698309254781,0.023976568821820036,0.011068851589768539,2.166129758572489,-0.4553653755424309,0.021259266445418055,0.0019332039096391258,0.2082239718895205,0.20789974601452765,0.011615424079331717,0.0030613651902796756,0.14922182625568506,45.678733825683594
33800,28,421729,28,421729,0.15243625245794276,0.15217069598037722,0.00899390617414213,0.01762426907923626,0.020074061736430265,0.011050017564567869,1.8166542830482186,-0.48340367284770713,0.017553407385716664,0.0015788444281787466,0.15811902678129827,0.1578511173260308,0.00920061895681928,0.002911992466983322,0.14194075731212716,43.44989013671875
33850,28,421729,28,421729,0.11983505755755715,0.11960157632803377,0.007476895055606223,0.015068764249605527,0.01731690831087361,0.011005320776190637,1.573503277463545,-0.5087801575042851,0.015006811097492339,0.0013650189355354865,0.12458451174617756,0.12434761539581443,0.007679265095571766,0.002769906919304469,0.1350149523344096,41.329811096191406
33900,28,421729,28,421729,0.09792453911742692,0.09770119002196168,0.006610055192886876,0.013584652322022878,0.01571919302181115,0.010944675412191438,1.4362411336841752,-0.5299192553311947,0.013532205342060916,0.0011925591350283385,0.10340750743916813,0.1031873475211255,0.00674417573437126,0.002634753535755502,0.12842706552324393,39.313175201416016
33950,28,421729,28,421729,0.08883874400280489,0.08861006378936122,0.00637016728518453,0.012581991706542478,0.014696777870838283,0.010876776786210091,1.3512070864110501,-0.5504820290238833,0.012534945090463816,0.0010870450232445513,0.08752566281822473,0.08731055706547028,0.0061325587389623425,0.0025061945811002346,0.12216062686796712,37.394935607910156
34000,28,421729,28,421729,0.08687682353328992,0.08667528234017752,0.005914211569170451,0.01195381384078578,0.014146048162408616,0.010807189560675796,1.3089479075931036,-0.5691178387044918,0.011911427141770101,0.0010057677597060677,0.07890184353907446,0.0786916237269308,0.005755803078956793,0.0023839084490629193,0.11619996061461092,35.5703010559082
34050,28,421729,28,421729,0.1518111331689632,0.15158997639185243,0.008191410840770403,0.011477805366061817,0.01381072986235534,0.010740007585692662,1.2859143489575697,-0.5877001574809463,0.011440020792628834,0.0009305591251593251,0.07374000978451935,0.07353521123209444,0.005491971601552602,0.002267589225051818,0.11053012379251184,33.83467483520508
34100,28,421729,28,421729,0.07986649756373099,0.07963845981358099,0.006031015803170602,0.011032778663405391,0.013494623528997942,0.010676127283885126,1.2639998728159734,-0.605129338294459,0.010995551561003472,0.0009055666209657705,0.06517077785063057,0.06496015507170126,0.005235316486781155,0.0021569718452229204,0.1051377752835966,32.183753967285156
34150,28,421729,28,421729,3.6193450710284587,3.6136065704106533,0.2037309438032274,0.08190288260531503,0.08276537408841696,0.01094226025810697,7.5638279602331,-0.14451545442618352,0.0814862085131141,0.008251060611661198,3.4811444940824905,3.476399767809603,0.18169106487161357,0.0033645830244170257,0.16552542611868482,43.962005615234375
34200,28,421729,28,421729,142.50025089814483,142.277490870462,7.964740902240234,0.12448999124324063,0.12435668524110363,0.010886049369814216,11.423490838276985,-0.031517313110012345,0.12411192264670164,0.009694770584252117,6.754129523192868,6.743428877541442,0.38004287864092945,0.00332088038010696,0.16013604794298042,41.82770538330078
34250,28,421729,28,421729,80.43471953979032,80.25972601328053,5.302875419795167,0.10934310326556938,0.10991780621662514,0.010814967703232077,10.16348908594299,-0.10219637444872644,0.10898028701587754,0.008900071554876612,4.961963311045458,4.951319517838667,0.32483062114135,0.0033031388862696824,0.15572417472609146,39.807403564453125
34300,28,421729,28,421729,6.898326716732989,6.895895783868148,0.18311971172337108,0.033999078462180955,0.037112936211704965,0.010829642787083135,3.4269769503358654,-0.4213699169800384,0.033939737125940915,0.002007879503248297,0.5934904376525519,0.5927603920312929,0.029428170584077137,0.0032382355759503554,0.14991398694925537,37.88142013549805
34350,28,421729,28,421729,29.229554871828956,29.1980989647515,1.3556898059059868,0.04354268902949473,0.04543066814054793,0.010955667697870772,4.146773103512198,-0.28932389993886753,0.04344916999894373,0.00285226126471059,1.9583627583979504,1.9558128445724892,0.09990400635258374,0.0032175927735209006,0.14591751353696356,36.1280403137207
34400,28,421729,28,421729,21.313489081369955,21.296460385870166,0.8518167964645434,0.04809159529480057,0.04794310109731452,0.010878865903384027,4.406994398414373,-0.09978508458211023,0.048020063552396214,0.0026220286845709023,1.8231499558947484,1.8227071901900005,0.040177860927343184,0.0032239957472989457,0.14178218389446381,34.44206619262695
34450,28,421729,28,421729,30.873382317167735,30.82482657160555,1.7308386789200627,0.03472943655334151,0.037342726933756724,0.01086806841683999,3.436004035077149,-0.3775600018551507,0.0346337550512109,0.002576193774795834,1.6482841962517916,1.6457956890176515,0.0905391717674094,0.003377842901748774,0.1441558281613557,32.837623596191406
34500,28,421729,28,421729,11.688620423668526,11.662559217344459,0.7801025000182663,0.02724459127780698,0.03169906620130969,0.011005778429586213,2.880220277385821,-0.5498996970546732,0.027177670313191495,0.0019083999167433586,0.5361623330261148,0.5349524446887098,0.0359990177307557,0.0033225988092824067,0.1409581792567798,31.311138153076172
34550,28,421729,28,421729,46.09437335181363,46.0472650954434,2.083418327256028,0.04491711753243793,0.04646009379016384,0.011142850346619939,4.169498139608148,-0.25609143446114513,0.044828130845150346,0.002825974584620836,2.3989707641152984,2.396299722285574,0.1131740608709437,0.0034275356301110144,0.14353264317512832,30.082965850830078
34600,28,421729,28,421729,41.01439601656272,40.96153162609362,2.081731838630567,0.04088415603135308,0.043020759868613374,0.011199068024896496,3.8414589297050887,-0.3162053610908026,0.04077480555382305,0.0029882179378260243,2.4275447845567397,2.424569974904407,0.12014207348249288,0.003413820684037118,0.1406093936435809,28.732927322387695
34650,28,421729,28,421729,43.818181331378504,43.73534943933964,2.692995471296155,0.03471647043200994,0.03738170371293529,0.011255476475409353,3.321201354256817,-0.37890082891858146,0.034631027933673196,0.0024341782009062473,1.879766886893841,1.876980930735256,0.10230412855195431,0.0035693939216522906,0.14645654489779236,27.46833610534668
34700,28,421729,28,421729,28.366918970675734,28.34212819922298,1.1856901060952887,0.040223470429171584,0.041896918400955586,0.011344334837302494,3.6932018493662535,-0.279951856269459,0.04015540563678269,0.0023390107977267136,1.7700472682502875,1.7682295300016224,0.08019763756213057,0.003643521797291686,0.15028741760540493,26.313451766967773
34750,28,421729,28,421729,17.165399285979966,17.155882622700094,0.5715103527132874,0.027717727693324406,0.03052513552257257,0.011342579491726519,2.6911987299571627,-0.42191952350257417,0.027647285548532744,0.0019748494320264843,1.118969390339669,1.1180413549048291,0.04556341997375347,0.003741360078723697,0.15182281649406104,25.286518096923828
34800,28,421729,28,421729,13.06163763814613,13.046832035389567,0.6217327645927719,0.019879635628127727,0.02473231295442901,0.011402774346657043,2.1689732868983587,-0.6143435931327618,0.0198041004927529,0.0017313336998018938,0.6332324825511706,0.6325825459333623,0.028682739380754486,0.0038324739359269855,0.1571058956284034,28.84735107421875
34850,28,421729,28,421729,16.83639930866766,16.825070401360176,0.6175335376953767,0.024325949076815154,0.028173649520984244,0.011418380353144509,2.4673945559385313,-0.5166067413544262,0.02424672998367041,0.001961602300871034,1.2327679920719163,1.2320702601189712,0.04147042810720562,0.004014450268155648,0.16410927768677225,29.864898681640625
34900,28,421729,28,421729,40.19568049421538,40.13314057189918,2.2413741832248943,0.042310365771422956,0.04376745063405633,0.011484652116167516,3.8109513628578013,-0.25596130331370787,0.042215158725755056,0.0028367984544035935,2.33716253917989,2.3338309742162076,0.12474661652652834,0.004093649740595351,0.17117708348418206,35.58758544921875
34950,28,421729,28,421729,108.32480283744727,108.11337312954456,6.764721747691834,0.0940968047502914,0.0949047308176642,0.011572056666009111,8.201198244770977,-0.13048650570167825,0.09376201411828713,0.007930534199950759,6.259711270230346,6.247869628596947,0.3848509980559658,0.004003419827250701,0.16686094204977295,35.584228515625
35000,28,421729,28,421729,13.511615059923686,13.502463096955115,0.4972241375092726,0.020973091426466257,0.025250922860606612,0.011308589012468865,2.232897741067865,-0.5701630081933046,0.020889699845787833,0.0018684229542060833,0.7700491548337987,0.7696312391615879,0.025366445688079206,0.004496791614443565,0.18629252583192865,38.01255416870117
35050,28,421729,28,421729,1.1643194057316018,1.1634924382412677,0.04387510363042018,0.01970711796783676,0.0260423684450913,0.01145797791775112,2.2728590185835067,-0.7056463779708682,0.019577781148456746,0.002254103791169836,0.2007615700961102,0.19940158511383918,0.02332843504274786,0.004280663436113288,0.1772794573528465,36.1667366027832
35100,28,421729,28,421729,9.000427217769955,8.995971129510503,0.28318463833288177,0.020260158390559863,0.025490026453309254,0.011525099781141896,2.2116968128135133,-0.6332996869040913,0.020150713753747645,0.0021030342900435215,1.0264568486946546,1.0260114902686437,0.030233823259343238,0.004290296636983289,0.17643216408879392,35.155818939208984
35150,28,421729,28,421729,62.661140673558776,62.63690900158742,1.7424641282904627,0.15796586901261725,0.15561635458271117,0.011632260432365244,13.377997809413637,0.166132597623618,0.15757118082873123,0.011159692878867094,7.773193421078583,7.761909323901726,0.41868796140657616,0.004799141939255666,0.21687584208988087,55.43675994873047
35200,28,421729,28,421729,10.200597763713247,10.19625082082512,0.29776490037411074,0.025271105882179647,0.029159517248652664,0.011208597918654965,2.6015312049084383,-0.5159773937785359,0.025144113166064064,0.0025302896277893563,0.7009770487463238,0.7003875192173287,0.02874275202033019,0.0050178991537133824,0.2277637653779876,60.614505767822266
35250,28,421729,28,421729,1.9538018502670844,1.950461333107388,0.11420270644794098,0.01848083365231932,0.02492644801834998,0.011362148662619965,2.1938146347578473,-0.7218556182624802,0.018341270475646307,0.002266938425251849,0.2166353103997647,0.21538896775074234,0.023204531524512236,0.004774803652880595,0.21668086364376013,57.66100311279297
35300,28,421729,28,421729,17.85764691912842,17.850001281391574,0.5225014283003855,0.028700187754471723,0.029394279141738356,0.01132812011336617,2.5948064504591306,-0.2532407345281245,0.028634457805045397,0.0019412890956792671,3.037794264279378,3.0366979810711143,0.08160492538632144,0.005064756217003079,0.2246568647949651,56.49882888793945
35350,28,421729,28,421729,3.087238122639806,3.0865228135965794,0.06645409715292527,0.01817290675291001,0.024835333118699374,0.011434456638978064,2.1719731774608393,-0.7347140216908172,0.018022501740973165,0.0023332318458699096,0.2610245049995996,0.260085988236717,0.022114948184798457,0.004854522089988286,0.2149699401963538,53.954673767089844
35400,28,421729,28,421729,21.493737794338728,21.467079999210647,1.0701591840820999,0.02931274355857915,0.033977737047725956,0.011610324739409199,2.926510481864002,-0.5450664511649351,0.02918002812149588,0.0027861970066262627,1.2923792823443903,1.2906356124439902,0.06711129058756085,0.0046210824232451745,0.20458042081756786,51.32380294799805
35450,28,421729,28,421729,17.411057095286733,17.40573151971505,0.43060357515071396,0.01994295855411263,0.024137688738000103,0.011317204411398826,2.1328313831363097,-0.5728744211385122,0.019849397390861827,0.001929512661451563,1.152591290186584,1.1522457944473112,0.028218989926271882,0.005079412000077926,0.2165218221402933,49.985069274902344
35500,28,421729,28,421729,1.351338665647728,1.3508787466509045,0.03525338453912553,0.017226868469002635,0.024168052043005626,0.011461789899596867,2.10857573334647,-0.7557555282621645,0.017064965692622783,0.002356256174087322,0.19811868947378525,0.19694380278759785,0.021544225731501977,0.004836038936404172,0.2060792595208383,47.57521438598633
35550,28,421729,28,421729,3.4129707876373385,3.4040618666064986,0.24643945621859525,0.016971553240960644,0.024076979498518367,0.011631344240376896,2.0700083327374883,-0.7622908303281691,0.016807008972371938,0.0023575556861654147,0.2271821593170272,0.22599128357514978,0.02323086868809232,0.004600330374326587,0.196038596183326,45.25788879394531
35600,28,421729,28,421729,59.262215560523266,59.19594232639769,2.801893151375544,0.08478466188245638,0.0807797989991921,0.011130981805639524,7.257203399457983,0.2998160082183502,0.08454474695977461,0.006373747094930367,4.500164541201162,4.498532640541758,0.12118159870485068,0.00564705358632534,0.2433754015943485,65.94467163085938
35650,28,421729,28,421729,3.206326650636598,3.2050357493714707,0.09097491870488855,0.026077382854972873,0.031241900746003963,0.0110404696093279,2.8297619441484834,-0.6058101399036964,0.025907107641728124,0.0029751756594771296,0.39946914640563264,0.3982627344961269,0.03102246350166739,0.005417631402203611,0.23292447822704088,63.115726470947266
35700,28,421729,28,421729,7.721498007734282,7.705610813315394,0.49506916401789336,0.019361851518012625,0.025978279149891648,0.011241729765297788,2.3108791700441214,-0.729977096184553,0.019206352994974505,0.0024489383083290657,0.4453499148645452,0.44402852312878793,0.03428144276317819,0.005154626651574032,0.22160823974577273,60.03872299194336
35750,28,421729,28,421729,18.57593145530058,18.55579841100107,0.8646240583719926,0.01924156815456156,0.024027611569097187,0.011265807150688143,2.1327909529881772,-0.6169530508916483,0.01914344998656631,0.0019406874190533467,0.8028700742358553,0.8024177597063652,0.026946150213078654,0.005390196530346077,0.230829258700902,57.79220199584961
35800,28,421729,28,421729,6.656912471173506,6.640696627062028,0.46436188064091033,0.017336702424312435,0.024485155970240775,0.011428564010292913,2.142452538060661,-0.7675614172201407,0.017171523936189304,0.0023874707659023746,0.46122849989937165,0.45982980836472875,0.03589256829319338,0.00513472689957918,0.21978906587160554,54.98653030395508
35850,28,421729,28,421729,32.53662209791373,32.49735182591408,1.5980931904014049,0.038817712542018275,0.038233037144241463,0.011001953839511122,3.475113393671571,-0.09033098617728691,0.03871953787984157,0.0027590203635124303,2.8549017689166125,2.8545622547198626,0.04402776501089575,0.006044386409942536,0.2616440770443117,62.24370574951172
35900,28,421729,28,421729,14.54390242385661,14.515423949805546,0.9097061460019532,0.021211021566023072,0.027336058315013553,0.011103576772532611,2.4619146492178916,-0.6929213034084394,0.02106875805620492,0.0024525231585850907,0.9158769248094859,0.9139099688365309,0.0599925850392546,0.0057750165309258614,0.2496292875006773,59.334957122802734
35950,28,421729,28,421729,7.86207960554289,7.860014382611023,0.18019331020134194,0.017487992074390345,0.023967568047373978,0.011109090840094862,2.157473405552719,-0.7361779018858079,0.017344150949342406,0.0022383687453957253,0.5485853144628473,0.5481575832635835,0.02165897400451892,0.005877229572362376,0.25225219381979536,59.40214920043945
36000,28,421729,28,421729,0.5489377456446585,0.5484249630871458,0.02372147668890498,0.016464907522829485,0.02382426016994032,0.0112932162014912,2.1096080819558267,-0.7880225831043566,0.0162992027833643,0.0023300575877210493,0.19386156240454455,0.19276158538151517,0.020622235066451163,0.0055916676771886765,0.23996794947134617,56.5067138671875
36050,28,421729,28,421729,48.08925517806581,48.00072744970909,2.916612397949665,0.03652241569829059,0.04040318631448224,0.011476477665582551,3.5205214955150925,-0.46393454764271247,0.03635288484228972,0.003514912812854005,3.0653741399653835,3.059644129664514,0.187340379464742,0.005334159602530655,0.22884532063879645,53.76781463623047
36100,28,421729,28,421729,15.328633316792205,15.323741640524114,0.3872227978042736,0.023931793429865254,0.028102043926643856,0.010973481598232594,2.5609050031277234,-0.5470757350772643,0.023806357276223232,0.0024470574179113556,1.0213407957350653,1.020838187890596,0.03203771491508986,0.006418198186351845,0.2794373024359121,66.06631469726562
36150,28,421729,28,421729,1.0902812074542052,1.0895455492999848,0.04004506621787423,0.017047523490054044,0.024328684297437887,0.011156952714404741,2.1805850504347055,-0.7842504020413678,0.01688206936194618,0.0023693440447479543,0.211923606033156,0.21087648817376253,0.02104094887587795,0.006109474083704516,0.26591990550331457,62.86199188232422
36200,28,421729,28,421729,8.190193542341738,8.168593201671031,0.5944370165376316,0.01676509257964704,0.024112826057879715,0.01135102075362259,2.1242870206350646,-0.784065740574229,0.016595700646315253,0.00237719356848108,0.441909605940679,0.4405336515579098,0.03484539665006399,0.005812889651344141,0.2530540274031047,59.834381103515625
36250,28,421729,28,421729,30.86900925370795,30.821338773935157,1.7148785635806834,0.031081337371512193,0.03138603410573589,0.010962079699908164,2.8631459508544563,-0.20229368409248083,0.03100500850364256,0.002176919955077146,1.7469489473942548,1.7461986319918008,0.051195336036186326,0.00672007733192602,0.3186427478783738,85.31570434570312
36300,28,421729,28,421729,1.580518821585256,1.580182807821892,0.032588943667560585,0.01752654411221609,0.024575277097810596,0.011092671211050719,2.2154516824881876,-0.7699989519887709,0.017363853325017626,0.0023825083892257165,0.26007210024481303,0.2592220589785747,0.021010032476329085,0.006403999404688771,0.30334057964296396,81.18788146972656
36350,28,421729,28,421729,33.464751428068205,33.4330666268405,1.45589974505,0.041365759116250976,0.04025085933573229,0.010917544057375644,3.6868053038485087,-0.03208445319851908,0.041288949620616695,0.002519656026102914,2.4112490449965045,2.4098751274423025,0.08138689778766184,0.007142514854478057,0.33676875855912713,88.1043701171875
36400,28,421729,28,421729,3.1077870448425036,3.1060208421918607,0.10476088946102254,0.018234425418206784,0.025290136548592915,0.011026254688485686,2.2936289123633684,-0.7686329465056122,0.018068867476536188,0.0024515910033116057,0.29657788804122476,0.29573882042185207,0.02229335709319622,0.006827206906295913,0.3214318946318143,84.0522689819336
36450,28,421729,28,421729,0.5638779495641435,0.5628953135520621,0.03327473494692587,0.015976179742386118,0.02371885291635343,0.011234330789598568,2.1112831160636465,-0.8135311157569975,0.015798704622052767,0.0023747108089527697,0.19396619354375969,0.19288931068940535,0.020410733931471074,0.006494355316915045,0.30575797366964025,79.95366668701172
36500,28,421729,28,421729,208.12894516021782,207.90056875189833,9.747375346325413,0.149438480973425,0.14619388774907827,0.011309190583141698,12.92699832709562,0.25140374478906524,0.1488767703681985,0.012944761117123742,12.024315181702386,12.013214273427804,0.5165640421370813,0.007436962796413593,0.3513405728592799,83.55376434326172
36550,28,421729,28,421729,9.515126479289224,9.514472309169554,0.11157327151569131,0.02189665760683726,0.027626362976470097,0.010885620155693896,2.537876811916838,-0.6687874802534122,0.021751820844013798,0.0025143397385776695,0.7902601609953661,0.7897847183053812,0.027408407245068264,0.007623687483117258,0.3591236370682255,87.0276870727539
36600,28,421729,28,421729,1.0494990007591722,1.048622820626097,0.04287578170330666,0.01647652727912404,0.0241807696734879,0.01109780212067674,2.178879151975127,-0.8130973702449485,0.016300705279273263,0.0024006162912867906,0.21317547049963922,0.21218515341772431,0.02052417822567668,0.007253239709507647,0.3416372306748308,82.7879409790039
36650,28,421729,28,421729,0.8358178735759829,0.8348979957674418,0.03920273526919274,0.015210882760232795,0.023162522613867663,0.011303032582308649,2.049230809979379,-0.8267358437059298,0.015036485033061715,0.00229675253261171,0.18475017855037568,0.18377842048242465,0.018924075654594162,0.006899423149356633,0.32497128251602586,78.7489013671875
36700,28,421729,28,421729,379.4764887516149,378.53381922933926,26.731128201112867,0.3065449395030792,0.30260096618564325,0.011372254275321207,26.60870561453361,0.3302758651057144,0.30473004638989926,0.03330763819540943,25.520288101001043,25.464682181731035,1.6837654651182743,0.008497783596122613,0.4140003430505389,98.92375946044922
36750,28,421729,28,421729,9.122833781080283,9.119500042155734,0.24660733634892681,0.04255076214833491,0.04517730786700601,0.010359465663203924,4.360968927912233,-0.3608238251904663,0.04232252722196966,0.004401255383388795,0.8764851233079756,0.874744901081266,0.055204432906456,0.008822478361908798,0.43089771605804295,109.190673828125
36800,28,421729,28,421729,0.9772722835565572,0.9759477047023979,0.050864465926311025,0.024179969108067134,0.03032601397941467,0.010605466779066635,2.8594699895032436,-0.6956501608074095,0.023987269884460014,0.003046602953645042,0.30351548860049,0.3013639053956334,0.036075592096123904,0.008394349494459613,0.40994325258923053,103.88168334960938
36850,28,421729,28,421729,32.02818291880255,31.98289971168177,1.7025354953074943,0.048433247562149916,0.04682032535338021,0.010747382369188662,4.3564398981102554,0.0378881986701698,0.04832525041419107,0.0032325905744816207,4.224024712500025,4.217068310179608,0.24232135500163704,0.00857455243654977,0.42850626855638835,112.5292739868164
36900,28,421729,28,421729,5.797008047460309,5.793194299698034,0.21024297435533867,0.018304670820254748,0.025265318434147754,0.01080204822346638,2.338937756198991,-0.7693901407898897,0.018134104299896092,0.0024930373198922945,0.5539126264177346,0.5532496858573371,0.027092117003855956,0.008312794037050627,0.41825673326183277,111.2813720703125
36950,28,421729,28,421729,4.015005104090475,4.005151520388857,0.2811179193850739,0.01589407095008548,0.023592825329249723,0.011017647302978585,2.1413669071500845,-0.8182516662363027,0.01571941730765519,0.002349768259667668,0.3476454623100273,0.34638250340909105,0.02960622902031984,0.00790841069653038,0.39791083642083835,105.87759399414062
37000,28,421729,28,421729,90.91033686348568,90.77091018705588,5.033012263633116,0.05036703965794953,0.047791388986993324,0.010918955556113398,4.376919453640919,0.12800884074729885,0.05016392591569717,0.004518763174797605,6.118431204746401,6.109909335614515,0.3228131313703049,0.008824503809293316,0.4451394995288436,111.3474349975586
37050,28,421729,28,421729,4.578171413341604,4.577902746415133,0.04959772477677363,0.016612409523595866,0.024029189972355515,0.010979267112478786,2.1885969005202983,-0.7997299221327615,0.016427198130141922,0.002473724271765234,0.35009020548737657,0.3493356106765456,0.022973530234565585,0.008490928727544865,0.4277579292794044,106.9709243774414
37100,28,421729,28,421729,7.085166494670091,7.066891546907348,0.5085549345401553,0.014484568186299621,0.022470996384887747,0.011179204335905855,2.010071174091918,-0.8361951178703702,0.014305718200762884,0.0022691721626894343,0.4898043342098452,0.4882556384977687,0.03891936903247381,0.008078220543973346,0.40697951578445235,101.77851104736328
37150,28,421729,28,421729,30.369759049734085,30.356534423462307,0.896148724293711,0.04913370488216137,0.04635982838915073,0.010264866271455956,4.516359703395835,0.16760595754774796,0.04899870225051096,0.0036397985127064824,3.5048531043020152,3.5036097359373324,0.0933493491172089,0.01070930098538118,0.5584211815944429,138.93003845214844
37200,28,421729,28,421729,2.4057812966486316,2.4053509251840484,0.04550356052679882,0.02597695558548248,0.031939736202832664,0.010385776154089449,3.0753345468798923,-0.6831217702330555,0.025828320991790044,0.0027748975179612465,0.377261615853028,0.3759769151827466,0.03110765252640259,0.010207211126125085,0.531677012799376,132.19586181640625
37250,28,421729,28,421729,76.0696513481954,75.89172607882843,5.199785477505581,0.037335953667927455,0.037223588999234974,0.01051354110101256,3.540537735249826,-0.1305177409381571,0.0372362900683785,0.0027261948274475193,3.3514925717406943,3.347286600961222,0.16785371446148986,0.010513887265318945,0.5476744210291232,128.1426544189453
37300,28,421729,28,421729,2.9567036327172684,2.952843132754064,0.15104239494479402,0.016873862342057615,0.024496178805616386,0.010666249216453526,2.2966066429264664,-0.8211507998608767,0.016701307342519827,0.0024069822162623962,0.3037384830909812,0.3029091735232777,0.02242986192233731,0.010060597268413175,0.5238298258046785,122.26742553710938
37350,28,421729,28,421729,0.4319612509888578,0.43147212050800227,0.020550707534949114,0.014692791437778192,0.022796531622076822,0.010891982275396658,2.0929644435403407,-0.8506645211376604,0.014510769085133704,0.0023055803590367775,0.20699755540925466,0.20590381386331316,0.02125105601963208,0.00957002134127177,0.49828171073681166,116.30319213867188
37400,28,421729,28,421729,0.6682843969361936,0.6671271078502601,0.039312302905318,0.0134453226398286,0.021641424294788752,0.011091181806147363,1.9512279821068161,-0.855290209520342,0.01326561813759507,0.002190907646751963,0.18089860712466393,0.17988495772812782,0.01912349452357465,0.009103131366100789,0.47397009761166065,110.62853240966797
37450,28,421729,28,421729,428.31566688528204,427.3919484945714,28.114637849303858,0.26255847207202,0.2618834699726071,0.011259802468919507,23.25826502689416,0.03852747554178382,0.26128397036249645,0.025838693628040844,31.736131084694335,31.66404494137781,2.1378199585813142,0.009192113058435817,0.4813755642976724,114.73859405517578
37500,28,421729,28,421729,7.719451160596587,7.7172500513920514,0.18433085776772334,0.06471242653202712,0.0658213105249967,0.009317088114525035,7.064579589237054,-0.1887892481588313,0.06426094552414582,0.007630794716526508,1.593615451037038,1.5925614471327452,0.05795034849281237,0.01343246686300553,0.7701854052060922,206.90660095214844
37550,28,421729,28,421729,47.09307907517037,46.97393263824809,3.3477976757235055,0.04795263788751964,0.05081659950303749,0.009557917100229945,5.316702265791251,-0.3852423642516927,0.04779015555102977,0.003944174537208324,1.7976785322007163,1.793479498525729,0.12279818200291935,0.0128265328466418,0.7357182881659379,197.57839965820312
37600,28,421729,28,421729,29.332878858096194,29.250977217049634,2.1904597579937297,0.031389409841431105,0.036192749822268284,0.00984004996113947,3.678106306898994,-0.5916893461476495,0.03123397176444966,0.0031199451935720562,1.937647035349854,1.9321630552259463,0.1456775947770112,0.01224111390560251,0.7024336729212859,188.5355224609375
37650,28,421729,28,421729,16.333450700598444,16.285707225343376,1.247939084762713,0.021548880187816973,0.027946475006549513,0.010054442026804855,2.779515256246444,-0.7433514766439153,0.021400219806199373,0.0025268220347391002,0.9182136968260386,0.9153591342726427,0.07234672309495502,0.012042644834475433,0.6941991973435494,184.6975860595703
37700,28,421729,28,421729,50.09720446750501,49.9565472921172,3.7514368060065215,0.03303639237900945,0.03628534945328303,0.010256829414387861,3.537676994255498,-0.4439148368514966,0.03287588221076081,0.003252628211778033,3.7479479327231346,3.7364673294559783,0.29313069152125376,0.01171460257882626,0.6701516932316619,177.94912719726562
37750,28,421729,28,421729,12.477673254874547,12.43867493492657,0.9857462749820805,0.020832441772945166,0.02718135099003457,0.010473641948212466,2.5952148378218722,-0.7280474917565316,0.020687330436306207,0.002454585431845794,0.8397899331871335,0.837074494083605,0.06747905776703528,0.011194933372632169,0.6406622073519962,169.9370880126953
37800,28,421729,28,421729,18.640533173397007,18.59813032833028,1.2565927259679632,0.01873698665130706,0.024740302272928463,0.010521084046331865,2.351497446839052,-0.7140002373157968,0.0186031814950766,0.002235242052328652,0.9134444572207785,0.9121647339490643,0.04833502422669762,0.011391364050246006,0.6458552413282873,165.33770751953125
37850,28,421729,28,421729,152.13389503567515,151.77804928774628,10.399315993482038,0.09444049863167286,0.0930474325821085,0.010674145815692275,8.717084644404764,0.07412676528528186,0.09418137078595269,0.006991221544043889,10.824616270616962,10.804156951731214,0.6652142274963618,0.011571013258953596,0.6584611730749969,169.3759765625
37900,28,421729,28,421729,7.553091094071903,7.5508124241643095,0.18551768226826218,0.016450158910256234,0.023387719721390463,0.010627784402971754,2.2006204524482786,-0.7831671755012176,0.0163018235075592,0.002204150290037577,0.5797364586997552,0.5792095030026835,0.02471261170166911,0.011397786007219522,0.6460028499335135,165.0930633544922
37950,28,421729,28,421729,137.03948955660044,136.91894519075026,5.746663883152014,0.1262903991165591,0.1235435256149882,0.010770043564771065,11.47103304383099,0.21429489326339593,0.1256308975290441,0.012889627421559113,14.897739509716391,14.865339645615995,0.9819978206911286,0.011963703264063482,0.6777102848787201,165.06520080566406
38000,28,421729,28,421729,9.555023894015765,9.532395309372053,0.6572071827619509,0.02393090170430447,0.029409482084184153,0.010450281429204173,2.8142287156015655,-0.6530900704585809,0.023708712440505486,0.0032534613559258557,0.7760158968392821,0.7738929288498995,0.05736206780965842,0.0120879854536042,0.6768427432027921,160.1633758544922
38050,28,421729,28,421729,61.96050201811526,61.79836571931239,4.479487108919904,0.03400957361419448,0.03793026145637817,0.010673129737909112,3.553808712889195,-0.48905075510913615,0.0338387233457682,0.003404687907558573,3.8449631461553766,3.8351497844300844,0.2745318310850827,0.01152588509674376,0.6459091784203149,152.90570068359375
38100,28,421729,28,421729,13.682401510865306,13.673948557170513,0.48087624227405873,0.016629992521677385,0.023074893169819498,0.010611460370898952,2.174525688575389,-0.7524701286580581,0.016494016893176765,0.0021222766074772783,1.0706080625866643,1.0700885406675473,0.03334874521732441,0.012066954496641856,0.6971300328524036,170.9261474609375
38150,28,421729,28,421729,1.4715815442067877,1.4708526704342277,0.04631050773349466,0.012863486226158693,0.02087989450402009,0.010798478177731014,1.933596027177173,-0.8584423304151677,0.012703854955535561,0.002020234431765016,0.20840345284687722,0.20746848917313565,0.01971865002268302,0.01148143324942763,0.6632603864650058,162.60232543945312
38200,28,421729,28,421729,3.047091558346123,3.041308859856371,0.1876363075295926,0.011392484350349202,0.019521974353055766,0.01096279562911699,1.7807478141073567,-0.867932038410118,0.011231945686736387,0.0019058058041561774,0.21648916103472668,0.2156974095145841,0.018498226245173437,0.010921641722895364,0.6309164471908977,154.66934204101562
38250,28,421729,28,421729,105.82050183234895,105.77284769676375,3.1754209433376333,0.29284554278300245,0.28858241341905116,0.010273592175092392,28.089728354090123,0.40022488655459015,0.29104222911592353,0.03244892600850769,11.121726577782558,11.099220718505537,0.7071785579699121,0.014642340134925469,0.8245073506401501,165.1595916748047
38300,28,421729,28,421729,8.959353840841887,8.948683382784779,0.43713494493104016,0.0508018743902365,0.05387692362862948,0.009713293653086616,5.546720355922616,-0.3976903600535704,0.0505010479460638,0.0055203802324416676,1.0656850477970354,1.063098896444105,0.07419809618511468,0.014046343854551004,0.7897901784792363,157.97305297851562
38350,28,421729,28,421729,90.32131350213847,90.13295178224014,5.830152294061886,0.05877547226082206,0.059616161171775206,0.009993449502016825,5.965523832360766,-0.16734578733864994,0.05853175167002565,0.005346979139767881,5.363249720904769,5.353451030779428,0.32405189373271837,0.013788970145337292,0.7821125273116514,158.6072998046875
38400,28,421729,28,421729,14.843911522009396,14.805067922878273,1.073160319898266,0.022051871495480883,0.028554644309113066,0.01021586261050129,2.795128066792971,-0.7429399812757416,0.021893957660973292,0.002634322378280824,0.8517049946102667,0.8492954721110171,0.06402030065377093,0.013185519771427701,0.7476312979806801,151.8315887451172
38450,28,421729,28,421729,12.19393296750632,12.178598527734323,0.6113420616192685,0.018001210101608937,0.02465551944857748,0.010337173244959799,2.3851316858406166,-0.766490199782789,0.017864774313321327,0.0022121039433901078,0.5855991828638724,0.5852122885690971,0.02128333335158781,0.013109830591864973,0.7496550222614613,155.7184295654297
38500,28,421729,28,421729,2.3091431505860327,2.3025373102139945,0.1745394653678444,0.014454270733853226,0.02219872580115302,0.010556429129807364,2.1028631489101004,-0.8434260103279032,0.01430304593315335,0.002085382334640644,0.21457675788683064,0.21375673232911652,0.01874151565914467,0.012473528333114806,0.7132744374404152,148.18643188476562
38550,28,421729,28,421729,6.428693541340528,6.408560338582881,0.508384731493667,0.012844288303169075,0.02059977356495103,0.010742327367170883,1.917626680034442,-0.8467923398921829,0.012692832696538635,0.001966657100921681,0.3672603257452641,0.3660651275990583,0.02960522289061017,0.011866638016524666,0.6786262966079608,141.0209503173828
38600,28,421729,28,421729,31.522142998426503,31.507934031042776,0.9463573895234783,0.05378786499509698,0.05297155699006222,0.009593254561699458,5.521750376722854,-0.004803477038891104,0.053340787668298105,0.006920606306987592,2.8906147921759735,2.8894490582782373,0.08208542112674064,0.015731128149341213,0.9952130950877459,243.01834106445312
38650,28,421729,28,421729,3.3063901239672675,3.305843915184411,0.06009709066580043,0.03135450975673214,0.03670852434927058,0.009812952751397486,3.740823509421548,-0.6394783455568279,0.031130607830195826,0.003740392787871481,0.5079820013126012,0.5041966585615965,0.061898652270274794,0.01498430303240294,0.9479007899502706,231.68284606933594
38700,28,421729,28,421729,2.853646298306992,2.843959892699513,0.23492408254108532,0.02075162825624745,0.02748897778542069,0.01012270515589895,2.715576257735971,-0.7681281107548468,0.02054566039081613,0.002916490080685508,0.2984184691047831,0.29600414425233845,0.03788310029925196,0.01425354176527204,0.9016726290990399,220.3841552734375
38750,28,421729,28,421729,51.181432157623334,51.037230525111255,3.839283531083893,0.029316329159915302,0.03138259230649675,0.010088388097374312,3.11076378144737,-0.358805564469707,0.02916238241727759,0.0030004344953621746,3.3211912170635642,3.312433821064128,0.24102547867530932,0.015253463883402358,0.9821128075779832,232.7342529296875
38800,28,421729,28,421729,1.9173738102924054,1.915957880053523,0.0736731311675196,0.01588834701597766,0.023188213962533358,0.010280621545181971,2.2555264640979367,-0.8199716888516592,0.01571063444418666,0.0023697122739399818,0.28077879168369413,0.2791018659736783,0.03064112056316164,0.014533109730364287,0.9352681051370406,221.53160095214844
38850,28,421729,28,421729,0.6495628304233024,0.6486850547267897,0.03375752422251714,0.012778895889285633,0.020406279364550133,0.010475471715235357,1.9480057718901163,-0.8487144344064873,0.012617535561291596,0.002024345945915161,0.20231731236537157,0.20116414817430964,0.021570358644485123,0.013824113599026182,0.889637971703765,210.7234344482422
38900,28,421729,28,421729,0.3930659597205753,0.3925905540987597,0.01932629099143796,0.011027331786990592,0.01862138522738024,0.010626908663243754,1.7522861838257537,-0.8542345650699552,0.010873595735890099,0.001834928367213769,0.1759579874381299,0.17502857856258075,0.018061285381709934,0.01314965366489735,0.8462322519467568,200.4425048828125
38950,28,421729,28,421729,0.7175180229255534,0.7167876891704549,0.03236544263059651,0.009760294843099402,0.017189393687183318,0.010742514989666035,1.600127503077164,-0.854592521235039,0.009614197570174917,0.0016824269689574944,0.1594292336423258,0.15866851812360255,0.01555576729831503,0.01250811579200917,0.8049448049091368,190.66322326660156
39000,28,421729,28,421729,0.9759424966054809,0.9728828295251138,0.07721888820584817,0.008742018049155373,0.015923645473698313,0.010826515772990366,1.470800561102409,-0.8537040286166827,0.008603181194435235,0.0015518224471485905,0.1698196570760131,0.16903333860142192,0.016323185065168295,0.011897896099294645,0.7656739492277199,181.3613739013672
39050,28,421729,28,421729,1.9576169986024141,1.9521059787284376,0.14678746891275346,0.007924561611984904,0.014852833144910333,0.01088366453120457,1.3646904590200988,-0.8544898531223855,0.007794247561877632,0.001431216855095471,0.1460699669298382,0.1455248559192208,0.012607598842525403,0.011317635024826505,0.728331610312468,172.5152130126953
39100,28,421729,28,421729,5.253117953211896,5.226377563248186,0.5293635770744898,0.00767784418286474,0.014174305656797627,0.010919143543781885,1.298115149779257,-0.8437913949282919,0.00755623983546755,0.0013610770901177004,0.268380345166742,0.26702215466295787,0.026966249108301393,0.010766470889421722,0.6928851114430676,164.12164306640625
39150,28,421729,28,421729,4.247233738288506,4.245492403858406,0.12160870214232057,0.0954060640543496,0.09539605570678386,0.008968952787648038,10.636253525401813,-0.045893087038136306,0.09451310653343811,0.013022663004993947,3.1594650605907573,3.1560663101287085,0.14650909584157265,0.018374748676663003,1.2822155338041326,361.2280578613281
39200,28,421729,28,421729,2.097494518752842,2.0945446053582093,0.11120320302509559,0.063561326068943,0.06567908070555172,0.009105603352217564,7.213039945294381,-0.29814637567221275,0.06335092640766404,0.005167426335539578,1.1185291357252314,1.1167502289639895,0.0630583346997876,0.017479249843217956,1.2196710982573358,343.60455322265625
39250,28,421729,28,421729,15.921610706731641,15.881964082883327,1.1228999807264868,0.03685279637483888,0.04043600864971397,0.009370218533229575,4.315375197100888,-0.48132586086302676,0.036749796271079854,0.0027533751432492473,0.7040035385118393,0.7028627065953919,0.040062425221032455,0.01673225120762008,1.1645513922351385,327.5353088378906
39300,28,421729,28,421729,19.072052355848907,19.02336667869857,1.3618741762816509,0.02888633272599758,0.03375706417799805,0.009609592666894004,3.5128506845346807,-0.6126289802329158,0.028777365868068075,0.0025066774926961024,1.0865973099669346,1.0839248057240007,0.07616252072749627,0.016127627933374796,1.1165120287676444,312.48492431640625
39350,28,421729,28,421729,39.99963249819031,39.95577579451927,1.8725866197296124,0.03272401172259792,0.035822009265410494,0.009774067039333726,3.6650054804465912,-0.43968051201767977,0.03262187511637955,0.00258344868578086,2.7327688592949957,2.729662855815928,0.13025487288891202,0.015713096146747915,1.0849786526677336,304.93109130859375
39400,28,421729,28,421729,293.88026324444525,293.1816217936113,20.25205587322644,0.11264830772200775,0.112627480953971,0.009995445168463275,11.267880425108332,-0.04229009931157318,0.1121338932311358,0.010753195871943632,16.178649715819624,16.142706019123032,1.0778446118802543,0.015433495913231877,1.0557285231079998,291.3345947265625
39450,28,421729,28,421729,10.015897540747542,9.991607619115904,0.697123183072887,0.018493728127668033,0.02498574586453897,0.01005339402821595,2.485304544357233,-0.7630436821649411,0.018375240744353455,0.0020900975209670156,0.5969021768620851,0.5956219357556964,0.03907324390593713,0.015139157231662032,1.0255498632741598,278.4451599121094
39500,28,421729,28,421729,53.18827425599564,53.154675074542254,1.8902476162779485,0.04532912564699191,0.04415193933198752,0.010009760074123984,4.410888872963474,0.005815798944692191,0.045230194832003745,0.0029931768039595645,2.7589603443482336,2.7574043332866873,0.09264731220020792,0.015259627457504109,1.0088486126526208,272.7071533203125
39550,28,421729,28,421729,16.438521796472585,16.40733657457758,1.0120797308676792,0.01823104238287906,0.02488535394102343,0.010118114683765696,2.459485261711005,-0.7730286141544533,0.01810078949297189,0.0021753910217363255,1.047296066553875,1.045258282698859,0.06530063911364732,0.014581732026845325,0.9619791092441045,259.6496887207031
39600,28,421729,28,421729,18.448697775184336,18.411839508352028,1.1655966363965033,0.02532992807319063,0.029288408324281236,0.00982015989603714,2.9824777431679474,-0.5435028289687573,0.025177742522267153,0.002772460581402574,1.1271423472308804,1.125041338070336,0.06878850597335759,0.016194564417755918,1.0686670296932674,262.47479248046875
39650,28,421729,28,421729,3.3008918859278165,3.2927841420583523,0.23121383261633596,0.016872768825983157,0.02403624086565089,0.010054651100991602,2.390559416157206,-0.8154440868789773,0.01674042410203559,0.002109153559856438,0.308844029020929,0.30787071944463706,0.0245000891941641,0.01541058429813754,1.0167722874496394,249.7227020263672
39700,28,421729,28,421729,72.27920568415128,72.23217872021638,2.606900777276465,0.07782482115045927,0.07421063773840449,0.009767882746234734,7.597412834118097,0.31320494020178485,0.07753973849392667,0.006655204083605548,4.897984238883527,4.892113552793844,0.23973858872162795,0.016527471854721854,1.064052576298004,262.1533508300781
39750,28,421729,28,421729,14.730798080955879,14.699439773339588,0.9606677114671637,0.024752381693803734,0.03025092392578237,0.009749802189469565,3.1027218130082046,-0.6738589796894179,0.024612327831112425,0.0026293950349080483,0.93166150303093,0.9294487976718698,0.06417233622182612,0.01581956592407463,1.0171561477606885,250.1131134033203
39800,28,421729,28,421729,10.896692578494893,10.888756995009983,0.41578871298631215,0.018278281709694918,0.024644673357330428,0.00983269497476276,2.506400678612025,-0.763331141623837,0.01815828302878717,0.0020910140375969607,0.934084504859443,0.9333695590121057,0.03653941061454272,0.016073045655857824,1.050880592673284,256.5003662109375
39850,28,421729,28,421729,1.2375351392799312,1.2359988015004857,0.06164562954469615,0.015366358062650649,0.02273122240532705,0.010070335856780004,2.2572457094390663,-0.8343747191690933,0.01523389873734707,0.00201327826438473,0.199085334962928,0.19819215279351088,0.018837228256165375,0.015293015201887805,0.9998473297582647,244.03067016601562
39900,28,421729,28,421729,4.0534338415918585,4.044824629606767,0.26404473842250475,0.013854357458884707,0.021157840139776757,0.01027306533046634,2.059544980895815,-0.8310031916905449,0.013726615515018421,0.001877031459888159,0.30900069410073405,0.30809505841248147,0.02364030322447422,0.014547278301787212,0.9510951494113079,232.13388061523438
39950,28,421729,28,421729,99.8954948329683,99.57844482298735,7.952560251821918,0.10979289268086714,0.10478603117350813,0.009693614237513668,10.809799998847991,0.4825969087690302,0.10911714905024504,0.012162527137853249,8.23751889765691,8.234816297846583,0.2109931988833325,0.016233673082010583,1.0442854233373353,268.9869079589844
40000,28,421729,28,421729,4.276763371524694,4.273884163621022,0.15690472256983193,0.026367236441060735,0.031926898053976395,0.009546265353704217,3.344438570585917,-0.6811851931593574,0.026128840716643075,0.0035376320248290375,0.7109727304149099,0.7087252997022442,0.05648604213074443,0.015637773059503243,1.0049808457421014,258.9665832519531
40050,28,421729,28,421729,0.6308051463148681,0.6299261565345338,0.03328918639666825,0.017905503575711804,0.024930903725841124,0.00983743406192206,2.5342892840666287,-0.81082178248199,0.01772116814681386,0.002562666153087083,0.24846245757680935,0.24635308128523592,0.03230715348615094,0.014875783183783103,0.9559854097746551,246.33657836914062
40100,28,421729,28,421729,1.4001003398843834,1.3993119844627642,0.04697799360601319,0.014270069220892082,0.021656447597810435,0.010068312045529762,2.1509511723393295,-0.8409723940247694,0.0141216823164555,0.0020525506381474786,0.21184257477639898,0.2105293959153471,0.023551007269609625,0.014149992347334594,0.9093403318392842,234.31723022460938
40150,28,421729,28,421729,60.33590273001346,60.31635592803345,1.5356971734128202,0.038620667562313395,0.03648646789229453,0.009858850063369175,3.7008847540811067,0.08770383002738694,0.038550325344112416,0.0023298881565025032,4.605903883687718,4.60563000013517,0.05022835478615807,0.0148174138522855,0.9131028005768506,230.5842742919922
40200,28,421729,28,421729,3.639794888729618,3.6370671314757943,0.14088830029738106,0.015332703520589429,0.022453925204047556,0.00996460613248315,2.253368061468186,-0.8232164387739017,0.015186702313656118,0.0021108931964188555,0.4171610185964701,0.4163430416151002,0.02611105388779791,0.014166832192079046,0.8715600407256879,219.9462890625
40250,28,421729,28,421729,1.4044306816348384,1.4010935712320725,0.09675920715598284,0.01249009653684069,0.019832183168730873,0.01015444852400094,1.9530536908878655,-0.8452119079535043,0.012360859050751774,0.0017921146802165832,0.18216880151230871,0.18121001153182317,0.018665582366147376,0.013476167719188486,0.8290698845370015,209.2233428955078
40300,28,421729,28,421729,12.881305175124156,12.843775900539923,0.9825699117061742,0.012044127827196787,0.018805686583623353,0.010299178177054388,1.8259405032452662,-0.8123214583104104,0.011925287581234458,0.0016877592312623375,0.7177364047182998,0.7155111235187337,0.05647458524779587,0.012821306745110204,0.7888785618844217,199.1057891845703
40350,28,421729,28,421729,61.60669191546229,61.454305278700275,4.3304562668382784,0.1629766381437901,0.15886091648055373,0.009057874293093222,17.53843245558042,0.4317576824535281,0.16216018833650592,0.016292878791694134,7.31302403851232,7.299413405708964,0.445964707589425,0.018690172956084865,1.2578027432638281,324.3671875
40400,28,421729,28,421729,5.508599977725781,5.490517989998959,0.4459662723774803,0.0345396514434896,0.03943869543903985,0.008892627192310007,4.434988062149381,-0.6294337815479512,0.03437895106917532,0.0033279491013237903,0.6299888463722593,0.6264718528649261,0.0664752895551143,0.017827645567460165,1.1985706998662815,309.00347900390625
40450,28,421729,28,421729,0.4659840266578038,0.4638526899064401,0.04451735803909285,0.023327878907208888,0.029539660217854483,0.009267002594162225,3.1876175621730245,-0.7566901289333987,0.023182398217119326,0.0026012203313645166,0.3223474010039375,0.3191091293292115,0.0455764249667068,0.016958132964189906,1.1401033063008523,293.9292297363281
40500,28,421729,28,421729,0.3103281181054147,0.30886033433249654,0.030146886453938527,0.017654593136818705,0.024161078020379197,0.009548499552918322,2.530353369812413,-0.7872641086734513,0.017519905812869514,0.00217659347026203,0.24826000565957507,0.24635299544675182,0.03071208303754277,0.016130707164306517,1.0844742038049784,279.5874938964844
40550,28,421729,28,421729,3.434452227646436,3.4225541667091535,0.28563102059717377,0.014294368442827325,0.020698837743376906,0.009748497193263034,2.12328498772933,-0.7908168814798261,0.014179030516289565,0.0018121983328065981,0.2477747813325296,0.24680754373952812,0.02187186817909622,0.015344455963523233,1.0316131467986642,265.9605712890625
40600,28,421729,28,421729,2.2771580415531356,2.2683185484109205,0.20044876937782266,0.012017951361605701,0.018262742010640206,0.009888197545040427,1.8469232564837013,-0.7942854811532334,0.011914372394066447,0.0015744476445495484,0.23126660722095835,0.230185373919951,0.022336903295339532,0.014596742020913454,0.9813425440989123,253.00167846679688
40650,28,421729,28,421729,3.643902300091723,3.630301342104494,0.314541154903547,0.01024786742658204,0.016382798691337158,0.009985336086860072,1.640685756476004,-0.8041074021905981,0.010149136712737244,0.0014190880095928669,0.23253044752978405,0.23155860434832345,0.021237273380974718,0.013885507571261233,0.9335243224062528,240.67481994628906
40700,28,421729,28,421729,1.9014287376962438,1.8939372710667965,0.16862045487184024,0.009039578515685785,0.014990423740649584,0.010051035081459542,1.4914308446004128,-0.8097939362503346,0.008946140805158148,0.0012963581432352477,0.15891660966557317,0.15811457971737214,0.015945799083110036,0.013208971143043877,0.8880424764988278,228.9523468017578
40750,28,421729,28,421729,2.6378838350479272,2.6246030649075567,0.26436693984880355,0.008536095008207343,0.014148890448783964,0.010092663806353595,1.401898519583786,-0.8024791821629241,0.008449643344028023,0.0012117942679618677,0.17582011269081343,0.17484795419996776,0.018463611204103756,0.01256565401448164,0.8447950456976875,217.80728149414062
40800,28,421729,28,421729,563.6311610267414,561.530671528412,48.614716014836084,0.7367353580403199,0.7327031285885283,0.00977521097831699,74.95522400629339,0.40695976679739604,0.7328457105820464,0.07560523968809198,44.772384139872685,44.54332992111154,4.523067665570812,0.016281723408127415,1.0960962502435556,278.2489013671875
40850,28,421729,28,421729,0.9261201904088568,0.9252825816323541,0.039379578599872136,0.0371930353678417,0.037487367658711364,0.0086204094263465,4.348676008837697,-0.1489871400350499,0.037067494361474884,0.0030533164977694627,0.7312387442248391,0.7304371438520416,0.034229810644984704,0.015559215357538686,1.045197790977025,265.57080078125
40900,28,421729,28,421729,1.3491579825901965,1.3484820120295862,0.04270275423773106,0.05934222352685956,0.06059470770442971,0.008628861235936095,7.02232960382705,-0.21485189762976167,0.05881020738566001,0.007928366815897628,1.2610568620622096,1.2603961290209922,0.040816752725872554,0.014800175931533812,0.9942001039341343,252.61264038085938
40950,28,421729,28,421729,1.4141317626586516,1.4134276887486008,0.04461850332376911,0.07840329022539942,0.08028611183495889,0.008843912495994333,9.078121461663356,-0.2654757803582959,0.07814152252738482,0.0064014354070335,1.273333469797825,1.2727769080094098,0.03764396027752215,0.01407825201829333,0.9456914341496196,240.286865234375
41000,28,421729,28,421729,67.77965716141708,67.5429102218822,5.660141665894875,0.09070464128740471,0.09218815749913094,0.009136517011901766,10.090076708557671,-0.21061935203526816,0.09028647452063593,0.008699682161511721,4.013540075139385,3.9999928855317797,0.32948573633014083,0.013451067608616177,0.9005189147496103,228.56326293945312
41050,28,421729,28,421729,9.950195090428892,9.947359335385986,0.23753860802930052,0.04436633203800276,0.046829755695991446,0.009248147339691577,5.0636904858777045,-0.3581056102632006,0.044270221071636154,0.0029187231411651644,0.9126724053002405,0.9123103301832102,0.02570565769492179,0.01288258347646703,0.8576318438126312,217.4213104248047
41100,28,421729,28,421729,16.113022398466402,16.071986286220472,1.1492378470190707,0.03882667373713618,0.043066990992051614,0.009511892299413056,4.527699603443693,-0.5342764946976178,0.03868197109789667,0.003348985737728189,1.0250165555802944,1.0231377867975948,0.06203231771109529,0.012368210928613213,0.8178672502143992,206.94139099121094
41150,28,421729,28,421729,10.766845182173867,10.76551136756537,0.16947026795699027,0.031015527788256125,0.03584302506191052,0.009768411796898326,3.669278671614911,-0.5971810938749382,0.030891683806527456,0.0027689051232602964,0.8729409953332787,0.871988421686655,0.04076976548708594,0.011953473557131496,0.7843117062193847,198.48321533203125
41200,28,421729,28,421729,16.17888056158291,16.171778246420907,0.47933764149389263,0.02830036204089373,0.03190893970095754,0.009835713587409894,3.244191630569871,-0.500261291473991,0.028201181792363854,0.002367242522367292,1.096013490608685,1.0953389612266893,0.038446477277784545,0.01173371436712336,0.7556180150659182,189.9573974609375
41250,28,421729,28,421729,86.63646919971644,86.40179496449913,6.372411027708952,0.058205751155862434,0.059603771449327846,0.010095552807308646,5.903963119897493,-0.22154367470486772,0.058011505106055274,0.004751288556623832,4.387412669790759,4.375177286287749,0.3274349532231443,0.01138436270480556,0.7248972807333803,181.7373046875
41300,28,421729,28,421729,8.253548945246017,8.244018916483764,0.3965126684350929,0.02354370912554171,0.029774401670612845,0.010263058254244862,2.901123713128879,-0.7159242225873307,0.023393384866116727,0.002656272556394884,0.5003010222489122,0.49947198271208676,0.02878977855009237,0.010909548204647691,0.6917516348214704,173.5126190185547
41350,28,421729,28,421729,33.4917139919823,33.483213451831084,0.754534995782737,0.039900744492525494,0.03909601861885606,0.010151751214708364,3.8511600404678745,-0.049745533545293326,0.03981350434411055,0.0026370974383389664,2.9328082502627364,2.9323462624079335,0.05205410792047418,0.011374868562553144,0.6974722791036748,169.43685913085938
41400,28,421729,28,421729,7.534764015943901,7.520173361322636,0.4686804792355597,0.022199555254065115,0.028478761680617467,0.01029695848946927,2.765745021672446,-0.7233669923714109,0.02204563054707923,0.002609679532045521,0.4421658972610945,0.44117763639111196,0.029546130864473382,0.010855863767455757,0.6644816693674848,161.41912841796875
41450,28,421729,28,421729,22.687877303517194,22.682303908904117,0.5028577567899264,0.027462032684032286,0.03026563669777883,0.010212639769475765,2.9635468772959985,-0.4305247271153188,0.02737229291425677,0.0022182920806300714,1.7217475013996395,1.7213379516543428,0.037551494914765234,0.011004210021998934,0.6545566217574196,159.8835906982422
41500,28,421729,28,421729,1.304450162895424,1.3038647174187348,0.03907718194114269,0.019756641287740077,0.026298637404640102,0.01041469144869471,2.5251480117479765,-0.7480301760708971,0.019599508513939372,0.0024867933135775326,0.24122434053631925,0.2404596891060056,0.019191674815535385,0.010475450674733107,0.6227839966271642,152.09739685058594
41550,28,421729,28,421729,154.59625916098776,154.50338462612788,5.357936696348749,0.16311428508776132,0.15939881859521862,0.010475016776258467,15.217046616717086,0.3259738872464076,0.16260391247693218,0.012893317916101066,11.585465500634049,11.5789983512649,0.3870504460487514,0.01139618631809754,0.666843433500802,152.37213134765625
41600,28,421729,28,421729,6.020736871268659,6.013972237561442,0.28532507582430483,0.022184649936044538,0.0275591843683601,0.010095149799470035,2.7299430831434393,-0.663629210331137,0.02206226527216765,0.00232704616313172,0.5299091428909445,0.5291120581585301,0.029053909042667636,0.011125843448887916,0.6443485283611255,147.46746826171875
41650,28,421729,28,421729,2.8842687580227175,2.87765171693999,0.19526101633003365,0.017962080309399373,0.02471635422418236,0.010322072102475316,2.3945147814124623,-0.773755163018103,0.017815357733744156,0.002291147716764434,0.2915666028537248,0.29068234760088907,0.022690453783422534,0.010583641362745347,0.6129233821970029,140.2756805419922
41700,28,421729,28,421729,4.4123350895174855,4.401218557472759,0.313011423984309,0.01564701025786322,0.02265033269854092,0.010526488802252676,2.151746239799707,-0.7948203548337438,0.015501162084014706,0.002131408936544504,0.24865653540753016,0.24787800213451344,0.01966134936057193,0.01006982159993779,0.5831369773685487,133.46627807617188
41750,28,421729,28,421729,18.540264802040813,18.520590479929076,0.8539011679076728,0.05254735834476075,0.0506422828302536,0.009422521697561916,5.374599757446812,0.11295590076269896,0.052405093575536486,0.0038640699206874615,2.3963192389636756,2.3947804537790742,0.08586310747428946,0.01204842768334208,0.6693957058003561,154.16177368164062
41800,28,421729,28,421729,3.0338751213722435,3.0271049246291146,0.20256857448184704,0.02769512961213479,0.0332078361665474,0.009602540898675923,3.458234285794749,-0.6710196633848521,0.027575531324017737,0.002571045785485302,0.4670417105483047,0.4661882486614269,0.02822190996155251,0.011474055502638211,0.6373762929236433,146.8005828857422
41850,28,421729,28,421729,22.323857328899486,22.28725335675932,1.2778669150892679,0.03762651244157977,0.0378746062768338,0.009669503700904043,3.916913157941368,-0.15322485732614002,0.03748086054605837,0.003307496219692811,3.085306505545054,3.0826622107111086,0.12771032774341057,0.01179788542040579,0.66395225675411,153.4159698486328
41900,28,421729,28,421729,2.270407303406308,2.269957937722099,0.045169506673610596,0.020110938456527873,0.02647254647320791,0.009851905887304993,2.6870482499553723,-0.7542145775616522,0.019972774457209474,0.002353322350145135,0.26845689403116574,0.26770306099549795,0.020104106209958048,0.011246239907765325,0.632846496030134,146.17437744140625
41950,28,421729,28,421729,0.3979260880120599,0.3974640350087651,0.01917061280013705,0.016637401094166938,0.0235405628955744,0.01008885407613144,2.3333237568840923,-0.7981984565264679,0.016495014394722025,0.0021720072021290163,0.20014144148479895,0.1993881558266683,0.017348196322772222,0.010697614056070275,0.6019706309051821,139.04226684570312
42000,28,421729,28,421729,0.41128219516972564,0.4107598998519514,0.02072073206339993,0.014572112857193998,0.021629310768075324,0.010288674870620759,2.1022445591936894,-0.8118594417557548,0.014431430520180283,0.0020199718473304647,0.17583039014442833,0.17516034056495758,0.015335618393464484,0.010175680926057657,0.5726003415061589,132.25848388671875
42050,28,421729,28,421729,1.8397589173824798,1.8361287478584458,0.11551664545047323,0.013060882056578139,0.020125214656350022,0.010454667544521687,1.9249980518888679,-0.8168577254424361,0.012923568568658974,0.0018889191478236118,0.1906619372175695,0.19000702254838966,0.015789416893987693,0.009679301753745735,0.5446684657834897,125.80743408203125
42100,28,421729,28,421729,0.996396979425303,0.9942619668874776,0.0651926514947218,0.011789081373511518,0.01880942755577992,0.010590395975012974,1.7760835005753293,-0.8207072902133542,0.011655673179815395,0.0017685367840699062,0.15151304715219086,0.1509632306377128,0.012895985916816942,0.009207239617426723,0.5181043873236424,119.6725845336914
42150,28,421729,28,421729,2.73221622597892,2.726250193279471,0.1804588295045205,0.010888211414182879,0.01775064866697371,0.010698526696072146,1.6591675817840112,-0.8188029864658233,0.010761917577618556,0.0016535651945076394,0.18673886261947537,0.1860843601928249,0.015620938001359152,0.008758470361188845,0.49285361591909393,113.84294128417969
42200,28,421729,28,421729,3.4305408504102295,3.421906520321463,0.24324122289364714,0.01066290747979842,0.016968122368539833,0.010781562259117557,1.5738092458901805,-0.793858949331152,0.010546099323879874,0.0015739710841059336,0.20390372377076574,0.2033422795063725,0.015121042713285857,0.008332023973732821,0.46886210383092075,108.30982971191406
42250,28,421729,28,421729,16.69583852096636,16.67557136030045,0.8224011951059281,0.14382674024633196,0.1406276745618748,0.009318621870104012,15.091037765255427,0.31407066163889624,0.14302602701083078,0.015155421715773928,3.970417314501031,3.9635110568302503,0.23408065634292435,0.011093007320993274,0.63589812868722,161.10476684570312
42300,28,421729,28,421729,2.484164094482499,2.4828320920401517,0.08133911145063408,0.046959764826063934,0.050135979506130295,0.009207222723867066,5.445288010266901,-0.4258651383939068,0.046756501771104964,0.004364522270293744,0.7405659522865695,0.7379919858256516,0.061690830300984614,0.010559374637609868,0.6051648409661772,153.322265625
42350,28,421729,28,421729,0.5468232043008777,0.5457397716698336,0.03440520861203238,0.03113066719179354,0.03569526116507676,0.00952359314422954,3.7480875783427337,-0.5820493900313778,0.03099897389693162,0.002860429538297161,0.413611674328455,0.41225502896412697,0.03347249967622225,0.01004431982403191,0.5756431281215253,145.8429718017578
42400,28,421729,28,421729,0.8286341724508302,0.8259499123103984,0.06664333505848416,0.019828633681648035,0.025383294016574277,0.009762078739576739,2.600193533951647,-0.6990392854895849,0.019705655608162547,0.0022049604834279537,0.2703575753073081,0.2696499411876357,0.01954808797686831,0.009554250812888502,0.547556567670358,138.72706604003906
42450,28,421729,28,421729,1.0073358051769479,1.0031495228050782,0.09174126273075531,0.014909212044842298,0.021043013604891764,0.009937323427091778,2.1175735860144123,-0.7634076168646913,0.014795429397246531,0.0018384430230942266,0.2117309431498588,0.21108106047811376,0.016576434917183778,0.009088180387779388,0.5208470978102279,131.96035766601562
42500,28,421729,28,421729,1.6512313654358568,1.644642816359506,0.14736020085571636,0.012462299045016096,0.018668868971706144,0.010071058262806097,1.8537147223795765,-0.7835639899081636,0.0123515725757058,0.0016575742500658723,0.18129304412473454,0.18073374649999668,0.014229572168125239,0.008644861932262278,0.4954397508050305,125.5228271484375
42550,28,421729,28,421729,0.8614486440524783,0.8581437119530897,0.07538657689022878,0.010940862475422477,0.01715947927714765,0.010171795697103182,1.6869665679614945,-0.7969701889707818,0.010834706125510801,0.0015203995790338803,0.1479748685216162,0.147462035069591,0.012308936880345577,0.008223190245991496,0.4712714738379323,119.39936065673828
42600,28,421729,28,421729,1.1286732638995567,1.1246582511721646,0.09511653227513649,0.00992436817101239,0.015916804163827195,0.010246331026237706,1.5534149856245274,-0.7966175483762246,0.009821420838436404,0.0014257546451374211,0.14915576856088927,0.1486369529361227,0.012429783459675211,0.007822143687073662,0.4482842661174635,113.57479858398438
42650,28,421729,28,421729,1.0275937873457772,1.0237051909606716,0.08931222644080149,0.009479314072391002,0.015287223990897448,0.010299293190747096,1.4842983598749784,-0.7936521712329279,0.0093844174272269,0.00133794799397814,0.1329784360746591,0.13244067826631514,0.01194701641501299,0.007440743123959864,0.42641994425171004,108.03609466552734
42700,28,421729,28,421729,2.821462934521751,2.80473748248998,0.306758447635696,0.011672611527166412,0.016500660869494314,0.010335009591763932,1.596579153892982,-0.7119802418496565,0.011589902365236483,0.0013870915717514756,0.18472101111259204,0.18369778516868068,0.019415861314388962,0.0070781700867369405,0.4056355120595297,102.77365112304688
42750,28,421729,28,421729,11.417110346991857,11.358945573142387,1.1509839884974373,0.029564465646753784,0.031238193089478096,0.01035746511704249,3.01600755942473,-0.3230491954702584,0.029448962797057776,0.0026107889910123557,0.7329704157423907,0.7295218197605033,0.07101791919577034,0.00673453828562328,0.38593709406139126,97.7935562133789
42800,28,421729,28,421729,2.948349872664668,2.944608220932937,0.14849039314356613,0.061191290105258735,0.062000599732773096,0.008848500130914552,7.0069049912942605,-0.16222415376543933,0.05989368705364464,0.012534761101274178,1.663346020300772,1.6615119148516726,0.07809058878215466,0.008800079675232275,0.4970906364253652,137.1658172607422
42850,28,421729,28,421729,1.0194088231232015,1.017757197194808,0.05800548439242138,0.05143166726802408,0.05379268937180087,0.009012469671586873,5.968695744007903,-0.3399940739391999,0.05112596952841844,0.005599253320574915,0.7859292792412226,0.7841618140704074,0.052679040637007325,0.008371149047813721,0.47284987210064233,130.47683715820312
42900,28,421729,28,421729,30.087160778277823,29.99743325041697,2.321904839720612,0.04664098094013052,0.04972866934364972,0.009289533592303497,5.353193338452491,-0.41546680423505644,0.04639800152356075,0.004754635388467981,1.8085436397697199,1.8032717572772425,0.13798937045204152,0.007969501363780844,0.45020538861714143,124.16743469238281
42950,28,421729,28,421729,3.5806107513295227,3.5738530933323864,0.21988046710679185,0.0290499179567945,0.03360691812104752,0.00943030242188988,3.5637158404419993,-0.5907702215622215,0.02895061478229024,0.0023999243787939007,0.41730629228704885,0.41633401682552795,0.028469773730833887,0.007935332260195296,0.4502273672244069,120.69786834716797
43000,28,421729,28,421729,1.0651248847524382,1.0625824003075406,0.07355040907813006,0.021010721834698917,0.02650648071791907,0.009671026472653223,2.740813583012257,-0.6917864823502301,0.0209116409727034,0.0020380637487199243,0.2329562909456002,0.2323143872785776,0.01728175206714298,0.0075486162387080535,0.4282764000318491,114.81095123291016
43050,28,421729,28,421729,2.153661156559797,2.146905583020706,0.17044880424633876,0.016721406629487016,0.022612799568610415,0.00986327507008266,2.2926258679735785,-0.7375873690912094,0.01662285646527832,0.001812755527755227,0.2112634014416002,0.21055937494088756,0.01723294557460989,0.007180760055764755,0.40741662592469197,109.22219848632812
43100,28,421729,28,421729,14.509992243740394,14.483302578222883,0.8796711550623503,0.047155794657108195,0.046449625482916146,0.00928483653807444,5.002740252070094,-0.02331091028852734,0.046975673673828516,0.004117651349170855,2.6124456486074665,2.6068843759726255,0.17037052925286736,0.008433484810166942,0.5198255271862864,148.81256103515625
43150,28,421729,28,421729,1.449825522886944,1.4483906372304503,0.0644872762455588,0.025274892862705622,0.029764889341677935,0.00941553748964075,3.1612522784202324,-0.5990684411849079,0.025163262494088418,0.002372852687136433,0.3610748524107989,0.3598545917097646,0.029660105678821165,0.008027027521835319,0.4946224581719614,141.57577514648438
43200,28,421729,28,421729,1.2563200159723864,1.2531528683236535,0.0891508336756152,0.017570916474155467,0.02311998755479249,0.00961065042182844,2.405663148696015,-0.7159406276189865,0.01746985585551207,0.0018818188354298654,0.269103905319022,0.2681456530242445,0.02268965892539254,0.0076354461154703275,0.4704913284305468,134.66793823242188
43250,28,421729,28,421729,2.132364299268945,2.126333584628597,0.16025913913795914,0.013965110807144106,0.019982754554989796,0.00976714679537674,2.0459152476799667,-0.7677317495422433,0.013863040030494158,0.0016853607829570708,0.21198287755617268,0.2112245960879938,0.017913971766728886,0.007263161088930659,0.4475477144007623,128.09796142578125
43300,28,421729,28,421729,3.035662648363264,3.0268321425893445,0.23137609050173355,0.01202594494189754,0.01811697821349029,0.00989079122407109,1.8317016104231618,-0.7852763465339847,0.011926921671463787,0.0015400945387600267,0.21505060962261152,0.21443610417170542,0.016245674092457665,0.006909498689816216,0.42574633748096286,121.84957122802734
43350,28,421729,28,421729,5.342598103862325,5.326621728700816,0.41286251794711065,0.010870487709485567,0.016913248190780487,0.009987151003806677,1.6935007976082346,-0.7922132054831191,0.010776422647491747,0.0014269610943202923,0.3114531741274257,0.3103755301257584,0.025886482441671535,0.006574014719087622,0.4050529839060782,115.90747833251953
43400,28,421729,28,421729,9.476714150138099,9.4479429278013,0.7378926185001937,0.010857171637045124,0.016546137239557463,0.010062837614485851,1.6442814515598112,-0.7722387254917742,0.010767936101780244,0.0013891465236737165,0.5533283161956504,0.5515237334760427,0.04465195311025913,0.006256960606421622,0.38546808781820885,110.25788879394531
43450,28,421729,28,421729,5.654198432715746,5.65087138061373,0.19393956864414033,0.06554901673815795,0.06565537270246781,0.008569191840120335,7.661792842012723,-0.07766025933889908,0.06489833582303786,0.00921301268530063,1.5848135037569022,1.5831488782407566,0.07261866850378532,0.00904887387734514,0.5497244230845955,115.94084930419922
43500,28,421729,28,421729,1.1119702670507654,1.1093626400465746,0.07610786867233013,0.04835848879287915,0.05122775110927922,0.008750451048788228,5.8542983468690215,-0.4041233294447498,0.04813314586470851,0.0046630148506853555,0.7029422759030726,0.699834037054402,0.06603153664673732,0.008608199681275656,0.5229322153226623,110.28792572021484
43550,28,421729,28,421729,0.4668496510540358,0.46552742805197367,0.03511140015136798,0.036731733416224946,0.04040017802654233,0.0090436580131717,4.4672385850616205,-0.4991467464091049,0.03659300111738949,0.0031894370950605352,0.43801390711619137,0.43639431454028166,0.03763223437572183,0.00818822894691341,0.49741737944613845,104.90665435791016
43600,28,421729,28,421729,0.423233548602042,0.42258815171008884,0.023364303895643194,0.026811665222614356,0.03140091128425535,0.009306478182606446,3.3740917528762706,-0.6052768002790322,0.02670709182660071,0.0023657214914409573,0.29320813372430443,0.2922113882295993,0.024156040052542065,0.007788710822812382,0.4731466114856421,99.78787231445312
43650,28,421729,28,421729,16.528028468200358,16.474008519054752,1.3352034900167788,0.024415218501736346,0.02883809005422971,0.009528634820501009,3.02646607803503,-0.5937811432086273,0.02431147767329572,0.002248321113269313,1.0516913983345861,1.0483478043571546,0.08379545590597316,0.0074112971718148565,0.45025354246689675,94.92589569091797
43700,28,421729,28,421729,5.386910643686548,5.384725971766913,0.15340303791741317,0.0368025814128982,0.03931899999201918,0.008797659271827336,4.469256966785479,-0.38875510200302105,0.036694740520527895,0.0028153182385173892,1.0282370143646948,1.0268070501910158,0.054209218659255314,0.008494462337847794,0.5242173472267031,125.07242584228516
43750,28,421729,28,421729,0.5889709759200097,0.5884277408781056,0.025290398202830314,0.026119680596114202,0.030907991003920318,0.00905866958032211,3.411979069317294,-0.634186359171095,0.026016521574987052,0.0023191204326765335,0.3255620968800005,0.3247058552650871,0.023596323473607052,0.008080743246604946,0.4986561002475519,118.9726333618164
43800,28,421729,28,421729,7.7999308585357605,7.7782932336561075,0.580582267381661,0.019518989775625675,0.024787764405826595,0.009290506372409123,2.6680746357853122,-0.6942433122664395,0.019411456984522655,0.002046044867300393,0.46175887924414966,0.46062856844115396,0.032289077048845885,0.00768693252631336,0.47435485903495306,113.170166015625
43850,28,421729,28,421729,23.53254264738249,23.49505585586444,1.3277476344117263,0.04093449427885758,0.040655968397744796,0.00917366192937182,4.431814548078596,-0.08235513300549972,0.04078415802796597,0.0035050357795210463,2.5286286918968695,2.5231567988377486,0.16626133032945087,0.008293066824071426,0.515165964644586,110.36992645263672
43900,28,421729,28,421729,2.0646657695406665,2.062179892006965,0.10128589692101585,0.01665696926096362,0.022391333522188923,0.00929351782083712,2.409349608388873,-0.7455435573297735,0.016550674444739084,0.001878776299868535,0.2408145680160717,0.24023688950808353,0.01667012562184516,0.007899397163679793,0.49051269891710175,105.01657104492188
43950,28,421729,28,421729,0.20441405783280725,0.20382900026804773,0.01545463326651474,0.013284345948033467,0.019366520148781666,0.009458901931359962,2.0474385176332226,-0.7862474692905432,0.013179326736815008,0.0016670914885831244,0.1652222356810872,0.16467246093977422,0.013467285231079767,0.0075140165588050735,0.46658172815147253,99.89266204833984
44000,28,421729,28,421729,0.7393212775620316,0.7372598571940502,0.055171137618894826,0.011121570298141203,0.017239575953149962,0.00958404600827502,1.7987785052643772,-0.8030496872630313,0.01101971057407372,0.0015017672123682968,0.15621005959717482,0.15563280013562927,0.013416938596273981,0.007147391488816342,0.44381607310186877,95.01854705810547
44050,28,421729,28,421729,0.4215704173422972,0.4207676729724754,0.026003502831091943,0.009729623809512967,0.015704670053485685,0.00967483738021842,1.6232489949232756,-0.8081260762452538,0.009633345979645432,0.0013653661454316199,0.12680169465890473,0.12634955396853276,0.010698597119386116,0.006798681949034921,0.42216315309172553,90.38261413574219
44100,28,421729,28,421729,0.367470994952817,0.3672274398421012,0.01337682916946904,0.00869929354747698,0.014512219740003041,0.009738173564998632,1.4902404073145188,-0.8128883020577393,0.008604863147688229,0.001278295128181154,0.11784565742756316,0.1173771408518958,0.010497894073040878,0.006466995029812811,0.40156748512819357,85.9731216430664
44150,28,421729,28,421729,0.8498375346475587,0.8473664278122969,0.06476088566772384,0.00798396632547117,0.013640637875786869,0.00978066532107687,1.394653372546338,-0.8169452154743825,0.007894343450559555,0.0011929206892602108,0.12342467959266722,0.12292380581959599,0.011108082434823098,0.006151512559856823,0.38197817595339667,81.779052734375
44200,28,421729,28,421729,1.0774842132389888,1.0736161801575326,0.09121692542061943,0.0074802573438186295,0.012935371983853486,0.009807072401489012,1.318984040730596,-0.8180329798198335,0.007394810435589624,0.0011273990205101902,0.11671289103872437,0.11613497467285652,0.011600284149628428,0.005851434382112371,0.36334551421114747,77.78984832763672
44250,28,421729,28,421729,1.2848373991225805,1.2807253567221746,0.10271174632405015,0.007422719026118526,0.012501695813138694,0.009819904031580982,1.273097555020194,-0.8048931952566455,0.0073431191987808914,0.0010841393698217197,0.1041046030736539,0.10367111486204486,0.009490433308534087,0.005566078614219098,0.34562798400006023,73.99652099609375
44300,28,421729,28,421729,1.1505015242205676,1.1465452121470456,0.0953301302660147,0.006728996873043944,0.0118116146652917,0.009821709771680837,1.20260269748027,-0.8219136799875336,0.0066527651770599446,0.0010100071367736682,0.10416426086446913,0.10371639181179403,0.009649005699221056,0.00529474665534871,0.3287823870418154,70.38986206054688
44350,28,421729,28,421729,4.88278464752996,4.864118008295656,0.4265464986706411,0.00745465251087134,0.011973728824973768,0.009815085878114832,1.2199311318989237,-0.7833954709355644,0.007388064005362509,0.0009941601030554758,0.24965417762751319,0.24876786263144265,0.021018061962359363,0.0050374806237702555,0.3128190968551599,66.97211456298828
44400,28,421729,28,421729,2.6916108688089855,2.686087401832096,0.17234714621820546,0.10543036126315207,0.10555923247499521,0.008492364829710202,12.429898454868592,-0.05539127698855638,0.10412225118907055,0.01655650577262158,1.947565412645169,1.9443818478003203,0.11131157386525409,0.006734866303429719,0.4338385574937156,90.12640380859375
44450,28,421729,28,421729,1.7479429867734724,1.7460765904657591,0.08075410353682703,0.06771561811357824,0.06956166949855463,0.008624957895629736,8.06516047270231,-0.27319095457912573,0.06751074829076062,0.00526344010372748,1.1117061936569248,1.1101956290847248,0.057933808577894465,0.006406735591418369,0.41267577727891586,85.72914123535156
44500,28,421729,28,421729,0.6990232179043567,0.6980134971412955,0.03755818123845479,0.047697516995082255,0.05096670714341024,0.008951612078181414,5.693578620060634,-0.4413122427769718,0.047590459712796414,0.003193942989607322,0.5884471473239627,0.5876976822546236,0.029689719874951663,0.006094270631724132,0.3925416652882851,81.54619598388672
44550,28,421729,28,421729,46.372856215532515,46.188735863286794,4.128253012834459,0.05962729125456037,0.06227353593299816,0.009290267036804124,6.703094290648122,-0.3533809651717344,0.059422673929116564,0.004935553208107876,3.090318050525837,3.078096843538369,0.274564154989216,0.0058087832409523844,0.3739730169613964,77.62728118896484
44600,28,421729,28,421729,3.8633097555614526,3.8609012838668146,0.13639480800924142,0.03312401644014782,0.03709535634754223,0.009256560429131082,4.007466556454425,-0.530831416953444,0.03304366622933207,0.002305772593228249,0.6010159994114785,0.6005897764344342,0.0226307753074144,0.006044231877051244,0.3778745235107809,76.49285888671875
44650,28,421729,28,421729,0.3833882703198402,0.3830176455728648,0.016853753251373726,0.026728467656838548,0.03159735890671327,0.009530240142524024,3.315484020777771,-0.6223343127351848,0.026647349776840242,0.002080801084533678,0.25266058147461906,0.2520555895590516,0.017474243993132826,0.005749676720829492,0.35944406375399685,72.76232147216797
44700,28,421729,28,421729,0.20811218381922592,0.20763424679957165,0.014096120387604435,0.02250411620585766,0.027213916874594977,0.009748994235187804,2.7914589154612144,-0.6204195097001718,0.02243360767227271,0.001780026127137514,0.19447650022890614,0.1939584529270375,0.014185474240711933,0.005469135181757671,0.34190543041082366,69.21198272705078
44750,28,421729,28,421729,0.171987860427185,0.1715626797414419,0.012085985861994119,0.01854593748343187,0.02302323477551296,0.009893513101349548,2.327104087260209,-0.6234048257529106,0.018491021302934584,0.0014261585864771451,0.15933574314408747,0.1588781274283437,0.012067297466358798,0.005202279195466413,0.32522258802560094,65.83488464355469
44800,28,421729,28,421729,0.12321162964694082,0.12285517544095613,0.009365444336858405,0.015199120699189174,0.019241195051446575,0.009974451280985664,1.9290479756140713,-0.6218725102087772,0.015152771826444861,0.0011860758846800846,0.12496860806740855,0.12458040217440447,0.009842580777885598,0.0049484425150440065,0.30935375916674607,62.62255859375
44850,28,421729,28,421729,0.10298051368873343,0.10262067112496469,0.008601398575653353,0.011568856938425664,0.015274328969282226,0.009998337231904113,1.527686915834638,-0.6529471411546129,0.011528881945056347,0.0009609016384174706,0.0957498697200338,0.09542074619929942,0.007932133771711576,0.0047069904439505685,0.2942592224792899,59.56696701049805
44900,28,421729,28,421729,0.08106256871388953,0.08076747745105352,0.0069104726819245454,0.009388584085530097,0.012690401224382487,0.009980242120436645,1.2715524404359109,-0.6810167459223122,0.0093527223608892,0.0008198143516627223,0.0784436901437186,0.07813244916836629,0.0069808960969486005,0.004477319326241938,0.2799012106680336,56.66047286987305
44950,28,421729,28,421729,0.0699628837223769,0.06968635991257154,0.006214204767013429,0.00823311321207195,0.011173504816240576,0.009936770352716735,1.1244604051039295,-0.7016324170778463,0.008201032328012522,0.0007261004873206122,0.06877045414773077,0.068450340522391,0.006627687836180346,0.004258854440635236,0.2662437714408237,53.89579391479492
45000,28,421729,28,421729,0.06552224362732988,0.06516178789101879,0.006863367162337303,0.007639958976903561,0.01028110481035855,0.009878414001688166,1.0407647228190242,-0.7134391758867662,0.007610470917071836,0.0006706009164719867,0.06273111765699574,0.062389677331365946,0.006536152154278872,0.004051049259867636,0.2532527347674146,51.26601028442383
45050,28,421729,28,421729,0.07576873308052483,0.07541610609587267,0.007301496693411106,0.007329295198241727,0.009741152296183922,0.009811264844511744,0.9928538726210168,-0.7189915653763665,0.007302054309100141,0.0006313247737268859,0.05862804328542169,0.058241936695710705,0.006717460041571307,0.0038533836394666465,0.24089558292489607,48.76455307006836
45100,28,421729,28,421729,0.060096895392522345,0.059761103274181125,0.0063440815940868514,0.00698675204186865,0.009281496704886478,0.009739064347695892,0.9530172892925112,-0.7311446373655964,0.006961178908851803,0.0005972372171194301,0.05552455365788971,0.05513639141866257,0.006553960652605885,0.0036653628253563416,0.22914138207031284,46.38515090942383
45150,28,421729,28,421729,0.0639892258282297,0.06356216243607798,0.007380550693940045,0.006722583215182611,0.008988988505974082,0.009664715067219052,0.9300831367975957,-0.7425266346056877,0.006697636964166828,0.0005786053761253311,0.052137396676014774,0.0517369903830792,0.0064491827585584196,0.0034865162187698888,0.21796072005271638,44.12185287475586
45200,28,421729,28,421729,0.05801710070758138,0.057710159710191,0.005959986639069424,0.006564223900792356,0.008827962809216543,0.009590058472158014,0.9205327407383388,-0.7489493005723865,0.006539913027856003,0.0005644227208510853,0.04835551309216673,0.047964634957483133,0.00613591393372626,0.0033163962874029527,0.20732560864018326,41.96898651123047
45250,28,421729,28,421729,0.054647435123875876,0.05431504127615114,0.006018177198140688,0.006443705673888839,0.008733188005512912,0.009516206784948921,0.9177173429360056,-0.7538816733119543,0.006419449798811511,0.0005585759502932992,0.04695412225308142,0.046549792299431084,0.006148693636630632,0.0031545770679393148,0.1972094191603707,39.92116165161133
45300,28,421729,28,421729,0.059526765142811786,0.05914964674149586,0.006689922176208109,0.006335483690724547,0.008672648558234753,0.00944369441251224,0.9183533667442791,-0.7585900355387835,0.00631153747825382,0.0005503165053259262,0.0456320673865671,0.04522658996510974,0.0060696897861453,0.003000653661504325,0.18758684984889523,37.973270416259766
45350,28,421729,28,421729,0.058832175799729186,0.05833887888196145,0.00760263902379126,0.006300302076275853,0.008693555120547628,0.009373287995267064,0.9274819172244937,-0.7592764785726975,0.006276349312077709,0.0005488584199112626,0.044540065401752676,0.04412103255121367,0.00609523687867425,0.0028542406104058644,0.17843377950825515,36.12041091918945
45400,28,421729,28,421729,0.04483801878000163,0.04443453165403543,0.006001693494531536,0.006232926174810606,0.008686434391989892,0.009305004366810312,0.9335228710878659,-0.7620436711865443,0.006208977581767673,0.0005458627022847685,0.042561642900497305,0.04212118346898844,0.006107319343318127,0.0027149716052233363,0.16972732115905506,34.35795593261719
45450,28,421729,28,421729,0.04410224926532951,0.043721775649809246,0.005780547057935302,0.006187328335091503,0.008701017817133562,0.009239039124702168,0.9417665300139153,-0.7636894090864311,0.006163331151670634,0.0005444088914341199,0.040928288944284,0.040500065712544074,0.0059050413365539945,0.0025824980218583063,0.1614456810326927,32.681488037109375
45500,28,421729,28,421729,0.04300372560793911,0.042605068195641686,0.0058419671522218315,0.006120410964921665,0.008678464002964665,0.00917502806859926,0.9458787415229778,-0.7663247471103889,0.006096586194196272,0.0005395064005818244,0.039369430288398566,0.03893179624537256,0.0058538262992567135,0.002456488421358665,0.15356815051586792,31.086837768554688
45550,28,421729,28,421729,0.049686576385639926,0.04916423171569257,0.007185693615213463,0.006005419148254443,0.00862073341673661,0.009112775995523143,0.946005193255243,-0.7719991425093758,0.005981931884172387,0.0005306129279832096,0.03798134310718563,0.03754197787985821,0.0057604098026090645,0.002336627227711831,0.14607498365840238,29.56999397277832
45600,28,421729,28,421729,0.2615949046007994,0.25847836267173585,0.040259534816487315,0.00622833926087946,0.00886034648168187,0.009052085080560122,0.9788182946611911,-0.7583963929013461,0.0062038502655487,0.000551771539012131,0.04086949473047476,0.04033173831104308,0.006608062070973983,0.00222261497236245,0.13894743997775236,28.127159118652344
45650,28,421729,28,421729,5.333657294655858,5.313859834896873,0.45912285055898683,0.2986919317177312,0.3003160209050569,0.009045512430415733,33.200553668495075,-0.19412090165162071,0.296084972251368,0.03937714159479381,8.659426291727012,8.502294061063203,1.6421508460133545,0.0027153676846551566,0.15583173738600856,32.44097137451172
45700,28,421729,28,421729,1.7707260257400794,1.7692221552203797,0.07296316680771148,0.06553379039883468,0.06600800973002571,0.00927043172494075,7.120273541569887,-0.12119223337682333,0.06510485972507858,0.0074856478821967755,1.2079562445832326,1.207282853850011,0.040328645246272575,0.0025835249938624153,0.14823154012749204,30.858869552612305
45750,28,421729,28,421729,51.45939053480623,51.30435915956606,3.9914415240557406,0.12106776099820202,0.12216301152689962,0.009386671864774526,13.014518168611199,-0.1545770351333231,0.1206038359619222,0.010588555349410353,3.4570782019442383,3.447129638478425,0.26208195260568157,0.0024663692844073336,0.1413143587022248,29.40024757385254
45800,28,421729,28,421729,27.7346113763646,27.698490856747792,1.4150167690283544,0.0703770140887779,0.07142353839274586,0.009576524978021635,7.458189537088314,-0.17551996452310517,0.07019599274427295,0.005044473678990114,2.030497830658194,2.0286048796541984,0.0876566172676393,0.0023982331669571105,0.13583436160750448,28.236957550048828
45850,28,421729,28,421729,15.660758129423874,15.6223849389604,1.0956431934070747,0.043364065856404475,0.04631739172522428,0.0096491559701609,4.800149553852837,-0.4004763565016297,0.04322975835517749,0.0034103079262064484,1.0921368463158445,1.090037559126154,0.06768316463504931,0.0024178367803250962,0.1345606292719565,27.182865142822266
45900,28,421729,28,421729,9.158449498572118,9.146451117227016,0.4686461117650843,0.03642651278116325,0.03995759876962066,0.009759288074829148,4.0943149196177595,-0.46795146460077286,0.03631526196366026,0.002844746369534635,0.5828380599578323,0.5823422834649224,0.024034746186920124,0.002452005337885645,0.1328650791628648,26.774131774902344
45950,28,421729,28,421729,21.858818587708697,21.828433091943726,1.1521539831529326,0.03710473562633918,0.03925344984877987,0.009902494642734764,3.9639960701800767,-0.3371836209067387,0.03699234553605902,0.0028857889114310593,1.5309831800243714,1.5295363180359527,0.06654434105585422,0.0024872982879156984,0.13294650979374686,26.669963836669922
46000,28,421729,28,421729,21.216881541763623,21.2131501905909,0.3978961531145071,0.05016640049770321,0.05223071179093965,0.01006579238401056,5.18893195869088,-0.2973880714086181,0.050082746921861286,0.002895893585191264,1.389935141621115,1.389513083800727,0.03425037021554525,0.002459729255551387,0.12950895397342035,25.75787925720215
46050,28,421729,28,421729,24.316642248442417,24.28716711623633,1.1969142436881341,0.035129371326740856,0.03811104459734014,0.010111713282280664,3.768999726695605,-0.4159994767583076,0.034989757663271476,0.003128831807173003,1.4672745341575737,1.4651831378534657,0.07831303299705715,0.0025677174412833824,0.1317532050841727,25.998737335205078
46100,28,421729,28,421729,49.22652619618192,49.16223309139071,2.5150981712754112,0.05248778101452012,0.052967253183678335,0.010193915791310756,5.195967307168396,-0.14305071789872895,0.05232747998831999,0.004099023530084909,2.8346299066372387,2.8310976990624215,0.14146563528186065,0.00271785844380788,0.1352407650389052,26.148099899291992
46150,28,421729,28,421729,125.30571117847349,125.10639537241426,7.064778189312409,0.11034208596099439,0.10870386526760804,0.010289218580370933,10.564831956722724,0.11309012314064311,0.11001374474763906,0.00850599205412217,6.9104639506430185,6.899319345944168,0.3923067369001783,0.0028963698531967673,0.14249477434006771,28.382972717285156
46200,28,421729,28,421729,13.65641927794565,13.631533531279752,0.8240637600582668,0.02497745835485467,0.029594284664376528,0.010249737745239367,2.8873211588386254,-0.5884697840874417,0.02481803510406,0.0028175449316994307,0.8282630940442041,0.8265085852360694,0.05388238568167665,0.0029330389229436497,0.1414259049809512,27.381765365600586
46250,28,421729,28,421729,114.90660629286289,114.67388098757827,7.3095272753946245,0.08873410472390719,0.08886060206492383,0.010348690829080276,8.586651541972984,-0.07044472732036472,0.08836354396604715,0.008100952963311044,6.993973247833782,6.979843166656708,0.4443547685017972,0.0030580011338260634,0.1462734545656703,26.948612213134766
46300,28,421729,28,421729,17.457543710159378,17.428612333724313,1.0046414847486735,0.024676249292104584,0.028976617486777417,0.010284651237460326,2.8174623346715304,-0.564571925719767,0.024500597020492496,0.0029390516779271058,1.0912957914619017,1.0893085235910458,0.06582890622176661,0.003264947125744822,0.15408102392332168,27.01905632019043
46350,28,421729,28,421729,10.94581892803425,10.93907600153174,0.3841461154627936,0.02028787126001344,0.025406095934819756,0.010370987796585707,2.4497276858414434,-0.6479072425024768,0.020122535184974297,0.002584820688626352,0.6580276573203395,0.6574157842893951,0.028370484057445088,0.0032781882091374574,0.15499052246997108,28.07965660095215
46400,28,421729,28,421729,23.127639603899443,23.098241965625125,1.1657322785666728,0.025832734097307,0.027208672861666137,0.0101434692833969,2.682383324825759,-0.31861930149787193,0.025744287893754804,0.0021358351494526395,1.9671444101460591,1.9638585051367232,0.11365255021793917,0.0038618540533081392,0.17843576775970255,31.42184066772461
46450,28,421729,28,421729,26.860994374931423,26.813220406017596,1.601321413214434,0.02599045325144801,0.028991351914722747,0.010200008430573006,2.842287054177866,-0.45489355644960106,0.02581027903935315,0.003055021460879067,1.9240344765512885,1.920880166522618,0.11012743898788076,0.0038592910877738905,0.17778778664995556,31.032854080200195
46500,28,421729,28,421729,71.4075437754424,71.2639004507122,4.527007907294355,0.04694372908861773,0.04775894289659175,0.010311684740703235,4.631536368453279,-0.18633809575310573,0.046740666492516,0.004361627744423697,3.1735121086799443,3.1676844200458194,0.1922355818708137,0.0038055422201758314,0.17630762269951622,30.653810501098633
46550,28,421729,28,421729,71.53591269456683,71.4764768348501,2.91548697850377,0.05259303745064539,0.0547559927220151,0.010408539154656221,5.26067990026441,-0.2987462506251623,0.05243008098533067,0.004136930765272259,4.639936221591092,4.636100793539553,0.18862018072022982,0.003676374018464149,0.17028187649426876,29.946828842163086
46600,28,421729,28,421729,14.24120041068813,14.232692023681583,0.4922061523533046,0.025092273374585,0.02785031931187658,0.009861946996144904,2.8240183528428453,-0.4428703532190088,0.024986363308930917,0.002303004928135886,1.1993409408788682,1.1986160827327963,0.04169147014073829,0.0047838205540771716,0.2193727106632721,36.23606491088867
46650,28,421729,28,421729,21.195441615895366,21.154368698981184,1.3188746113237113,0.023780756653826063,0.027825601875551838,0.009965817038413021,2.7921044273940283,-0.5554486945847541,0.023620085787676083,0.002759698246423807,1.3101971300395554,1.307666260430627,0.08139699561573334,0.0047344276910854235,0.2199620084117,37.13920974731445
46700,28,421729,28,421729,36.35998987199778,36.28744393383365,2.295708222022335,0.02847567070177192,0.03212266926583693,0.010115690713791467,3.175529004859918,-0.49751690328067444,0.028298487034296008,0.0031716641508098458,2.0579603151251886,2.0537136887351877,0.13213910599014933,0.00452995793582549,0.21083732458058668,35.64881896972656
46750,28,421729,28,421729,4.8246614104968035,4.817732963563502,0.2584701486257873,0.016387225765007157,0.021887401917936786,0.010206818460681931,2.1443902428802932,-0.7043314637582162,0.01619285642004626,0.0025164596625181575,0.3293901223814524,0.32866358539776963,0.02186550607580769,0.004483769903143869,0.21052700216715084,36.355220794677734
46800,28,421729,28,421729,69.89829282827496,69.7561547857458,4.455357428349229,0.07794348833512875,0.0747296972988526,0.009720949835240834,7.687489243894569,0.27267280536033967,0.0776811606629777,0.006389417180072004,4.866085913695329,4.860419617923158,0.23476212891308998,0.005816374023293217,0.2741000264867915,46.90694046020508
46850,28,421729,28,421729,4.540717112536527,4.532539124857628,0.27239856408745466,0.022469795154860438,0.026946514839463618,0.009639786338341066,2.795343578548745,-0.6046929594907132,0.022319252931104712,0.0025966599505448332,0.3808453877462849,0.38000437801159676,0.025295890172863964,0.005607903257569304,0.26416524214759235,44.8994140625
46900,28,421729,28,421729,1.1214663729432497,1.118718730332498,0.07845526142797632,0.018428592336676992,0.023894783101282693,0.00981297390107224,2.4350195304882822,-0.6986601450296808,0.018254644878108017,0.0025260554003415487,0.22191430422952427,0.22101689917528866,0.019937118663792566,0.005335099524404332,0.25131648823234093,42.720062255859375
46950,28,421729,28,421729,144.339955589826,144.1034620161536,8.259238138709254,0.0915352026416995,0.0922415384140149,0.009971452732108182,9.250561667608991,-0.12461535503286159,0.09124903750342563,0.007232321712660146,7.888504888721653,7.876426345862117,0.4363684195660215,0.005227737371298864,0.24671134225974928,43.470401763916016
47000,28,421729,28,421729,9.274158081893864,9.25762841084034,0.5534657484967334,0.01697760807353844,0.022420339531124003,0.010007134266023836,2.2404355667781344,-0.7010396034952179,0.016801623310339596,0.0024381611997837103,0.6158037118147984,0.6144940517671018,0.04014065056440439,0.00520585832501819,0.24573319825532047,43.2432975769043
47050,28,421729,28,421729,103.16337602385478,103.09094364814588,3.8651636930492055,0.09182141792886572,0.09049605816102374,0.01011309755668626,8.94840158060103,0.07613756348869927,0.09152084054562402,0.0074235123957522115,7.69441734294611,7.685650569234938,0.3671969159028225,0.005299845193316613,0.24976878612925993,45.638362884521484
47100,28,421729,28,421729,7.585208254602274,7.578883342270344,0.3096958991391289,0.016948434410087906,0.022347232665577057,0.009990086057153718,2.2369409570375636,-0.6986564656643641,0.016786163989623598,0.0023396853349362534,0.4347015455261995,0.43438676393834014,0.016540042262437653,0.00555440019994317,0.2593397563734665,47.565460205078125
47150,28,421729,28,421729,113.52994202602225,113.3496363717766,6.395910476077171,0.06618392994449414,0.06547246729940417,0.010087406453403117,6.490515436434723,-0.006122486410562,0.06600300352229929,0.004890409894176035,5.073966297253636,5.066383261651243,0.27729881306253484,0.005704899754045282,0.26892706287877755,48.74109649658203
47200,28,421729,28,421729,7.1423404330003,7.138911079587624,0.22130399592415842,0.014922768834075239,0.020920123311123532,0.010120477668162577,2.0671082924213087,-0.7495374509939597,0.014737897475602406,0.002341667712097396,0.3765251939921592,0.376072415603522,0.01845968398876205,0.005538066568548141,0.26040069434180424,47.01491928100586
47250,28,421729,28,421729,27.776155550259595,27.76985213533435,0.5917174442949871,0.029827452027160327,0.03051953592812811,0.009708319056466243,3.1436478087110786,-0.229530325848735,0.029735950173910952,0.002334558135330123,1.894815230064192,1.8938866277294524,0.05931439446525785,0.006496011759013846,0.30549955492593506,56.672481536865234
47300,28,421729,28,421729,13.506625877143849,13.491197858176532,0.6453858819843761,0.019000183908031022,0.024574402430512007,0.009837919751304481,2.497926701145688,-0.7025097775260403,0.018822685500280885,0.0025910420869829053,0.8161952504166968,0.8150538465477936,0.04314990185875794,0.006199872910605039,0.29126008930632274,53.94269943237305
47350,28,421729,28,421729,12.264317570851153,12.247929166469653,0.6338111799505264,0.01693938488331954,0.022591909538851918,0.009970959283645777,2.2657709149316094,-0.716654823188949,0.01676351739092176,0.002434593376623355,0.6705166240999453,0.6692818626521199,0.040673474394208126,0.006035430141724576,0.281277597293435,52.297874450683594
47400,28,421729,28,421729,19.94509535667312,19.918911018367524,1.0216714878768027,0.020677179658359735,0.02465087434340622,0.009813678178841042,2.51188941538303,-0.5713314023013983,0.0205498946784398,0.002290761299026445,1.1409877612768722,1.1405043104812276,0.033211280573746116,0.006700761920457768,0.3151923951187629,53.34501266479492
47450,28,421729,28,421729,92.3958123352723,92.19586523956761,6.075242367374729,0.048033948067979546,0.0501062004041224,0.009969760958310262,5.02581763130003,-0.3030419381375697,0.04779483708319681,0.004786827256965781,5.778680525734159,5.765963780557803,0.38315832210040407,0.006428555965832455,0.3022134307580773,51.24666213989258
47500,28,421729,28,421729,10.23250227232377,10.220493602167037,0.49559386716728965,0.018647981132258542,0.023931720844224156,0.009789314198104694,2.4446779784489467,-0.6846879742733698,0.01850215127111764,0.002327573554101003,0.5510039018125817,0.5503558880296947,0.026715095428154565,0.0072134606684220726,0.3430808937363473,60.01033020019531
47550,28,421729,28,421729,14.398633215529014,14.366719525034426,0.958127634676088,0.017259930838619823,0.023211959167469008,0.009970297154723542,2.328111069033893,-0.7352038832204841,0.017064647686213165,0.002589017554857317,0.7592307768670231,0.7575224178074399,0.050903428777186545,0.006870257880055303,0.3268207186320594,57.148197174072266
47600,28,421729,28,421729,17.82400108564613,17.80187544430306,0.8878318346592293,0.025355472279665583,0.02756255529947966,0.00964613318365435,2.857368312743722,-0.3946303163174866,0.02525435038037975,0.002262246978095629,1.4687851914564214,1.46846482251637,0.03067578317897069,0.007990854268387273,0.38955471577832484,65.375244140625
47650,28,421729,28,421729,13.751941635510933,13.724280101389624,0.8717995441039474,0.01932979020483083,0.024916006452497055,0.009810071013379457,2.539839560642872,-0.7024652919296662,0.01915174986776375,0.0026174923811512845,0.7878543935601513,0.7862797193938992,0.04978702965517361,0.0076148564206468435,0.371131211850867,62.26007843017578
47700,28,421729,28,421729,20.327471499054152,20.29483875970459,1.1513545337780426,0.021811339413704466,0.02530648865925675,0.009541025333711501,2.652386695782141,-0.529540619490309,0.021700766636082634,0.002193457185837171,1.5390160492976093,1.5371395924334283,0.07597547873633416,0.008509956717482808,0.4107626538822065,69.38365173339844
47750,28,421729,28,421729,2.368809317721523,2.366812837638175,0.09723464051169056,0.01760443346520674,0.02388491740971142,0.009742735806329138,2.4515616439270733,-0.7638318007799465,0.01739458274380713,0.0027100864930363817,0.25171789251173443,0.25107742547700934,0.017945022328932837,0.008110379946635694,0.39152620584758957,66.12559509277344
47800,28,421729,28,421729,14.238029221216213,14.199881347765851,1.0415593183195044,0.016802757647934274,0.02292811787334481,0.009940251708877352,2.3065932880621496,-0.7506748994388363,0.016605736354235526,0.0025655768764226137,0.7503255678010846,0.7483581471818648,0.05430047184460223,0.00772293570740595,0.37293345252826854,62.97042465209961
47850,28,421729,28,421729,19.062168958231194,19.054342886660987,0.5461708063460284,0.02077271205113752,0.024408392535368386,0.00967885357193446,2.5218268211169987,-0.5459247513413794,0.020649332596340685,0.0022606700964926535,1.4141049754045332,1.4128232597525394,0.06019400440296294,0.00877954742899143,0.42975261194557995,69.3952865600586
47900,28,421729,28,421729,3.3469626163872896,3.341036901481781,0.19907581076331926,0.01588964648772419,0.022357497191771946,0.009862102779816332,2.2670111730663107,-0.781520390065368,0.015678501021849922,0.00258175738842688,0.23153567601792754,0.2308747281846064,0.017482252565467923,0.008360029548550744,0.40911921133490503,66.0576400756836
47950,28,421729,28,421729,86.06103340896217,85.84958654432984,6.029092932284724,0.050378029787431604,0.05222910851606272,0.010037264325028297,5.203520284489018,-0.277241364499083,0.05009395519815255,0.005342428087380414,5.727932713988074,5.713966265134991,0.39975329501338436,0.007988527206622744,0.3909086269774786,63.31024169921875
48000,28,421729,28,421729,14.784802269425548,14.773040710083958,0.5896154036428107,0.02544030272351781,0.029580309252788706,0.009465518080162915,3.125059716993281,-0.5667673472306622,0.02529456699401954,0.0027191695881803525,1.323800426502066,1.3228462911617798,0.05025195684325164,0.009208319774414636,0.4366436125273624,75.23853302001953
48050,28,421729,28,421729,4.7711594001308395,4.7590363433953,0.3399045508662119,0.01840991269479939,0.02474014033304199,0.009697405486618895,2.551212318303079,-0.7652482488974814,0.01820395968069349,0.0027460403081203035,0.3385540050000966,0.3375062206842409,0.02661513293308712,0.008763558943715402,0.4155358825643086,71.5849609375
48100,28,421729,28,421729,115.07545643106869,114.90212009241445,6.313752536103712,0.07003797334470008,0.06673969816029923,0.009633058849629133,6.928193754662744,0.27868286678499815,0.06982747216683681,0.005426033636326866,6.857692116907403,6.852495106464131,0.26693067672911674,0.010102036818577846,0.49954930127645053,88.0807876586914
48150,28,421729,28,421729,6.41345037844582,6.399923691870615,0.41632018329649156,0.01860393056698594,0.024606010496453327,0.009621985272815319,2.5572696069252867,-0.7432296347998217,0.01841125519790514,0.0026705644682060545,0.5039097257364907,0.5029467120271329,0.031138666524461015,0.009815715925181837,0.48620859419894963,85.0869140625
48200,28,421729,28,421729,8.13917124361472,8.120650123975215,0.5487714431948171,0.015699834847712393,0.022280738934524154,0.009834187668547528,2.2656410153513913,-0.7910480227781647,0.015507179706547912,0.002451977119443219,0.4701091430343944,0.4690443615756739,0.03162266969440027,0.009342495879762339,0.46273978638323604,80.98048400878906
48250,28,421729,28,421729,39.55193060303248,39.512191203754334,1.772557673266446,0.023484371039982584,0.026191142500511844,0.009592180233337607,2.7304681379405875,-0.4507225257598974,0.02339202009263057,0.002080643921852165,2.389015093123508,2.3887427653670956,0.036070986655294304,0.010548377021132854,0.5276006971590007,88.88640594482422
48300,28,421729,28,421729,4.6556352344234435,4.6508682910124435,0.21062662618963335,0.015891044789756496,0.022469663691450315,0.009777547134032323,2.2980879952233666,-0.7919066165793026,0.01569798990693333,0.0024694973966105805,0.31464833757665617,0.3142111115289762,0.01658172884468625,0.010060911224259072,0.503021674704857,84.67535400390625
48350,28,421729,28,421729,219.2030899221924,219.07912282185904,7.371063358943415,0.17003299513653497,0.1657927839272992,0.009786188785509691,16.941506807306524,0.40931264644069365,0.1695663321636706,0.012588821694688808,13.675060284501813,13.66166268172465,0.6051830760446244,0.011249465317264814,0.561671977456471,93.8049087524414
48400,28,421729,28,421729,10.555614623436776,10.542007372111824,0.5357990713432372,0.023292635342968125,0.028734550707858388,0.009373901775940212,3.0653778324849457,-0.6886780942037841,0.023129318856723473,0.0027534470113847907,0.9455608517807848,0.9448924157114025,0.03554781500279887,0.011284592756126621,0.5607374234562145,94.2475357055664
48450,28,421729,28,421729,8.742050336059279,8.722119058847506,0.5899857637971098,0.01736001118441434,0.023894016024730604,0.009629030577397443,2.481456033675691,-0.7872874859173461,0.017168684227874317,0.0025702665633219064,0.5495956019976942,0.5479931823757993,0.04193802337797925,0.010737451411460963,0.5335097619227328,89.65716552734375
48500,28,421729,28,421729,26.443183025831303,26.406310461628422,1.3959571417868941,0.019824338596210363,0.021902535129185788,0.009563749240344172,2.2901620043310107,-0.42531542218268903,0.019732519155611312,0.0019058039119039954,2.0646241942406136,2.0626712977489916,0.08977851015801416,0.011203215688269826,0.5474176837058312,91.70733642578125
48550,28,421729,28,421729,18.483298315067223,18.4287460271995,1.4190265919796343,0.017443121584625725,0.02359861033094126,0.009733477885798343,2.4244787534138106,-0.7561552578372542,0.017259494562770015,0.0025243490356422777,1.0348827081095704,1.031705728996596,0.08102782423217791,0.010692604887389845,0.5221448272685001,87.38829803466797
48600,28,421729,28,421729,46.76642467644326,46.686565388204414,2.7318655293323637,0.027854904167591732,0.030124920697404398,0.009516511658378404,3.1655423519480697,-0.3874981368680921,0.027716784654873046,0.0027704755153427174,2.648457163273699,2.645387966786419,0.1274670580086831,0.011984060376135294,0.6066371028548535,113.2394027709961
48650,28,421729,28,421729,2.7842761557212947,2.781275020932848,0.12923996770789448,0.015577814861168028,0.02225646109909399,0.009701731131120469,2.2940711094024677,-0.8030644945265759,0.015395305474117738,0.002377579695284236,0.26361571117717353,0.26286608836837627,0.019866121044531452,0.011423974349195655,0.5781184366679732,107.75142669677734
48700,28,421729,28,421729,7.696353257020577,7.692044453636348,0.25749869928512414,0.013327853193586491,0.02007581319051342,0.009883943018346978,2.0311542825821514,-0.8141457325262993,0.013150596617749592,0.0021664439404301774,0.4256432761145509,0.42519599688164245,0.019508017258404033,0.010868977731925819,0.5499566675065806,102.49818420410156
48750,28,421729,28,421729,43.82137542112372,43.78254663536694,1.8443302093131884,0.0631925010102726,0.06037222070621102,0.008786744004457623,6.870829590071527,0.2556955122694242,0.0629106570410544,0.005961662066583138,3.690983520039138,3.6889627074593028,0.12212079337704942,0.013601724029695528,0.6778826703775559,115.11864471435547
48800,28,421729,28,421729,3.178616648384218,3.1769104909042167,0.10413227246175749,0.03469070687419174,0.03914582569701186,0.008913047384611579,4.3919687630739315,-0.5852434427155866,0.03452665574720474,0.003369745738940513,0.5564703987938701,0.5535621116367045,0.056818071897252256,0.012962405999163948,0.6459915806086102,109.79773712158203
48850,28,421729,28,421729,6.555514653602877,6.536704935948388,0.4962468679498288,0.023477353264023275,0.029036748230699686,0.009217428161002081,3.150200655053755,-0.7041208005558286,0.02332157869377913,0.00270001546543935,0.351357957692497,0.34999583892273695,0.030908367323624363,0.012478702790556658,0.6237934647753313,107.73519897460938
48900,28,421729,28,421729,17.827954793398447,17.795558043012566,1.0742839723413609,0.019293528639124934,0.024964923788109508,0.009389367972637211,2.658850293317193,-0.7234649685162395,0.01912726779439862,0.0025274243945359745,1.1018619121206477,1.099655101413116,0.06970173109959073,0.012414507964370386,0.6276895514435564,114.27921295166016
48950,28,421729,28,421729,16.156441309487377,16.104662793867764,1.292451965344014,0.017337805066466656,0.023328105873681258,0.009601670998763573,2.4295881286377408,-0.7495757124067113,0.01717463761727936,0.0023730375551030865,0.939490586860587,0.9364966468601962,0.07494393383896471,0.01181771700494589,0.5975395235148955,108.81800842285156
49000,28,421729,28,421729,84.62192954648383,84.50949604673458,4.360738251377384,0.11874081811334637,0.11529777853673208,0.008896048491996687,12.960560932245311,0.3542304168743719,0.11833656422447125,0.00978976270266043,7.85689581486758,7.853392574276337,0.234599488458488,0.01382159772712267,0.6853305478776338,130.18502807617188
49050,28,421729,28,421729,5.144741719817547,5.140970031262706,0.19696319780593832,0.0290212501996492,0.033960619856721164,0.00884702964231271,3.838646554804974,-0.6479611918401808,0.028863184407975535,0.003024822140529361,0.5522806277709977,0.5506614702050839,0.04225916519174043,0.013247741718156163,0.6565530176397624,124.31604766845703
49100,28,421729,28,421729,36.763513549602635,36.63368939633473,3.0868640599625667,0.0264822181761071,0.03144801483629091,0.009158434570471228,3.43377621953932,-0.6450136540594039,0.026306200771516068,0.0030482257947246393,2.0215690948536325,2.0145949333583393,0.1677762192750854,0.012615846330451236,0.6254893671549598,118.49752807617188
49150,28,421729,28,421729,9.960817367189248,9.924545251945556,0.8492845015563819,0.017408818176477967,0.023756437798583503,0.009378479953860047,2.533079765106892,-0.7837935553702301,0.017238410955092834,0.0024298432140788346,0.6062656877428027,0.6041176822957813,0.050989313310016486,0.012271544150118132,0.6128575017317507,117.75093078613281
49200,28,421729,28,421729,104.71466570718535,104.32723811555012,8.999366719324692,0.05483783160608514,0.05683199665182816,0.009589954485866132,5.926200873589995,-0.28866596980593573,0.054526294552566384,0.00583703500281771,6.971823642237184,6.9461868419836925,0.5973384758325588,0.011727422052296507,0.5866155724575006,113.0050048828125
49250,28,421729,28,421729,10.553759476783803,10.543991921767189,0.4539531336076862,0.020436363652322345,0.025511194948503027,0.0092965178269709,2.7441667324608767,-0.6737945662392503,0.020287689249985832,0.0024606146032996037,1.136310400794251,1.135512136361776,0.042585386323324016,0.013118143965796962,0.6779092592513386,127.79875946044922
49300,28,421729,28,421729,15.14149560327202,15.110340720163842,0.9708204903401765,0.015592432449402881,0.022112653072603388,0.009511826474516833,2.324753624537356,-0.7994997635922172,0.015416944096896795,0.0023327632546726734,0.8445747752118223,0.8428435141335078,0.05404962171171679,0.01248820860143312,0.6451812067176399,121.65382385253906
49350,28,421729,28,421729,27.909526741505818,27.86496748853461,1.5764738493667527,0.02374488317928832,0.027468300798948887,0.009243793007468325,2.9715400135806225,-0.5437642890388117,0.02360582013649369,0.0025660734365092544,1.770090392085534,1.7684390815416218,0.07644089893339089,0.01368477868034447,0.7016943169010021,132.3352813720703
49400,28,421729,28,421729,8.143902945133844,8.117870157787351,0.6506452805217905,0.015574422700034686,0.022214714240573773,0.00946060845283983,2.3481274329565442,-0.8099218781025443,0.01540339580901973,0.0023017471603174,0.4724475884161155,0.4708687460437087,0.038592069126033815,0.013031152332764797,0.668167177265419,125.96408081054688
49450,28,421729,28,421729,105.01836269282539,104.65526439749085,8.725373148072464,0.11444237615330843,0.11098044656969679,0.009271598742494117,11.96993632403923,0.3374432593520388,0.11397220561601575,0.010363098312568788,12.239854373591298,12.191385647634743,1.0881870599155494,0.014569096402156489,0.7613360439642657,152.14224243164062
49500,28,421729,28,421729,9.062312332723142,9.052175998910455,0.42850262610099216,0.02270954970904084,0.028399907188673763,0.009171318670230398,3.096600195657612,-0.7197603203695168,0.022537613169168195,0.0027892007142429156,0.5935682489004049,0.5921042765719439,0.041662834371991635,0.014108635511006436,0.7373337913730315,146.34608459472656
49550,28,421729,28,421729,10.187383034768864,10.15515833475265,0.8096494878651072,0.016866888146346633,0.023404720142728395,0.009432401997088252,2.4813107149115727,-0.797823115848304,0.016699023809683404,0.002373714293042718,0.5543819037366366,0.5527154046247824,0.04295319174543947,0.013423765028224116,0.7015087049559603,139.2424774169922
49600,28,421729,28,421729,95.24277769788839,95.06206956105761,5.864267590929356,0.06824062077371873,0.06445958826589326,0.009228222341379412,6.985049328174076,0.35016014847005134,0.06800418501901197,0.005675662382707449,6.344234221723771,6.338467873817528,0.27043090184762714,0.01493257131154894,0.7832482324929405,151.10098266601562
49650,28,421729,28,421729,6.514303828303552,6.501370678004858,0.4102848700951118,0.01965399239200413,0.025857273268955303,0.009249391927321623,2.7955646676162504,-0.7690754690225305,0.019486588724333266,0.0025597415560254964,0.47568434156333195,0.47435023707109714,0.035601199405842776,0.014355542495276487,0.7519493933161442,144.92921447753906
49700,28,421729,28,421729,31.484235006932533,31.375599603070917,2.6131979487846126,0.018066040327706447,0.02414571414552931,0.009490798766866508,2.5441182284703823,-0.7564709401566194,0.017900094519899448,0.002443036901272976,1.7667485235855247,1.7606095720992905,0.14715393376999775,0.013673349059430892,0.716548334142033,138.3180694580078
49750,28,421729,28,421729,22.77587899849843,22.771105773545703,0.466268167727005,0.024892585974978503,0.029391451406329965,0.009151834918352834,3.2115364479957096,-0.6096469958556362,0.024743749960007597,0.0027180276743109764,1.3347999749937711,1.3339080644691133,0.048787793428643485,0.015405329014071281,0.8237873684978834,161.5423583984375
49800,28,421729,28,421729,23.958364304589967,23.866556224063448,2.0954031008541016,0.018560987876385545,0.024647827384030287,0.009406970228608041,2.620166406934345,-0.7579878440965755,0.018395206300969833,0.002475208292667698,1.298345935140318,1.2933213610766614,0.11411408448653039,0.01467556560316896,0.7848027277351057,153.90223693847656
49850,28,421729,28,421729,30.594703525415152,30.5808707024912,0.9199080853901006,0.022709185074542424,0.02650267899827133,0.009255776674047757,2.863366298863077,-0.5551388375792439,0.022583567154720402,0.0023852843264596567,1.8816561628248814,1.8810369956894717,0.048267338277371764,0.01564790237010153,0.836553631683319,161.20408630371094
49900,28,421729,28,421729,10.634318360555735,10.599960801700048,0.8541416721336663,0.01574886851870831,0.022415686256953418,0.009469790007810935,2.3670732126545957,-0.8105480470964521,0.015581325666423444,0.0022911023758042195,0.6067821820684942,0.6049399040068938,0.047247529204535926,0.014901877662308168,0.7966013900898428,153.50790405273438
49950,28,421729,28,421729,79.2460797062931,79.11069077716378,4.630308151314803,0.10376447480145573,0.10014717642711154,0.009061984410377743,11.051351656754504,0.36113856789697873,0.10339296917708087,0.008772693746458157,9.222521225704455,9.202718139412243,0.6040501677030198,0.01706718385499994,0.9214812845185787,189.33766174316406
50000,28,421729,28,421729,7.559450615244352,7.536279898520616,0.5914210813560015,0.025910627277818857,0.03151917707117792,0.009032567926877023,3.489503464168861,-0.7089681517674478,0.02575107759700724,0.002870994343944716,0.5405118075097901,0.5377878473164281,0.054196359068322576,0.01638091450125896,0.884054437879286,181.4244384765625
