step,parameter_norm_total,parameter_norm_blocks.0.attention,parameter_norm_blocks.0.layer_norm,parameter_norm_blocks.0.mlp,parameter_norm_blocks.1.attention,parameter_norm_blocks.1.layer_norm,parameter_norm_blocks.1.mlp,parameter_norm_position_embedding,parameter_norm_token_embedding,parameter_norm_unembedding,parameter_norm_final_norm,parameter_group_norm_decay,parameter_group_norm_no_decay
50,117.64741790563659,14.814142148343892,16.606518156145537,16.61842893044012,15.727157603603965,16.70977129041284,17.82274065970304,16.057783102472964,109.19577878750195,6.612637614524245,,115.23794461838948,23.688205081696314
100,117.54213389823552,15.88805764708364,17.166303881760435,17.80472125719229,18.46259664717488,17.733698721468784,23.678677049894343,15.526367613385045,106.82150710756154,9.17055142378743,,114.8930492392144,24.814118518822756
150,115.5840552157808,15.808953186449662,17.327111140237246,17.790387662102148,18.719101407965532,18.06826583982718,25.339141090465624,15.117382485410573,104.16135211640315,9.796048107726119,,112.81039612485529,25.16919439072084
200,113.0969946211383,15.513625278998035,17.37917389961285,17.47584677263546,18.45156399529412,18.17278986547477,25.395202712161364,14.7362249721106,101.5579189971908,9.799114937353915,,110.23508633619065,25.28153343423573
250,110.6232047411707,15.213038986744259,17.42182709999468,17.145546824058698,18.154064085328883,18.255018066496756,25.30152254741792,14.365656713599611,99.01640766325575,9.744905674647722,,107.67451644958192,25.3710846152797
300,108.19667408949338,14.916504099948481,17.46098517328952,16.816068481076837,17.85306361015795,18.328946541966246,25.157970697903075,14.004579423040123,96.53543400980324,9.670993307912882,,105.16038665514411,25.452177953342904
350,105.8240830274956,14.625899031035514,17.497974783270486,16.490857805255004,17.55440985641556,18.3979762525366,24.98862812124091,13.652617595564722,94.1133351861608,9.586652983401345,,102.69881559078387,25.528216249092846
400,103.5075099545919,14.341637234800755,17.533369757975887,16.171536641748883,17.259894785035186,18.463490503637065,24.803966462284,13.309481334342227,91.74872445458189,9.495918688441948,,100.29164359952723,25.600602358252253
450,101.24743603484814,14.063728336280786,17.56748544534328,15.858724717558099,16.9705738233791,18.526215981002924,24.609397105560454,12.974931758892938,89.44031407685961,9.400906216445703,,97.9392182920804,25.67007643087353
500,99.04346902858896,13.792249335421673,17.60052932128032,15.55282375939254,16.686824373422738,18.58654518070087,24.407875763732942,12.648726651098524,87.18672962020531,9.302869434972465,,95.64105603627976,25.737077485259693
550,96.8948644968247,13.527254220375914,17.63258362284203,15.253834622218935,16.408869874927017,18.64470843020403,24.200966963768142,12.330635005024428,84.9867451168089,9.202516668783641,,93.39636190399212,25.80182840336226
600,94.80054186426467,13.268457989711898,17.66363689743987,14.96149385731978,16.136525759364087,18.700811471226626,23.989573639577976,12.0204723578074,82.83915329706073,9.10032208736467,,91.2040328559548,25.86439886345935
650,92.75939994990951,13.01534257622418,17.693701013566237,14.675766191854985,15.869700246824165,18.754945902931752,23.77434988612559,11.718062325404384,80.74276846959864,8.996623186739974,,89.06294289596136,25.924862232575098
700,90.77024362023278,12.767762519823126,17.722806609718738,14.39652055422538,15.608261917440663,18.80717211019198,23.555798232134993,11.42322652466672,78.69630395264129,8.89168913429072,,86.97187024724845,25.983281405014797
750,88.83205434437298,12.52551593597331,17.75100805484351,14.123761367701354,15.352030280757429,18.857568326868346,23.33455881961612,11.135768006700282,76.69860523735295,8.785822712765084,,84.92976805359828,26.03974610866302
800,86.94386236459172,12.288554277281822,17.77836104218928,13.857211858545373,15.101000658066466,18.906241975223644,23.111178614768395,10.855499336812603,74.74857129547784,8.679322253338192,,82.93563254094073,26.094368317840615
850,85.1046729193878,12.056597285766406,17.804850674784603,13.596773788830673,14.85501145601165,18.953271561502756,22.88624796013806,10.58226217408593,72.84510472497305,8.572460588431344,,80.9884520552795,26.147198442771536
900,83.31354249015895,11.829511505716976,17.830524894521815,13.342375761565174,14.614025824399993,18.99875632586676,22.660426960676507,10.315883589956776,70.98706072731073,8.465501940710755,,79.08725078159644,26.198342048083745
950,81.56954120489782,11.607281664166608,17.85539938426084,13.093746365545657,14.377813396944003,19.042738408312232,22.434021883969912,10.056183131553281,69.17350463956178,8.358605047465497,,77.2310881925287,26.24783932013025
1000,79.87170274716377,11.3897440884361,17.879474431850173,12.850671730131774,14.146297772250197,19.08529433599608,22.207391226211385,9.802988640066637,67.40340708276504,8.251967110176066,,75.41898197075686,26.295742207169912
1050,78.21899819869304,11.176689710594852,17.902779204495765,12.612864629216908,13.919433221107624,19.126484294227307,21.980788084111044,9.556142910819556,65.67570860955016,8.145722360172202,,73.64987817156225,26.34211693317727
1100,76.61051549186146,10.968011071256893,17.92536473174825,12.380438992205214,13.697103406289687,19.166363424387757,21.75446050843323,9.31548839474773,63.98940171332156,8.039981986970622,,71.92284383490525,26.38703504807956
1150,75.04532342363643,10.763507318743452,17.947240753474674,12.153215025246997,13.479303351411602,19.20499627139941,21.528667134332558,9.08088187637325,62.34349628767843,7.934887372567395,,70.236931092767,26.430551988713642
1200,73.52246073018522,10.563069555968108,17.96841335506243,11.931024454456104,13.265939917588062,19.24243683245257,21.303670784866842,8.852173019951543,60.73696688240334,7.830551132513227,,68.59116325731502,26.47271340134947
1250,72.04105036288324,10.366635656571546,17.988937524147683,11.713884809552527,13.056892122371245,19.278722829843034,21.07954441907718,8.629212273198911,59.168910885584715,7.727013224334086,,66.98464688491288,26.513581785398433
1300,70.60019635272673,10.174007044773317,18.00879298533972,11.501527562868517,12.852056085613967,19.313892643757985,20.856347260132697,8.411866251029508,57.638499089672806,7.624333267583722,,65.41648726789504,26.55317153510849
1350,69.1990492844035,9.985219006044774,18.02800677939748,11.29384812492368,12.651296911591405,19.347991107237224,20.634222565762645,8.199987272078506,56.1448439312314,7.522584908846152,,63.88582546509537,26.591534865604793
1400,70.07019410392564,11.860618615215754,17.726179457425218,14.311710475844064,13.661021875824002,19.07230126514708,21.076910086148928,7.8963122002285875,55.95527210867774,7.884083763219253,,64.99454477449817,26.182842689776212
1450,69.69804627841013,11.78015485205314,17.692004688544014,14.22898258445116,13.506454167354903,19.047578265622768,21.44284518231634,7.621529610657138,55.492258203790485,7.814476678960881,,64.60968167164987,26.142048299922322
1500,70.06492362700708,11.6184394601394,17.703220495789928,13.944504316863046,13.418068208035878,19.082649136369486,22.911321037477453,7.313220937736705,55.51911315322278,7.827921871077464,,64.99240504242353,26.17404840027416
1550,71.48520138418911,11.403249661653316,17.690925557034173,13.876716146098946,13.689409961054542,19.343912383829394,27.29342670689822,7.013471952176161,55.22903009616388,8.28343099453961,,66.4495380258902,26.355130678557554
1600,72.47971594628012,11.151799970511332,17.7319477079252,14.01375050771913,13.876851877890578,19.7190809378506,31.63202996568072,6.794103752178828,53.94676906252313,8.929231733875584,,67.39793907722637,26.66133964743589
1650,71.84937927976623,10.89368628318978,17.766360896534785,13.888364301492176,13.71549025693215,19.8739551395893,32.72317636749748,6.614069569679525,52.49607243726222,9.036154298520062,,66.66388795619555,26.800360920172416
1700,70.77558668925549,10.63891840499025,17.787857643230886,13.666594096126648,13.477084557666169,19.953534413722707,32.84135645346363,6.443947585883068,51.11153166280029,8.976093012638914,,65.47479609370465,26.874425532392607
1750,69.63280310654012,10.390723488589149,17.806334559610853,13.429812510629779,13.230530461335807,20.015724409763234,32.74983254274487,6.279081528376933,49.76755272704674,8.88092667153967,,64.21304366773832,26.933479006606497
1800,68.48532277614743,10.14913838123419,17.823896100929197,13.192539333726096,12.986189475017262,20.071009406845437,32.58098226653557,6.1185645015822265,48.456948838172565,8.773847284669436,,62.94404638576513,26.986783067637877
1850,67.354239666138,9.91404117879282,17.841147846755092,12.959862852715569,12.747374444134467,20.12274134540305,32.37860888641537,5.96209744543917,47.17689523825294,8.662571713721055,,61.68939001599016,27.03724764946704
1900,66.24788333702453,9.68562065261344,17.858541607025256,12.733523859251155,12.515163568531104,20.17235384861718,32.16182303214099,5.809491024136741,45.92499422304607,8.550400047232051,,60.45757135574711,27.08623474019153
1950,65.17003521493433,9.463542472533963,17.87607185910119,12.514132015748622,12.290066944280158,20.220600920162912,31.93956978684313,5.660583570323344,44.70019201456732,8.438807429677782,,59.25252965901405,27.134318103159316
2000,64.121711334343,9.24759409286718,17.893715409730756,12.30188525012429,12.072189364375403,20.2677673595516,31.715263158186765,5.515293648538297,43.50167314767802,8.328405514047637,,58.07538057448778,27.181685664675406
2050,63.10302700354309,9.037406043319823,17.911400784638897,12.096523547910051,11.861397790059664,20.313975644833846,31.490404597320296,5.373564280072994,42.32899281641027,8.219390326860932,,56.926333503302814,27.228378043516155
2100,62.11363618473782,8.832813872873594,17.92919187976807,11.898662349051289,11.657354676947387,20.35925088140346,31.265599068516288,5.23527295392052,41.18144424766795,8.111780270924198,,55.80508593443727,27.274460286869903
2150,61.15282595533682,8.633651092223271,17.947023284624088,11.707983980261972,11.45979718638544,20.40356144002269,31.04093990423945,5.100373776029155,40.058461029996806,8.005580778750918,,54.71100608471831,27.31984508597427
2200,60.21970858199877,8.439824945179042,17.96477670369471,11.523308133837833,11.26810651904279,20.446865102981654,30.81635145225246,4.968801743221305,38.95972188604231,7.9007512390048555,,53.64327939837553,27.36442722018271
2250,59.31333811476696,8.251078290795494,17.982349916501988,11.34425613962895,11.081961862750456,20.489110004269094,30.59107556477392,4.840524374411635,37.8851136430119,7.797102398160305,,52.601032499817805,27.408091109556985
2300,58.432866833275206,8.06729793084097,17.999790365506243,11.170805370098167,10.90109731067757,20.530315170345485,30.364786247388764,4.715479358516918,36.834083958927664,7.694529910099538,,51.5834112022576,27.450894613729425
2350,57.577576263229524,7.888543661623233,18.017103678239753,11.002700380525793,10.725021515790464,20.570444542165788,30.137691843201903,4.593568291874206,35.805978093371394,7.593026072865994,,50.58974527759112,27.492816536260122
2400,56.74648960066106,7.7146619604010125,18.03430072944164,10.839510341894325,10.553474836161923,20.609446981010745,29.909382533106477,4.474734988901677,34.80030644489908,7.4924097732722705,,49.61908237471842,27.533810965589957
2450,55.93850247462742,7.545275510713164,18.051270110933707,10.681168073888248,10.386628638721119,20.647302077873277,29.679043364453946,4.358886757073084,33.81658125702537,7.392520426350972,,48.67033783321938,27.573796878634482
2500,55.15274692277601,7.380199938798981,18.06790174256136,10.5267867594881,10.223717325973105,20.683936354679492,29.445848776381723,4.245985218439902,32.855276083999094,7.293191541030218,,47.742723506638214,27.612639230911505
2550,54.3883965096385,7.219448251264951,18.08424044644751,10.376307010668507,10.06456857009628,20.719373818907812,29.2098453100942,4.135969979080921,31.915522604047904,7.194432318507989,,46.8353917146822,27.650384406404456
2600,53.644537443953915,7.062952634139604,18.100302877598438,10.229489563130592,9.908779990208089,20.753577098293164,28.970538666661575,4.028769495700752,30.997009185196614,7.096134208028126,,45.94742178461743,27.687015529345846
2650,52.920411082190846,6.910441863196463,18.11602594042262,10.086093697378304,9.756273493104054,20.78656014015109,28.727792681628497,3.9243290403651256,30.099314653006633,6.998206350797804,,45.078075757324335,27.72249979935064
2700,52.215455565481676,6.761865917774279,18.13140987332559,9.945967172839515,9.60726352929678,20.818362390246037,28.481727414512786,3.8225764167516987,29.221860902239964,6.900646022204098,,44.22680203425221,27.75686909098099
2750,51.52861949653597,6.617070710579142,18.146431971605477,9.808769084828949,9.461104297342871,20.84891948603614,28.231384419022664,3.723466348761161,28.364722673575628,6.803334454230294,,43.392529083485094,27.790053021858167
2800,50.8595301822798,6.475951302507667,18.161070222443467,9.67396154344631,9.31754278606571,20.878242654313595,27.97680449079866,3.6269356259052596,27.528093432420903,6.706270352713616,,42.57494097636059,27.822045417647534
2850,50.20691736222399,6.3383504221644955,18.175298895729366,9.541454985994465,9.17674938579403,20.90635822380708,27.717373921528083,3.5329326372538254,26.710913015009005,6.609324023816938,,41.772638467269594,27.8528495220862
2900,49.56974423165793,6.204261732825014,18.189098509648513,9.411126555038717,9.038218810212905,20.933209235461003,27.452193071660496,3.4414060012555026,25.913103445867623,6.512320158869721,,40.9845218077992,27.882405121832964
2950,48.94817468313401,6.073589337704004,18.202468398015146,9.282396383926974,8.901751012173959,20.958846073271005,27.18216996766045,3.352279502195382,25.1348810598428,6.415433831673145,,40.21086569616695,27.910752135609417
3000,48.342103478438844,5.946197604064744,18.215423002115795,9.155206361628602,8.767422124073581,20.983374134645295,26.908252884558618,3.2655138521180453,24.37555006950663,6.3188201524126395,,39.4516006165224,27.937970175273975
3050,47.75145124950859,5.8220110912828655,18.22795611149256,9.029818126240333,8.635271739019855,21.006842376689246,26.631114575021172,3.1810487054166203,23.63467723126166,6.222590862804545,,38.706721249468366,27.964098886789632
3100,47.17603973258534,5.70077201904476,18.240017374726264,8.905800785862072,8.505533286060537,21.029311308272575,26.351207297007246,3.0988484651635337,22.912122050474093,6.12683005422293,,37.97612281316938,27.989155416509913
3150,46.615892211094604,5.582645660556611,18.251705585840977,8.783218498685082,8.378135406559203,21.050858684173477,26.069430781179793,3.018805012760743,22.207306691068062,6.0316755893005105,,37.25987985210672,28.013260432212498
3200,46.07067061936758,5.467556439078938,18.263070133121776,8.662175117156474,8.252877029437348,21.071540565284476,25.786064414002556,2.940833603110353,21.519744655826404,5.937228149772574,,36.557650151870305,28.03649241063719
3250,45.54022106615928,5.355395948334702,18.27405089519929,8.542317049580094,8.129573550375502,21.091379167666158,25.501447787584755,2.864867914264724,20.84957821444545,5.84353419094447,,35.869397802804805,28.05883169376088
3300,45.02439846486013,5.246083939638475,18.28466362385135,8.423742903324953,8.008303548982138,21.110438273322927,25.21624321021787,2.7908715503750843,20.196152734610116,5.750712245486469,,35.195043769036246,28.08033744843752
3350,44.52303426115954,5.139711508846195,18.294957594046366,8.306543960822326,7.888898701515442,21.128744945119177,24.93083112249818,2.7187560116645457,19.5591610670821,5.658838878159943,,34.534492292460335,28.101057309688265
3400,44.03586876168743,5.036181624318929,18.304960186462853,8.190832173439425,7.7713875388481455,21.14635349158552,24.645594001473924,2.6484969519595203,18.938017420193415,5.567965450176549,,33.88752280294482,28.121051471743606
3450,45.663833887490966,8.358819328979308,18.267298983575312,10.386695758702247,9.867944844199636,20.923971379984327,24.92761130089888,2.5571361872807143,19.346471593410254,6.0281486601172745,,36.10734555574085,27.95434353052651
3500,45.74886484121101,8.953147319080095,18.24246306357989,10.766501028079468,10.224540609148727,20.8807096225137,24.66274564695625,2.47550271143073,19.279274926564387,6.1220863360333695,,36.246986537763355,27.912624405286486
3550,45.32358582184516,8.930548608908891,18.280231128832472,10.515140051326632,9.986195681979611,20.889735406639627,24.214294960043333,2.3949837120567374,19.076160189344844,6.137153114497491,,35.68422185967536,27.943939271685206
3600,45.16033886431822,9.441705126303342,18.337313113153517,10.277734068381637,9.749313420279192,20.90121308652349,23.934723871753686,2.3076762115096052,18.97134079124495,6.197061599731664,,35.4408714665055,27.989298598476648
3650,45.26221708010146,10.417609805445824,18.427092709540723,10.036257077950706,9.502369470206776,20.905134986955368,23.816161137204045,2.208499427567502,19.001860600829275,6.275356355431708,,35.522460953918696,28.050366535636382
3700,45.40396946910166,10.912018770183693,18.498339710716497,9.800230951709889,9.244500864722593,20.90269147841319,23.852103396096265,2.0923200929538845,19.184159462575433,6.363903660160084,,35.66782854760122,28.09495417775298
3750,45.74550673168761,11.194230242487896,18.570900229919875,9.584955809114613,8.980982274392005,20.930139491563953,24.395088661528547,2.0053132449479616,19.214904153307927,6.596053882469965,,36.047895188550875,28.16381789839807
3800,45.959425578989986,11.343761473177734,18.62569446068645,9.401378334678398,8.737444431674279,20.96294357207914,24.638864004909,1.8859541229689716,19.36706850187644,6.8398642742581055,,36.2717988097343,28.224553329625543
3850,46.48999401659318,11.186793626011928,18.60862418571299,9.356167692629576,8.546525385644216,21.070672923448278,25.70571829758739,1.8054186658725246,19.20709412226445,7.237687204090651,,36.888374829141,28.294298827284376
3900,47.32189287395925,11.080638095999563,18.622206162813118,9.390845268365318,8.378832122840667,21.223246538838616,27.161328857187666,1.7274337544188125,18.987501534488725,7.728416316282381,,37.8390854392742,28.417690938811024
3950,47.832941898656316,10.870374446959772,18.63515793377149,9.37665337679054,8.223810745270283,21.37174213249469,28.24479646600752,1.6761088389734062,18.55443898202764,8.087462591078689,,38.38683977076,28.538410311266983
4000,47.90177581586631,10.662466093068936,18.651324520570316,9.308002559582686,8.060539427427548,21.470590557375065,28.68088018696163,1.6289919610214274,18.095899122964184,8.2288821954668,,38.408905022620026,28.62404830342607
4050,47.70686554582258,10.454408670049457,18.666052883985778,9.204909539916725,7.892040527030041,21.537171260732695,28.733980552085605,1.585021697187992,17.639156451004933,8.250493780092805,,38.12025488860762,28.684336970457945
4100,47.40013337261725,10.252081957786007,18.679832199260265,9.085384370512118,7.724693334419027,21.588819055504292,28.618130727043845,1.543079781638851,17.18973960739158,8.220308662425758,,37.69886543779779,28.73270242153909
4150,47.047618330725044,10.056778059423511,18.69316412174792,8.960426315513956,7.560762273495827,21.633025860201414,28.42482816320592,1.5025482013852038,16.749470469188488,8.16638100940469,,37.2218891333857,28.7751517795392
4200,46.67759936660636,9.868641603025683,18.70640833351246,8.834704465606437,7.400960137031599,21.673052749785516,28.193804391199507,1.4632592730588672,16.318092147835063,8.100567157067744,,36.72234195326914,28.814369403070074
4250,46.30462512495726,9.687664288614757,18.719699198910188,8.710723511886913,7.245192301361045,21.710532485205793,27.945512097490518,1.4250763155299748,15.895890030562773,8.028809710100749,,36.217373152405216,28.851693016221102
4300,45.93576326170436,9.51402566145638,18.73310180136707,8.590352959770705,7.093654672085431,21.746292297859554,27.68981606060535,1.3879328461575355,15.48266604985816,7.954119102508961,,35.7153888727162,28.887806149065877
4350,45.57452095753654,9.34730040817955,18.746597837711537,8.4739197687153,6.946438115030648,21.780790479385598,27.432269264720084,1.3517369049854695,15.078034890982709,7.878015398165111,,35.220653877580695,28.92304446189229
4400,45.22296686437504,9.188005150213307,18.760164945807475,8.36219825642585,6.803364852795825,21.814286544933932,27.1757482333058,1.3164440699579107,14.682065024567455,7.801341147688683,,34.7357899434724,28.957583273113872
4450,44.88144058848547,9.034403415903025,18.77376599905573,8.25566387801511,6.664443374105133,21.846912160173698,26.921488788025027,1.282073149535005,14.294469805360285,7.724537190054448,,34.261302974644444,28.99149578371855
4500,44.54987751006384,8.885707899097438,18.787329529876548,8.154053262983703,6.529564999126353,21.878739936127765,26.670138752403496,1.2486172283817882,13.914903536304406,7.647815313095057,,33.7972284247992,29.024798655005974
4550,44.228527914969156,8.742338498403285,18.80079859626408,8.057613523172561,6.398713254181756,21.909790216245455,26.42220536687545,1.2160508269997778,13.54328474885163,7.571282525282709,,33.344054041112635,29.057473077137427
4600,43.91709103223336,8.603862398291723,18.81415289280558,7.965917037952543,6.271932421652831,21.940110855183377,26.177617853414645,1.1843285907908456,13.1797375670953,7.494988963829788,,32.901512569422906,29.089540308804786
4650,43.614939483857775,8.468726363352696,18.827317108996937,7.878785439368156,6.148980389540293,21.969725234423628,25.93629074302061,1.1534517738109635,12.824209611380505,7.418876132963308,,32.46894801626478,29.120960851209404
4700,43.32178617377312,8.33747966212855,18.840308192651776,7.795748169365578,6.029747384176738,21.998589149803976,25.698053485869256,1.1233872778247007,12.476657929902832,7.342885312886375,,32.046145770131226,29.151701469478944
4750,43.03741095118684,8.210603143419625,18.853109710058682,7.71687992742898,5.914049185194022,22.026728666381175,25.46289799098818,1.0941299904731099,12.136587716516951,7.266976428008723,,31.63294383737533,29.181768376210428
4800,42.76120520031862,8.087607689043068,18.865776813135888,7.640928460628657,5.801910348066989,22.0541372782277,25.230483413311543,1.0656258900692062,11.80411135695656,7.19116944871012,,31.22862840585887,29.2111868651813
4850,42.492801089204946,7.968458215274348,18.878270466553737,7.568233723314269,5.693173133988251,22.080830457911528,25.00037781389395,1.0378440623120406,11.479342302275132,7.115332438233471,,30.832820693479658,29.23996088387379
4900,42.23147875154463,7.8535132360511035,18.890470789610692,7.49925915522438,5.587493937552058,22.1067370490144,24.771739598999034,1.0107804798024662,11.162108902379059,7.039176536996396,,30.444785030825326,29.267949398087307
4950,41.976237881679126,7.7412051265035196,18.902372738603823,7.433547647267043,5.4847292075707665,22.131820826458785,24.543985956906468,0.9844400587491393,10.852082477711479,6.962553666249743,,30.063276149249205,29.29511860145471
5000,41.72637477658027,7.631277702282354,18.913975686261423,7.370212655490897,5.38492060710232,22.15610998884938,24.31636240765937,0.9588126344822034,10.549424779047241,6.88546994898688,,29.687388035553308,29.321482630012436
5050,41.48138418248321,7.52294416843414,18.92534059844775,7.309488205645525,5.287852119895929,22.17958658884665,24.08855924824355,0.9338925254583939,10.25377270195528,6.807883100863367,,29.31645686629956,29.3470712423091
5100,41.241247397145074,7.417322405212759,18.936480062337694,7.251200859963285,5.193397746228117,22.20223258204416,23.86055965543956,0.9096602303754873,9.964881175286466,6.7298192194146695,,28.950535792010687,29.37187369283808
5150,41.00606545923283,7.314134128087107,18.94734621243014,7.195659515751177,5.101423149848099,22.224079053318327,23.63272442066595,0.886055975408862,9.682731416642168,6.65140193488947,,28.589845657933516,29.395886271763054
5200,40.775335363698346,7.212992646308268,18.95790836035367,7.141589835025345,5.01183715230954,22.245149400232435,23.40491061764129,0.8630749979244704,9.40731095900965,6.572571331207561,,28.23375342212055,29.419094848770662
5250,40.548048593503005,7.1127761979175945,18.968144084075053,7.088061200903024,4.924780431372577,22.265428965545706,23.176218732316404,0.8406769971490237,9.138545862361894,6.493219200076857,,27.88087415115096,29.44148605809094
5300,40.324361164599125,7.014122994569501,18.978071947369028,7.035221178346823,4.84006099076307,22.284942612567235,22.946800450896774,0.8188929633047655,8.876454912663489,6.4134299721296255,,27.53144645075507,29.463088087677363
5350,40.1041851578941,6.916365115560988,18.987654756395766,6.9824801381615575,4.757457313699029,22.303717913671377,22.717071660194957,0.7976871069971512,8.620983592247665,6.333344948903829,,27.185410218726002,29.483879297308246
5400,39.887857411895396,6.819363372702762,18.99694981135778,6.9306229147199945,4.6771173432715365,22.32181072312619,22.487575828050826,0.7770386655545267,8.371749979993343,6.253007431790401,,26.84320720757891,29.503955594507698
5450,39.67484249373143,6.722623499952373,19.005939886098176,6.8788805624153495,4.598807540310245,22.33921807907694,22.257937894445103,0.756935186623198,8.12880787130165,6.172418380076042,,26.50411236008366,29.523298509930388
5500,39.46515080175573,6.627369995572821,19.014627538731656,6.826461685852501,4.522706094031729,22.355962043092752,22.028193421725636,0.7373881745438501,7.891923259469429,6.091637415222117,,26.16815414267,29.54193352796638
5550,39.25846011589968,6.532690632521527,19.023028872991006,6.774242777931693,4.448712680818273,22.372046653539183,21.797983251508057,0.718371972634245,7.660964637035841,6.010542718908946,,25.83488100292038,29.559864922503106
5600,39.054342905886365,6.4387133845842275,19.03118122482923,6.721946744641726,4.376809655776124,22.387459192890102,21.56675469000841,0.6998466587439403,7.4357877438787146,5.929065563700097,,25.503648636887153,29.57711287493695
5650,38.85214654866011,6.3451806995433735,19.038994389520973,6.669722392787579,4.3067865693856096,22.402178787025083,21.333707179748465,0.6818800440310663,7.216167118076413,5.847080802063333,,25.17353875954447,29.593618193121873
5700,38.65188198547169,6.252005966026704,19.046490974543634,6.615757269834773,4.2385650725918875,22.41624409234588,21.099404017453782,0.6644217843944604,7.0022626552477,5.764713188722156,,24.84454175847484,29.60940265912555
5750,38.454827869307806,6.160607811891347,19.053732229399262,6.561006608506009,4.172092910372542,22.429740138641083,20.865399787265954,0.6474351150842118,6.7938328347969845,5.682370211632843,,24.518524749295388,29.62457983797039
5800,38.26160293589988,6.070628707854878,19.060703027016032,6.505575826989515,4.10740778355733,22.442729640598714,20.632857521672953,0.6308912013901475,6.590994028593181,5.600344781081624,,24.19645531764248,29.639193802898777
5850,39.78798172360088,8.805604731357908,19.068596821194404,9.816011194672287,6.4123187513556275,22.16863198642719,20.733480851246092,0.8248184730173517,7.203507046448244,5.528581286388931,,26.753141293031334,29.45085602478644
5900,39.729895810457336,8.929937508930982,19.08616626463289,9.959970071470153,6.4533284321741995,22.154883273500538,20.45222755423166,0.8084772339872622,7.2759868914781975,5.555767936274763,,26.664255019925985,29.45304950836411
5950,39.76489563034818,8.876047800579755,19.106870252748998,9.973262083734978,6.280597322129194,22.16642101085762,20.432481780471008,0.7721977579206923,7.5227783912134525,5.6967827345621105,,26.692594442673894,29.47460477108079
6000,40.32266466489629,8.638857228111995,19.078227468650415,10.289844711673672,6.122360647627222,22.22973465060907,21.162146440997027,0.729277090806964,7.983620866159331,6.138148922760783,,27.48547631898769,29.503658708642263
6050,40.8148272486106,8.452228074504166,19.050568345769772,10.514945199446322,6.032151652894034,22.316958162678084,21.83142956525504,0.6931200971331805,8.190146834938277,6.505230538455805,,28.15063055136942,29.55320833503924
6100,40.90120677916738,8.234228779788802,19.051392066827237,10.395302713381943,5.914007003078805,22.39827050872995,22.11175705740516,0.6772606478747996,7.998279148524899,6.638477393513517,,28.208979991493216,29.61692360512387
6150,40.71682804301128,8.036053793089993,19.053815952479827,10.220341238550493,5.786579229044457,22.438396281936367,21.99630500529847,0.6610776572151399,7.796123611254018,6.615022308288871,,27.906108072856693,29.64977602124834
6200,40.45981165946665,7.845544323342688,19.056082266620948,10.033709938349913,5.659365024840562,22.466015887263517,21.767821193517698,0.6451905541771118,7.5982379346394024,6.549532418737659,,27.5049127487616,29.672818103485298
6250,40.17872139449795,7.661222240330159,19.05825800303856,9.844136464245123,5.534285676667022,22.488118530692205,21.496670768168297,0.6295952304201476,7.405186742902434,6.4674011686320165,,27.06923465169913,29.69151710957084
6300,39.8909046918723,7.482378634891776,19.06040516575073,9.654444685482458,5.411925552041842,22.507201524991718,21.208428478426132,0.6143661115782992,7.216662953319496,6.377520892926767,,26.621936626536755,29.70785699758063
6350,39.60443217882467,7.308638803686603,19.06249554917614,9.466582366009016,5.292589448722416,22.52439628977666,20.914962533844378,0.599505289617699,7.032705286338396,6.283787828138263,,26.1738876048021,29.722695972241652
6400,39.323259112728266,7.139897553039299,19.064559653023945,9.28086942469388,5.176212489440503,22.540306685569405,20.6224988671001,0.5850313396422665,6.852963494099869,6.188470495866093,,25.730471311474812,29.736535664669116
6450,39.04979742225217,6.976166649337458,19.06663715214078,9.098091921870529,5.062694102202723,22.555298757326355,20.334691860410828,0.5709118826578258,6.6773321891821,6.092870955827919,,25.295124961432567,29.749677845389236
6500,38.78511837996262,6.817211275158389,19.06872650735595,8.918165584193767,4.952024282309586,22.569604852937566,20.053519085332812,0.5571444060581555,6.50570807380641,5.997761860161154,,24.869481156991053,29.762296865829775
6550,38.53013673409352,6.662692510384002,19.070787602495834,8.740919571008972,4.844124550584749,22.58341775462362,19.780868190908745,0.5437326687573686,6.338044871917764,5.903883975198862,,24.455045906017244,29.7745221033442
6600,38.28568176698089,6.512535492479162,19.072822562540896,8.565809592965454,4.739088871811709,22.596901169609744,19.518509247430355,0.5306419461387734,6.174448815934276,5.811897042701827,,24.05325563185075,29.786478843115603
6650,38.052604774889886,6.366559973831277,19.074857297933864,8.392604866332112,4.63692416422505,22.610207693071764,19.268369382681616,0.5178860830456478,6.014677606842872,5.72227907999181,,23.665628529860566,29.798301234141217
6700,37.8314555023577,6.224766950779606,19.07689015956269,8.222416085276773,4.537569421559243,22.62341791105241,19.03131138816938,0.5054513611002927,5.858696384604414,5.635268015226756,,23.293341145637168,29.81005339981526
6750,37.622115944556825,6.087009632429966,19.078919238778216,8.056001331268869,4.440873998902265,22.63654692264219,18.807281084376925,0.49333062272284367,5.706452776974271,5.5508725863715,,22.93658771701261,29.821746294364832
6800,37.424128027759274,5.953196166163393,19.080936941387602,7.893069448297447,4.346750280983173,22.64960248469954,18.59603775449303,0.48151953602874026,5.5577617297369395,5.469020641181292,,22.595012531705176,29.83338343752185
6850,37.237294414826124,5.823134570952027,19.08293872723959,7.7339273770907795,4.255101082631813,22.662592713546495,18.39755770013958,0.4700115176896759,5.412578364920253,5.389710337921301,,22.26867810637274,29.844967259677077
6900,37.061487589350406,5.6967252943949145,19.084936921558512,7.578847896100921,4.165897538522121,22.67553909904766,18.21189475410787,0.4588121272959982,5.270851155247847,5.3129242217574815,,21.957733327990972,29.85652038386939
6950,36.896379055384,5.573864304389548,19.08693058453783,7.427380973161434,4.079089583940675,22.688454048401407,18.03902791272004,0.44790266960011593,5.132461967274962,5.238672277619424,,21.662003041371957,29.868050013922428
7000,36.74145774774537,5.454472891799954,19.088919788014252,7.279111117951392,3.9946692161117623,22.701337090353427,17.87852888901511,0.4372666601129098,4.997359375157873,5.166859745858507,,21.38099261822652,29.879556089217623
7050,36.59625609629131,5.338414132810609,19.09089635452629,7.134262012141521,3.9126175927183,22.714176238221565,17.72982865870519,0.42689915211824253,4.865450117608604,5.097374434637639,,21.114274522647186,29.89102493471294
7100,36.460390456842156,5.225608280539299,19.092869210247382,6.99295130039943,3.832902748679343,22.726971153747304,17.592482287726387,0.41679522692057247,4.736701463523892,5.030130657406375,,20.861516058682366,29.902461771545237
7150,36.33334690156413,5.115990734491633,19.094851261620164,6.85523144054766,3.7554739841869194,22.73970666934186,17.465863542094386,0.4069589948882631,4.610877778713573,4.96499245001364,,20.62214974098303,29.91386028465522
7200,36.21460772640641,5.009419277360064,19.096828713589524,6.7212307140936876,3.6802851828545466,22.75236990083059,17.349265931377527,0.3973777092407715,4.487975371953945,4.901839101885208,,20.3955913958751,29.925201158722405
7250,36.103558622132326,4.905936768611146,19.098809205904548,6.590796913847193,3.607292116044493,22.764944024927914,17.241815067801415,0.38804512419083637,4.367945474146126,4.840523337062726,,20.181036307452587,29.936478061706353
7300,35.99997704520077,4.8054676869313555,19.100793139895643,6.464026361616642,3.5364953988031194,22.777439556766158,17.14330600627681,0.37896518527092315,4.250695563458157,4.78104293125398,,19.978330904567997,29.947698434480163
7350,36.907726362872005,6.281068256295886,19.140649563524267,8.750574403626908,5.442288921900161,22.663902350344106,17.050145206535053,0.4126048240548157,4.851415620110909,4.701757378911323,,21.647584549156313,29.89251325104274
7400,37.77256149888542,6.888361770616364,19.159612432526874,10.481149243531144,6.161391837516066,22.64785756079075,17.310816712463623,0.4044367086255869,5.185646739992848,4.97640014360905,,23.08590798739172,29.896609416199098
7450,38.49902937213731,6.757150350749739,19.170632977388973,11.177161017573079,6.171206767162995,22.71740039419818,18.20366066532046,0.37308071516865043,5.3455275574402785,5.4610342636382745,,24.180178138129637,29.958208354389424
7500,38.769519839238235,6.553717396441261,19.16785923295312,11.24065562342212,6.088085550473832,22.780084184527286,18.73348860441513,0.3683697571181967,5.256661580531602,5.62640975827449,,24.55022179244067,30.006037367620838
7550,38.55922462929623,6.392739558209202,19.168684855431717,11.030245597272627,5.955682185141661,22.797709789035796,18.554800007701054,0.3602964021296172,5.127180519299405,5.5621730568418135,,24.198797286836946,30.020526542402585
7600,38.31401314772107,6.24267703286482,19.16966068284051,10.809167576675108,5.824908643557779,22.810531218890056,18.310482715917647,0.352063201702556,4.999976362792199,5.4800737167537035,,23.792501053595313,30.03132526377098
7650,38.06708334139916,6.098635405918332,19.17063136497278,10.59035468480863,5.697565122057284,22.82189115269769,18.05397928602664,0.3439067027416701,4.87581054843869,5.3946110642549705,,23.38039724586456,30.0409696705449
7700,37.8255532395411,5.959662753694688,19.171613160944307,10.375259481357931,5.5736828535574965,22.832548645120358,17.797773113660288,0.3358786474941209,4.754666165691158,5.309098458214324,,22.973145207997828,30.050076158465966
7750,37.592900573477856,5.825249891367209,19.17262358243122,10.16469368481334,5.453172906676259,22.842884057306815,17.548281733906666,0.3280337873776932,4.636364581429034,5.225133794938846,,22.576206484145402,30.058959967248068
7800,37.370862880928456,5.695017829533724,19.17364583317662,9.95907059452072,5.335886231566503,22.853108271745562,17.30903778804913,0.320373887900684,4.520846620609973,5.143603838178265,,22.192582591597898,30.06776796472033
7850,37.16036294548772,5.568689079316272,19.17466565991714,9.759326699924106,5.221655778605326,22.86332224908645,17.081852866242066,0.3128593573256618,4.408161325536273,5.064914356990356,,21.82411659341272,30.076577417610267
7900,36.96171465882581,5.446263576767261,19.17569264355843,9.564785598503676,5.1105402657666055,22.873609252061694,16.868095693852936,0.3055249722196064,4.298274415955796,4.989335511143622,,21.471689074208246,30.08546025609356
7950,36.77480208765607,5.327484196319243,19.176722946677174,9.375092320532904,5.002282992497922,22.88399575812225,16.668363375081384,0.298380386799919,4.19104445731226,4.916970880041097,,21.135538130003553,30.094436305427607
8000,36.59934725652306,5.21225053304791,19.177750254828112,9.189381090090542,4.896853687707421,22.89451691356136,16.483023959171963,0.2914213963312694,4.086379676755633,4.847911865245863,,20.81561600180382,30.10352720312041
8050,36.43474793181917,5.100383059474012,19.178764385856304,9.006259692112698,4.794149405685823,22.905188184772783,16.312082617727146,0.2846241475300303,3.984174345850499,4.782156703510308,,20.51130431282481,30.112742356714964
8100,36.280821927665215,4.991804156448492,19.179772407096813,8.825631247584312,4.69415919780572,22.916022995806518,16.15562020969551,0.2779634622089086,3.884446681798133,4.719639807823579,,20.222695402691173,30.122095385230526
8150,36.13722744152665,4.886327902179627,19.18077042435984,8.647601637499122,4.5968442144993915,22.927013770980732,16.013345645492684,0.27147542989831325,3.7870976293942533,4.660263439698901,,19.94961482688518,30.131579371475855
8200,36.003575773989574,4.783861337723557,19.181761697632265,8.472605067760286,4.502089259418468,22.9381431145793,15.884694119218226,0.26517106838621246,3.69197622514587,4.603845360943693,,19.6917945539624,30.14117940223882
8250,35.87936630424042,4.6843551778687464,19.182742332845066,8.301150882320682,4.409847424737634,22.94938009508588,15.76876744671311,0.2590260176015452,3.5990807430635368,4.550135059804717,,19.448747992243533,30.15087275566109
8300,35.763968175536085,4.587761065737699,19.183717492834475,8.132098381225461,4.320086629755177,22.9607088716605,15.665138429682626,0.2530296462157988,3.5084092267094817,4.499000492872104,,19.21969677467678,30.160647797257884
8350,35.65671491075672,4.493939636248201,19.1846778501932,7.966422354845698,4.2327956962006335,22.972084056548017,15.572305665429235,0.2471847252768914,3.4198933984254496,4.450100586707394,,19.00380814792464,30.17045896409025
8400,35.55697146174318,4.402859406287256,19.18562400061133,7.803874320842817,4.1479061983551375,22.983474649775737,15.489373330040221,0.2414850211049787,3.3334452155318237,4.403218696178433,,18.800227624344508,30.180285962927073
8450,36.57508308532784,7.049939538112735,19.125760115382402,9.811068814193318,6.070504028353146,22.67407774240346,15.118322924812997,0.26153303796843774,4.629429017184452,4.995474221609826,,21.049654330018072,29.91067961924948
8500,37.23939904755062,6.973304615995433,19.138886664746263,11.222306802131193,6.191938327224362,22.661341301198764,15.596127701865534,0.22570020602879115,4.8308393413936805,5.234985481571637,,22.18368572525592,29.910816255424905
8550,37.423954813921526,6.752106638913296,19.142830991166857,11.402460858231224,6.073504002380528,22.701749985369293,15.970261831465956,0.2202612804579552,4.754007421039058,5.3424797659533665,,22.446647776678024,29.944956127939072
8600,37.28269087290454,6.5841727196600655,19.14512650757424,11.22005759426548,5.940132656749175,22.719702025087106,15.908967382002448,0.21570060164557145,4.6371131576825,5.301652806035325,,22.189258655024354,29.960571407518025
8650,37.0970421095083,6.428774725750584,19.147085345913933,11.007114149225623,5.809128323637911,22.732694456284616,15.768659424942241,0.21093455585413698,4.522093632428328,5.237187820956918,,21.860074448481704,29.972115013483265
8700,36.90497581910984,6.280212187088795,19.148881108934123,10.789519399804952,5.681460888489441,22.744079617211586,15.610362297579435,0.20622354578190089,4.409800443798853,5.167045951335692,,21.51833726705527,29.982301470539962
8750,36.71589603941259,6.1370536520808505,19.15059012972854,10.572263683302735,5.557249385297718,22.754755634663987,15.450369032904153,0.20157237047224882,4.300262286420832,5.095784298138692,,21.17886263695242,29.991878890493894
8800,36.53362284669231,5.99867075514957,19.15223594873428,10.357218436909966,5.436504244087796,22.765099260496907,15.295722225126326,0.1969707496957789,4.193427084313874,5.02527238840203,,20.84793132833895,30.00115593828379
8850,36.35993891248875,5.864526789877758,19.15381063584244,10.145453031474295,5.319099800174428,22.775294102698922,15.149995663942045,0.19243720431667224,4.089224885322334,4.956389730106216,,20.52871248700955,30.010283593222038
8900,36.19563494620099,5.734416874614786,19.155330543068672,9.937346288171785,5.204987579555767,22.785433877545316,15.015028751503193,0.18798628828488798,3.9875759988075394,4.889563427432157,,20.222831118607857,30.01934527445447
8950,36.040967943006386,5.608221319667954,19.15681051501204,9.733081412950813,5.094036703130538,22.79556131697711,14.89169276967005,0.18363082034078265,3.888378210881338,4.8249783807855655,,19.931074579491774,30.028380515364972
9000,35.895777161201785,5.4857247247547365,19.15825117949499,9.53254388067095,4.986117532431056,22.805687521081946,14.780168865698862,0.179336291995413,3.791644705094728,4.7626449612593404,,19.653533890280976,30.03740041398777
9050,35.75990674272731,5.366822861067318,19.159659093234403,9.336200929904283,4.881100845089493,22.815810366571252,14.680280242762054,0.17512812001644965,3.697275258453725,4.702495923387428,,19.390318416203584,30.04640547497803
9100,35.63299540776511,5.251374420189491,19.161017758485773,9.144188876535631,4.778912143399028,22.825927727694484,14.591581662608357,0.17099628467516034,3.6052077115033696,4.6444204142972065,,19.14116467584312,30.055385151118337
9150,35.514457345908234,5.13924361413277,19.162330687077755,8.956001778807204,4.67949293240692,22.83602698266915,14.513441153051202,0.1669637082248463,3.5153761142225717,4.588296825727467,,18.90536394725253,30.064329272349646
9200,35.40384570726243,5.030351665936015,19.163599423335423,8.771615502825012,4.582826228995352,22.84609571254933,14.445196049656618,0.16302502051304088,3.4277182776308335,4.534001254954761,,18.68243036820272,30.073228732560473
9250,35.30067186637148,4.92461456607187,19.16483127440594,8.591012978791255,4.488798810886523,22.856120039576744,14.386083949999977,0.15917644671916276,3.34218875370642,4.481387236499306,,18.4717698517084,30.082073611417602
9300,35.204539184301325,4.8220134141776025,19.166034322829756,8.414391447314806,4.3973648253937485,22.866086139529035,14.335373508245118,0.15543595704465651,3.2587040951145223,4.430344414922973,,18.272926954999328,30.090857742448392
9350,35.11496662226251,4.722483530193058,19.167210292438092,8.241394555519005,4.308484191990529,22.875991068254933,14.292427113422429,0.15178453909301642,3.1772513397031807,4.380759611462859,,18.085243498470156,30.09958219782548
9400,35.03152029714737,4.625955727341296,19.168358900419356,8.07193518201968,4.2220676830688975,22.885823351186747,14.256581252492055,0.14822650247705207,3.097748535196725,4.332543750005968,,17.908135743369503,30.108239545454985
9450,34.95384136202293,4.532318625037425,19.169479575970747,7.906244955497828,4.138072054181448,22.89557834257199,14.227149034687296,0.14476165722849574,3.0201242330485116,4.285607703769226,,17.741137782876134,30.116823473442043
9500,34.88155266031865,4.441478390106493,19.17057090743725,7.744052247426302,4.056486904148694,22.905251681227487,14.203639943427047,0.14140357126763897,2.9443497893646255,4.239885929872769,,17.58372721152986,30.12532577989967
9550,34.81437125780337,4.353377416803815,19.171635643206802,7.5854897495153555,3.97722480082609,22.914841902876482,14.185550301205241,0.13813264940988207,2.8704048196868532,4.1953360784661315,,17.435527046247458,30.133749230650654
9600,34.75191715192753,4.267907731109589,19.17267103834128,7.43037452191397,3.9002594774382535,22.92434568576899,14.172322431433974,0.13494733453951424,2.7982274272960077,4.151899483649775,,17.295960250637453,30.142088592909484
9650,34.693943993004204,4.185012480583311,19.173679508083048,7.278820715776418,3.825541170781278,22.93376481426287,14.163524824561259,0.13184361388529944,2.7278018087340663,4.109519281922512,,17.164678304442653,30.150349392580992
9700,34.64013558315401,4.104673451027158,19.17466798129212,7.13072259004228,3.752974376592132,22.943094513029624,14.158674096334899,0.12883655815280698,2.6590444996503892,4.068166792250232,,17.041178246608418,30.15853506367
9750,34.59031032137509,4.026773247716166,19.175638901809744,6.986446421312759,3.6824315059814365,22.9523267333868,14.157430772590317,0.12592661490205717,2.5918869010026544,4.027768473612682,,16.925233035211736,30.166638109554164
9800,34.54415973086751,3.9512507055073427,19.176592534625577,6.845497228302968,3.6138901261482883,22.96146791316707,14.15946795689767,0.12309097323669772,2.5263624226541985,3.988314676674658,,16.816318263609308,30.17466506141681
9850,34.50146591204528,3.878059075845488,19.17752493172367,6.708125577468054,3.5473148800876997,22.970517669872773,14.164343382699547,0.120327149304575,2.4624297812113234,3.9497606535841556,,16.714099516013928,30.1826113424403
9900,34.46202626411193,3.8071828562404755,19.178439710395782,6.574095264471783,3.482769035376093,22.979479318288135,14.171838157435381,0.11765443875431468,2.399996543870189,3.9120789900456674,,16.618242526723616,30.190483095693164
9950,34.4256264455935,3.7385694556580313,19.179339692621404,6.443391643227082,3.4201977140789634,22.988350431152153,14.181629594333927,0.11506328238007381,2.3390297725294356,3.8752499207576894,,16.528385401109478,30.198281941261783
10000,34.39201984279759,3.6720562788753326,19.180224577700642,6.31599028246347,3.3595462653665127,22.997127131535304,14.193335604123433,0.11254178245871627,2.279541925296391,3.8392868382753584,,16.44410607326,30.205999475580292
10050,34.901204004465036,5.272912716108289,19.198907864622125,8.812665456606968,4.349267119882795,22.860649086357913,13.346957913002907,0.2286639629421422,3.0812069504943036,3.8492189681002666,,17.62024881866551,30.126746796320433
10100,35.91131561853628,5.949934962135391,19.24185466123197,10.695438464273016,5.071463742924039,22.852314444090062,13.714517085482717,0.24889563368342119,3.715032247452858,4.436223188932479,,19.500100014405742,30.155740562657403
10150,36.466358685637765,5.8133612614692085,19.30612266532041,11.330219732460941,4.997190683441403,22.932835790894842,14.396674201494905,0.23955374868617937,3.692991592801941,4.801377091331884,,20.351747733682245,30.25891075326652
10200,36.420825697241504,5.685699295796046,19.320483242870413,11.230220777751793,4.859876919087656,22.95695393646098,14.416400700810968,0.23393416429388642,3.6108054916148133,4.815085478393097,,20.22825389877019,30.286866603789434
10250,36.27066805398509,5.563795134166745,19.32714365815265,11.03315921857047,4.740814029774294,22.970985846885803,14.282623188469755,0.22824298305677157,3.5238130799703202,4.767837391708035,,19.933518513116056,30.302082449390078
10300,36.104139262574144,5.446312891234043,19.332177489879466,10.82157108999214,4.629328799290792,22.982451360117345,14.118710681657618,0.22257464531086518,3.4383036974886667,4.70891087968492,,19.610040386245664,30.314273666726084
10350,35.93657830636147,5.332627600814897,19.336456804864067,10.606069050347573,4.523320425347261,22.993088224527142,13.94907217171104,0.21700863597436718,3.354466569667006,4.647019887541446,,19.282412488239526,30.325339717843793
10400,35.773653197807,5.222215160345627,19.34030500442693,10.390493537112583,4.421541631895136,23.003514532619057,13.783357018630324,0.2115592750771106,3.2724807244486303,4.585460603930725,,18.96003767714261,30.335972613356233
10450,35.617955364027765,5.1149493790390945,19.343831310226754,10.17631161676247,4.323544942599562,23.014076068075937,13.62633885013672,0.20622759147191513,3.1924225068760537,4.525811463735133,,18.64746137425229,30.34651427445405
10500,35.47086488978435,5.010734667418098,19.347121005778863,9.964393555544529,4.229416927591874,23.024947566371093,13.480655720913903,0.20100596652770086,3.114300842928164,4.468896306008108,,18.347352319356855,30.357155975135857
10550,35.33305496815964,4.909581695158473,19.350234577936114,9.75549721625742,4.138896127909299,23.036201560086866,13.347696816869037,0.1958958670921323,3.0380696174678135,4.4151082459031885,,18.061277739131977,30.367993345180473
10600,35.20460536779805,4.811440546816965,19.353204236194102,9.550036843061148,4.05149639247901,23.047868536523566,13.227860397110044,0.19089943481735133,2.963673882528584,4.3645844932139015,,17.78978428038156,30.379068688159034
10650,35.085357093856246,4.71624496871208,19.35608234628415,9.348443479525805,3.9669757854616097,23.059894670201317,13.12099143217779,0.18601905015292083,2.891079941576323,4.3172902323540105,,17.533040989691813,30.390372752850453
10700,34.9749707371509,4.623918054409769,19.35886334893092,9.150779779595714,3.8854657752392265,23.07227544756761,13.026607661776138,0.1812489350156439,2.820310236039444,4.2730963430095485,,17.290835645395678,30.401900939718814
10750,34.87302068541889,4.534431168944485,19.361566097667946,8.957429115374893,3.8066420011838833,23.084960412515994,12.943962372688233,0.1765955232553544,2.751268124076659,4.231782466155104,,17.06279369711259,30.413625942584176
10800,34.77891907231325,4.447736151166935,19.3641885240808,8.768344876409602,3.7303539193317037,23.097909685011906,12.87210694680971,0.17205210828371145,2.683908641629898,4.193102544082194,,16.848186450670507,30.425512734577822
10850,34.69210700511851,4.36376458830447,19.36673462437039,8.583613998509474,3.6565193080029372,23.11108233898444,12.810021011572866,0.16762436314820037,2.61819155342161,4.156811783407339,,16.646290141056262,30.437531322273266
10900,34.612001524688104,4.282432210874095,19.369204118039058,8.40328791588934,3.585040295647208,23.124431975583704,12.756642413722227,0.16330301403942862,2.554084041504507,4.122657030221555,,16.456303659174214,30.4496423529417
10950,34.538039200697256,4.2036979737799856,19.371596107373684,8.227374299589611,3.5157662932663007,23.13791856668488,12.710956397179421,0.15909198677546463,2.491548718376892,4.0903820758786065,,16.277409942920194,30.461813428931364
11000,34.46964520810251,4.1275144861793125,19.373925796253815,8.055809554619145,3.4485423102730484,23.15149635909904,12.671926697402345,0.15500000168008995,2.43051489307931,4.059755534307925,,16.1087183294512,30.474015727417147
11050,34.40632830769546,4.0537503337038245,19.37617903731101,7.888451052468437,3.3833436216099204,23.165141129589017,12.638753483258165,0.15102208862563893,2.3709144423560895,4.030589481122978,,15.949466824648965,30.48622534237959
11100,34.34765187408967,3.982343907112342,19.37835349094408,7.7252914104772525,3.3201667168752396,23.178824664105907,12.610630396504362,0.1471502612985995,2.312724344722134,4.00270520321469,,15.798976905896724,30.498418286701323
11150,34.293226307430125,3.9132907276236533,19.380460084657493,7.566213359288769,3.258905230121139,23.192526404954418,12.58689583299678,0.14338762041498626,2.2559268592645765,3.9759591929822453,,15.656620217955126,30.510581999092324
11200,34.24269849250642,3.8464939967932628,19.38250554494062,7.411268769138265,3.1994250816953054,23.206216808413934,12.566925895597809,0.13973231509019823,2.200467130041654,3.9502444766192895,,15.521829737988673,30.522699776290956
11250,34.195744779777016,3.781909929888824,19.384488275707156,7.260316340020524,3.141746380976652,23.219886489535735,12.550197519975164,0.13617246476690367,2.146323745584668,3.92544698052871,,15.39406674901476,30.534761665526805
11300,34.15206551470522,3.7195036040275493,19.386415733116877,7.113271433844328,3.0857836465998214,23.233515461073605,12.536230865003862,0.1326978702781431,2.093486968562645,3.9014669401385125,,15.27282647785156,30.546756788539007
11350,34.11138394889734,3.6592468043403095,19.388294340389997,6.969977997163961,3.0314824707449572,23.247095906254494,12.524606079357808,0.1293166258979818,2.0418833430839882,3.87824124557186,,15.157620475593516,30.55868217752459
11400,34.073492693075615,3.6010764169315586,19.390129011808593,6.830562493941433,2.978773702181549,23.26061303441961,12.514952616808698,0.12602278363407918,1.9915127553110636,3.8556725175937427,,15.04810860127268,30.57053044730137
11450,34.038113329189606,3.544889977800492,19.391918278146427,6.694811971170435,2.927669890207819,23.27405965994078,12.50687621695964,0.12282693068593177,1.9423316774410606,3.8336818690982586,,14.943775160459863,30.58229459939816
11500,34.00501380387911,3.490690528380659,19.3936713233375,6.562645195380369,2.878152914837724,23.287428006001765,12.499986676142692,0.119723280592725,1.8943067736902701,3.812188088562258,,14.844179935197138,30.593974665830835
11550,33.97403933605712,3.4384850712415447,19.395401650556174,6.434216685026663,2.8301404122774754,23.300701412189273,12.493988568897306,0.11669380175236252,1.8474447864596268,3.7911236581264953,,14.749058178804711,30.60556537047127
11600,33.94507146063726,3.3882505400321024,19.39710270905687,6.309483374508717,2.783672895985941,23.313882692220794,12.488749619798414,0.11373043777021986,1.8017285774377643,3.770473745182888,,14.658218294338617,30.61706244732317
11650,33.917968668580905,3.339901985213211,19.39878526543714,6.188271354957532,2.738685614111315,23.326970901866375,12.484158029090874,0.11083751935890247,1.7571238642916245,3.750218649617648,,14.571384720603257,30.628472797823367
11700,33.89259536292649,3.2933588434200365,19.400445756366953,6.070419606009731,2.695124270366803,23.339971102108098,12.48010786840299,0.10801404261026894,1.7135522029451835,3.7303554458274797,,14.488299035627026,30.639797836952436
11750,33.86886320421088,3.2485669379677677,19.40208854234114,5.955941159158268,2.6529509773435533,23.35288460127528,12.476504096824337,0.10526282186629406,1.6710212608824828,3.710864833992279,,14.408800332004205,30.651041870350596
11800,33.84659204964882,3.205472700404683,19.403706052279404,5.844495612572385,2.6121823688931483,23.36570996429671,12.473186682626832,0.10258660656538736,1.6294905105316906,3.691714018482409,,14.332526663993995,30.662199412326117
11850,33.82568122687637,3.1640594572583094,19.405314125905587,5.736132119618521,2.572747295400023,23.378440104580516,12.470000141354788,0.09998889776068004,1.5889038281557124,3.672873962547847,,14.259275673252555,30.673274486700052
11900,33.80604477001741,3.124261420802642,19.40691386559304,5.630955509461412,2.534595700584924,23.39106731069857,12.466827021908475,0.0974705652738408,1.5492488235783037,3.6543171878106735,,14.188895861473013,30.68426139284919
11950,33.78754996341108,3.086015966345096,19.408499351804096,5.528776819582039,2.4976987979658207,23.403585411852394,12.463559287918171,0.0950386907125772,1.51047646264896,3.6360179785178848,,14.121124930330359,30.695152112866335
12000,33.77009692272463,3.0492710826354816,19.410069895415404,5.429444274895601,2.4620540521599965,23.415999980310534,12.460102252782647,0.09269552942168033,1.4725975910308222,3.617964074720264,,14.055746330852426,30.705951235109854
12050,33.75362314025756,3.013987691757143,19.41163203704831,5.33298234503107,2.4275741560145057,23.428309377627738,12.456405235668395,0.090440574504464,1.4355598663080154,3.6001325885370172,,13.992633495868505,30.7166613248385
12100,33.7380201852745,2.9800975611801666,19.413182546859705,5.2393980838889815,2.3941995062325607,23.4405083449875,12.452309847741917,0.08826290891226907,1.3993795391876656,3.5825101453659167,,13.931567945081065,30.727274864744828
12150,33.72320387464393,2.947608406472675,19.41473438132977,5.148538852345778,2.361955952889542,23.452594603407583,12.447730905040011,0.08616390848460281,1.3640590694350558,3.565053328871018,,13.872354308718103,30.737798644408315
12200,33.70911154449899,2.9164490344078966,19.41627949656262,5.060470555003376,2.330812702702872,23.464566556695896,12.442594808673741,0.0841444115442628,1.329574345570643,3.5477695920903285,,13.81486978348288,30.748228794271814
12250,33.695661624650086,2.886604827935142,19.417819192268965,4.975055122846655,2.3007849313509237,23.47642557785959,12.43682739438871,0.0821981941055798,1.295849536336767,3.5306404258120954,,13.758931391404818,30.75856660004707
12300,33.68277474063356,2.858037306958908,19.41935516412838,4.8921072118878675,2.2718604759392225,23.4881745411322,12.430362758561483,0.08031984713642965,1.2629233045496313,3.5136634528440736,,13.704358342880445,30.768813377154885
12350,36.60811159156028,8.47581381746481,19.634676817894903,10.896293315940312,5.8151596995188894,23.25629980707675,12.585056941577191,0.449138494675372,3.8055508345906346,4.0404837395141335,,19.8677854458762,30.747763102000768
12400,37.4689705935373,8.39064937758959,19.73381787566563,11.88213800898246,6.019976270825394,23.29913988325331,13.650282984947435,0.42361135535388866,4.028654986143167,4.591538086486916,,21.274291403198806,30.84361007779641
12450,37.97103457906869,8.194702928533266,19.794844721356903,12.198895896019746,5.986808460093311,23.36663572418204,14.58940886327951,0.4132411065170124,3.9507572719532758,4.850332924135082,,22.019633518891727,30.934369343798334
12500,37.920658443055736,8.001794587730025,19.8090555384323,12.051143042536516,5.867382245158923,23.392562516662657,14.703161674192186,0.4033703980839833,3.853470782519736,4.846217772686512,,21.891589841828896,30.963440231215078
12550,37.77086188756152,7.815428681481661,19.81629644507663,11.838325355499371,5.741383956941397,23.408797031213247,14.645522840567196,0.3935994216202306,3.7579322063831593,4.798119193652532,,21.606498805604257,30.980594201736512
12600,37.596289544499825,7.6346913619159,19.82150752845703,11.610708738822604,5.616048350194641,23.421874812646504,14.537493307193525,0.3840209311332681,3.6647125455875145,4.738273590524609,,21.280313701474075,30.994019363108126
12650,37.41514067645418,7.459175968476798,19.825796080060446,11.379416338128262,5.492583341393343,23.433484491803537,14.409817342092643,0.3746610198879617,3.5737492366168033,4.674246655589423,,20.941291794781236,31.005726080914222
12700,37.23444777624157,7.288555890111175,19.829508522654947,11.148129735038149,5.3716718785379625,23.444342263042966,14.275031244432538,0.3655232329731945,3.4849589116636888,4.609093577089699,,20.600520145568428,31.016490306507777
12750,37.05797567179154,7.122700583327542,19.83283976140748,10.918885497994387,5.253680360819666,23.45482341238239,14.140015541752796,0.3566113710366057,3.398331131471882,4.544374485183171,,20.264146485479777,31.02672925247054
12800,36.887749814065124,6.961735168722622,19.835916551492232,10.692771053717085,5.138869299217849,23.465138120848835,14.008537553715614,0.3479194201553662,3.3138291657087393,4.480967616421575,,19.935651491183016,31.036686130564174
12850,36.72483165978275,6.805476213623136,19.838762002655315,10.470096384600573,5.027144831196904,23.47544739272356,13.883145005024154,0.3394412243336015,3.231368782446109,4.419486691747354,,19.61703154521249,31.0465027626868
12900,36.5698696938062,6.653624884334084,19.84142533668457,10.251225191210466,4.9184369853648295,23.48584629844447,13.765516079320806,0.33117093841421885,3.150903453154188,4.360225863834032,,19.309657783374917,31.056279328195664
12950,36.42302770912776,6.506014144525978,19.84391304643238,10.036129474722008,4.812602749069678,23.49639821320545,13.656471172672441,0.32310389901609604,3.0723325011068754,4.303399283419571,,19.014102629133056,31.06607230901075
13000,36.2844986771246,6.362678046849773,19.84625012640228,9.824907815083426,4.7096707679893255,23.507151051572528,13.556662864248153,0.3152339202528757,2.9956700055726313,4.249122985020824,,18.731016749580107,31.075936925171
13050,36.1542759363351,6.223469230299294,19.84844213494501,9.617466809294665,4.609660909601142,23.518145743338888,13.466495463672835,0.3075544606297027,2.9208772967546253,4.197500363255151,,18.4607136587645,31.085908699759205
13100,36.032287974714905,6.088276548714921,19.85049865793935,9.413932079565411,4.512386487904281,23.52940867590643,13.386112369788501,0.30005964095566195,2.847908062478628,4.148605336799559,,18.203396835458626,31.09601454115301
13150,35.91846282896959,5.95708197375968,19.852434557622978,9.214190882062594,4.417870380248613,23.54095681036803,13.31570459756403,0.2927415461126234,2.7767437983693073,4.102493871989036,,17.959271923305934,31.106277886960783
13200,35.81260221867874,5.829717588579903,19.85425157729209,9.018204107424465,4.326160462185063,23.552801942872183,13.25516907908392,0.2855953761467539,2.70732569906772,4.059154014520032,,17.728309066962453,31.116708297947746
13250,35.71447274131818,5.706128891079305,19.855966357627825,8.826010418585911,4.2372006782291685,23.564941722285443,13.204218168746321,0.2786129681217609,2.6396633031238266,4.018534983610941,,17.510392166144157,31.127314843689888
13300,35.62385298892246,5.586222227384099,19.857595280135723,8.6377282402284,4.150887478495816,23.57736203713749,13.16261006534808,0.27179203281039144,2.573705931769895,3.9805249888446808,,17.3054256166153,31.138097983084233
13350,35.540383832544514,5.4698678781094605,19.859146309431885,8.453243312495614,4.067208072204953,23.590047364639442,13.129880960475518,0.2651306540161274,2.5093914562110693,3.944969425983091,,17.11302597617552,31.14904853929465
13400,35.4636387349778,5.356988391932307,19.860630267023907,8.27263530926871,3.986105812606877,23.602969592624895,13.105248358167389,0.25862532121644927,2.4466861993534446,3.911688899482061,,16.932648174035567,31.16015240879524
13450,35.39320615917917,5.247507184489089,19.8620509840604,8.095896151789699,3.9076499348173113,23.616098659415677,13.087991208167692,0.252273184222334,2.385548647054392,3.880498022750101,,16.763756224266864,31.171389437744224
13500,35.32865913109131,5.141313033218063,19.86341283375207,7.923023162070526,3.831820200540947,23.629413219671708,13.077350772310785,0.2460709145247512,2.3259418340859686,3.851222685937243,,16.605741012613855,31.182743968785612
13550,35.26960725042689,5.038302110299661,19.864728826513897,7.754162706699533,3.7584572389478925,23.6428807465719,13.072619459558924,0.24001735625857287,2.2678089017377863,3.823671130948325,,16.45804429477461,31.194197755201237
13600,35.21562946678348,4.9383956137484395,19.866003136554887,7.589282453557812,3.6873989493419495,23.656471411205096,13.073098923081554,0.23411076396654182,2.2111057424178613,3.7976645685214323,,16.320017087315154,31.20573025922531
13650,35.16629453003205,4.841471797566141,19.867228109356663,7.428252280760237,3.6186046953947364,23.670164886126642,13.078084696282387,0.22834798155975078,2.1557975344928972,3.773039398018988,,16.190961211971395,31.217319647999894
13700,35.12122668615178,4.747443248492942,19.868410840644806,7.271005898380383,3.551993118644946,23.68393889195337,13.086953601836266,0.2227262403294579,2.101850252391469,3.7496290275915314,,16.070258200510345,31.228950755812946
13750,35.08009062996841,4.656252599635454,19.86955251006569,7.117578926182088,3.487506573412716,23.6977713490136,13.099105974865983,0.2172423545983361,2.049236080636947,3.727306602519263,,15.957357422714402,31.240606631282603
13800,35.042579092446864,4.567851658691999,19.87065975168049,6.967908096623844,3.4251107476213356,23.71165100955413,13.114028913733629,0.21189245309202714,1.997924601979099,3.7059527459284647,,15.851726586120758,31.25228173572717
13850,35.00840709232557,4.482148119991268,19.871729656742577,6.821869143805621,3.3647855034010834,23.725569256438067,13.131314303929367,0.20667335279678964,1.9478706315197611,3.6854619737788554,,15.752871636717712,31.263966516408093
13900,34.97729759853829,4.399045754668831,19.872763858470616,6.679406436593458,3.3064473998392305,23.7395124254432,13.150541860290327,0.2015824300892008,1.899048151871311,3.6657488786235595,,15.660298401191573,31.2756518922044
13950,34.94903648817438,4.318521282173646,19.873769802646976,6.5404892381970265,3.250016369340457,23.75347303707048,13.17139157329005,0.19661775374353993,1.8514305006177878,3.6467386255566634,,15.573621144027369,31.287337309429955
14000,34.92339800305042,4.240474237943559,19.874739462021193,6.4050253414665645,3.1954808451688965,23.76744979589294,13.193554381893609,0.19177568359191283,1.8049850560630072,3.628373490037565,,15.49242865436552,31.2990156789133
14050,34.90020515157405,4.16486015794945,19.875678693940426,6.272988838009072,3.142775473843015,23.78143514105692,13.216797841197726,0.18705216392212184,1.759689072663098,3.610586186934762,,15.41639977609184,31.310684080129434
14100,34.87928432396032,4.091609203926787,19.876591154881588,6.1443517004425985,3.091808447546997,23.79542843681981,13.240895445968608,0.18244542212850642,1.715499013282233,3.593333541590723,,15.34520229265843,31.322344126023758
14150,34.860468063074215,4.020681957489336,19.877480042218842,6.019019692129186,3.0425177710722706,23.809427833454425,13.265645592986456,0.1779529928241156,1.6723992398634617,3.57656702197138,,15.27851362997344,31.333995194282735
14200,34.843589582735795,3.9519945577220756,19.878344690889627,5.896897052825017,2.994842028844945,23.823428640038852,13.290866240506782,0.17357162906441456,1.6303530440555372,3.5602467608234254,,15.21600946555391,31.345634320496817
14250,35.041971302615025,4.67851947972773,19.90639949597537,7.033210967456573,3.1898155371353787,23.739220807486817,13.016481344445227,0.1922461558158957,1.9440712884726867,3.653727519675916,,15.757014544550026,31.299460784750487
14300,36.99760450363934,6.72564711159467,19.9016755463,10.502127302169434,5.480868974481651,23.60887085104564,14.091175566098187,0.20131611709768069,3.150428146845264,4.6120906775577595,,19.870638544869475,31.20866006138138
14350,37.89820483579666,6.4327576199236445,19.90042524077517,10.591514009756134,6.516421523460427,23.6746173051885,15.759300866307056,0.18104892197880032,3.350452874156861,4.9113475146178445,,21.427439944894584,31.25921859522304
14400,38.17981665604324,6.242772360778818,19.899090266016724,10.441125888161967,6.630763976460908,23.72242496601517,16.473420636189974,0.17742350258556652,3.300693013306294,4.971435588347241,,21.868546907392215,31.296406439849658
14450,38.11440497753287,6.094091020451039,19.899254388626627,10.229190133697246,6.592688086561146,23.74249891868469,16.527134696738653,0.17395920864072573,3.2225134486664393,4.9216296369755925,,21.730971019245406,31.312501742149227
14500,37.96875761174334,5.956209708924963,19.899478816328767,10.009489422873838,6.514140829256347,23.755327033660716,16.42497641591257,0.17030048208107437,3.144111765717543,4.850474232703887,,21.45935695823334,31.32287588198823
14550,37.801865747481926,5.825146393314183,19.899726986386117,9.790648041801042,6.424180989941599,23.765635275348576,16.27551400462957,0.16656282326159744,3.0671797811035852,4.773844126588461,,21.15024843522826,31.331263062933985
14600,37.63012275716847,5.699451941575214,19.90003114086793,9.57516412096008,6.329248021515942,23.774746602879823,16.10954460636246,0.16283760499202113,2.9919409165654542,4.696143995577536,,20.830499350372097,31.338736980512085
14650,37.459801806354875,5.578709660994113,19.90041300657407,9.363678591745206,6.230465787841435,23.78321587948826,15.939575542808534,0.1591337311282427,2.918443325796214,4.619206675287094,,20.510486668580143,31.345760287308146
14700,37.2943949030794,5.462527984916039,19.90086597990743,9.156479553596554,6.129746200354897,23.79134801801635,15.772439301858551,0.15546168307721375,2.846666890161654,4.5439567989561,,20.19625238412468,31.352564182592353
14750,37.135929163307665,5.350440893483537,19.90137051804795,8.953853480145021,6.028350290269694,23.799324358911463,15.612296314008224,0.15184701277823506,2.7765477094647157,4.470912476164294,,19.891535077230714,31.359274020511148
14800,36.98567858514025,5.242322117940727,19.901925698462495,8.75580060677657,5.92745915390022,23.807266364007784,15.461820560559495,0.14828967943759933,2.7080478809784303,4.400417763427558,,19.598862436345115,31.36598494555085
14850,36.84410694609989,5.137961069451636,19.90251001911892,8.562274871716827,5.827377392473426,23.81523102222329,15.322388668785948,0.14480126525448533,2.641107320947365,4.332614792914869,,19.319417182701596,31.372732370266704
14900,36.711355402974725,5.037282455498453,19.90313502979503,8.37344748025044,5.727790894243403,23.823243660009933,15.194718036585671,0.14138231693538691,2.5756857351965823,4.267536183621912,,19.053811844429703,31.379545403345027
14950,36.58748989147567,4.939987235565032,19.903794236826737,8.1892561780373,5.629018379553898,23.831319496708556,15.079347630246575,0.13803246731393082,2.5117356492174743,4.205207502712123,,18.80256308900941,31.386430791707657
15000,36.472493385041545,4.845824985512822,19.904471897254858,8.00967769274706,5.531751611877831,23.839466505660145,14.976468094837154,0.1347686775732623,2.449219887381862,4.145592751645895,,18.56604036124277,31.39338973456998
15050,36.36625424312915,4.754818922093284,19.90516892661153,7.834638855629539,5.4359224979455965,23.847691759430585,14.886214283241047,0.13156753958271994,2.3881619407121786,4.088663581580056,,18.34441996225073,31.400425218848323
15100,36.26835054225632,4.6667801800813775,19.905873288589106,7.663969930290089,5.341291218082939,23.855981412050724,14.808200286702506,0.128424747904253,2.328557316562778,4.034287855503083,,18.137287667836606,31.40751577425579
15150,36.178448632232524,4.581524456403903,19.906572649597113,7.497688670950065,5.248545065751395,23.864331144744323,14.741772508657942,0.1253450356210872,2.27037121191085,3.9823522222664827,,17.944353481373646,31.414651415710484
15200,36.09608120537085,4.4988552636957575,19.90726291686488,7.335961321276073,5.15732407313901,23.872721990222868,14.686245936886262,0.12234331942172247,2.2135492248010302,3.9327471006433945,,17.76504028701985,31.421814428598616
15250,36.02070712332812,4.4187924648631975,19.90794501724939,7.1784310902883055,5.06768158114262,23.881138481417963,14.64076702370212,0.11940929585659657,2.158071428757185,3.8853192145324367,,17.59856949731531,31.42899446868679
15300,35.95235695238302,4.341371528025678,19.90863042981359,7.024980197462253,4.980285872355673,23.889579272752155,14.60545702118672,0.11653738696388288,2.103914407157174,3.8400383499574544,,17.445269343088086,31.43619805222436
15350,36.80453574086952,6.589264112365017,19.886145303401012,8.123142763639784,6.026276452045997,23.7279973191231,14.975705891966527,0.42615911073974677,3.236552665443894,3.930484679101579,,19.32603574067137,31.322167767433257
15400,37.532522027874776,7.321154716905351,19.868151967260967,8.673324760809923,7.181182268439072,23.6907328022623,15.523726306908854,0.48050931905254973,3.76557464207839,4.111466752885294,,20.722439341697186,31.29330147975101
15450,37.8808316120796,7.2944790713029155,19.885291978393322,8.674169143316037,7.651219527611012,23.729324721496017,15.942182326484248,0.44841813893604276,4.017664453585589,4.354771577309872,,21.284637339097966,31.335628555460726
15500,38.12119901695058,7.3315195478497515,19.90972953314949,8.772970960597755,8.415161224629232,23.70460850097639,15.953575038112692,0.41702037287406274,4.208276019097955,4.581357210339422,,21.709769130904327,31.335470935870536
15550,38.36881102118001,7.1544695857013005,19.920691777224665,8.71385714618491,8.308010634375798,23.772771574042363,16.584481884683807,0.4060413295714269,4.124695681285454,4.671533416187541,,22.056969384366322,31.395155052271217
15600,38.27398978444734,6.98702710633168,19.923384332128343,8.556892999280944,8.13676096002397,23.799624732346,16.59761190904364,0.39624028459671046,4.024034529696388,4.632330679572291,,21.859314488951362,31.417648926886628
15650,38.117828412114115,6.829526736260538,19.925189209247158,8.387526348113852,7.961373205929262,23.817955181147955,16.48716780903725,0.38674493848137415,3.924383135661107,4.572432045198201,,21.562377029537142,31.43298808085962
15700,37.94733324747806,6.678686260684122,19.92666490925756,8.217188303960988,7.789753863501102,23.833298829823107,16.33996833271875,0.37748521361744714,3.826987865740224,4.5068611812503345,,21.240529999713225,31.445826208360888
15750,37.77469253456116,6.5334722986386,19.927968026211786,8.04861342358586,7.6198361564184225,23.847149139845627,16.18064801158971,0.3684575506387874,3.7319775015624947,4.439801329457497,,20.913090043018038,31.457432522907062
15800,37.60569224351982,6.3933430181386015,19.92917957891588,7.882823066427335,7.453988942143962,23.860189362871953,16.019815997683203,0.3596342671781091,3.639316808893483,4.372996702320518,,20.589515561905227,31.468395860615285
15850,37.44235186673222,6.25781477157388,19.93032765676047,7.720277753405752,7.290600899067943,23.872749311521506,15.862470718634421,0.3510117946277822,3.5489511453946387,4.307151788497028,,20.273217159801664,31.478983136431026
15900,37.28649982320128,6.1263943915357295,19.931390435893377,7.561287230407309,7.131937446114771,23.884994275490694,15.711914319422956,0.34259293719567513,3.4607839988393168,4.242739783743815,,19.967629565144858,31.489313085787416
15950,37.139185909017385,5.999075992941195,19.932426650381398,7.406299406541021,6.978908963308445,23.897040466278433,15.570096408457415,0.33437596488801374,3.3747487877970124,4.180067217512261,,19.674862234827785,31.499506758441516
16000,37.00039752283387,5.8756471138888315,19.933434359950567,7.255095304802733,6.831955897711485,23.908928920643366,15.437388201066025,0.3263620625637786,3.290731080160166,4.119113174904909,,19.39521728792642,31.50960112730485
16050,36.86983635191576,5.755953577993149,19.934408128199333,7.107312959563337,6.688560270344196,23.920708188131353,15.314733516765845,0.3185389993606017,3.2087443023557403,4.060002168092245,,19.128449554512766,31.519632774788306
16100,36.7481133283089,5.639840981584487,19.935355946027748,6.963073253778903,6.549775875461867,23.932437719353203,15.203400968816306,0.3109006760950678,3.128712170240571,4.002896670867806,,18.876053325909744,31.529643893130885
16150,36.63552798225225,5.5273027303170785,19.936288392375772,6.822381427244059,6.416091366795695,23.944158841695526,15.104198829818403,0.30344539709635776,3.0506276805569748,3.9479298568404015,,18.638965394830333,31.539671519353284
16200,36.53194311735473,5.4183873666077575,19.937212923198498,6.685076675905109,6.286825144549864,23.95589441334201,15.01749466307335,0.2961703927401615,2.974426393676202,3.895139817469766,,18.417311592744287,31.549730610980003
16250,36.437030341972,5.312937822747873,19.938123520805643,6.551076422256321,6.161684904534373,23.96764367467244,14.943103704143796,0.2890689213233683,2.9000675118373405,3.8444629151728034,,18.210867235094597,31.559808216900592
16300,36.350383112820744,5.210887535530034,19.93902798523368,6.4203417310834014,6.040763021280927,23.979390178353803,14.880399011390748,0.2821237935987346,2.8275986408388727,3.79581674337488,,18.01922802906193,31.569887134507024
16350,36.27153631461861,5.112231842061815,19.939930870719433,6.292733761992513,5.923517314075395,23.991125180910853,14.828873774875918,0.2753365056237774,2.7569449800300627,3.7491189399090468,,17.84182566582396,31.57995572405132
16400,36.20007676108503,5.016880451571409,19.940829704914403,6.16824491506174,5.81001599717474,24.002838224077628,14.787853813528638,0.26870434926875203,2.6880599216247214,3.704256485717993,,17.678163539158437,31.589999863741962
16450,36.13559099962528,4.9247531767033665,19.941723090865317,6.046678128019169,5.700519311466529,24.014528315572303,14.756613346919382,0.262219414253095,2.6209075526588426,3.6611560050115037,,17.527682204049775,31.60002046591167
16500,36.07762225468488,4.835669776380589,19.942600952478617,5.928090555174733,5.595160593277651,24.026188994536554,14.734313155653178,0.2558801287321883,2.5554241032547713,3.619710508175253,,17.389725100960955,31.610002981093547
16550,36.02563482231378,4.749571344994694,19.943458889192346,5.812441194999968,5.493844563703784,24.03779705006115,14.72000738614483,0.24968750208087964,2.4915522959193086,3.579818714551631,,17.263440250257094,31.61993034585166
16600,35.97911920029098,4.666341437003611,19.944302791897016,5.699839242476083,5.396461738891401,24.04932510033573,14.712757431208518,0.2436364641654293,2.429248224439349,3.5413586099063417,,17.14798690038214,31.62978918192579
16650,35.937527398958984,4.585906685636918,19.94513478929665,5.590282259048993,5.303108319789427,24.060757180122295,14.71146853526259,0.23772891643590952,2.368450476988494,3.5041839030799817,,17.042422175681104,31.639559445997048
16700,35.900362694696966,4.508214648573608,19.945960821796074,5.483616961834602,5.213570161305068,24.072077516068017,14.715302609701912,0.23196087622950903,2.309112022317938,3.4682083794344725,,16.94585422864496,31.649234841814188
16750,35.86707888005328,4.4331560568175234,19.94677707354326,5.379748007623633,5.127331222871967,24.083272581476272,14.723395109210594,0.2263283393489071,2.251185493165866,3.4333515156798233,,16.857260737752913,31.65880774456578
16800,35.837274160896555,4.360709958916092,19.947584447939516,5.278797007697487,5.043819927802049,24.094329672269033,14.735116205513545,0.220826117761192,2.1946401982117916,3.39954461617464,,16.7759052296239,31.66826839298198
16850,35.81065354452782,4.290806601869962,19.948390166148812,5.180772993259908,4.962756306534436,24.105243253099403,14.750023933358976,0.21545134745423036,2.1394323712096823,3.3667058566281582,,16.70124190222018,31.677617116975952
16900,35.78682590812512,4.223305798714242,19.949185463016274,5.085341899206934,4.883919702808092,24.11600835523836,14.767565809883962,0.21020803938694596,2.0855112459774854,3.334789147723357,,16.63251350058865,31.686849058105967
16950,35.76555013450219,4.158103544023709,19.949963843114595,4.992377282556315,4.807197614459623,24.126622557802563,14.787408015400166,0.2050920527249618,2.0328728394554196,3.3037444772956457,,16.56927066987666,31.69595945687643
17000,35.74675457771792,4.095107195978728,19.950729123309486,4.901974546457422,4.732733211102477,24.13708953571467,14.80943175025284,0.2000967905861685,1.9814917990715286,3.2735517017282776,,16.51140563676544,31.704951454588088
17050,35.73041498165542,4.034356357773645,19.951485784099912,4.814226829228726,4.660580863576275,24.147412107436832,14.833627328013176,0.19521998880481958,1.9313231613839028,3.244196881658718,,16.45889878238166,31.713833032804807
17100,35.71637415062126,3.9757887256720523,19.952235082913663,4.729010430434887,4.5907721536808435,24.157592470779758,14.85977379080521,0.190458979802361,1.8823640704139404,3.215641901582311,,16.41145071696,31.72260499757167
17150,35.70449937289646,3.919261103493798,19.95297079838941,4.646296173897701,4.523572059650676,24.167633858106548,14.887636371278036,0.1858117265048168,1.8345890029689655,3.1878466157540224,,16.368817384498353,31.731263651202223
17200,35.69462637810252,3.864737758019942,19.95369347671795,4.566044152494805,4.459098301966443,24.177530494620868,14.916930110660651,0.18127581383278843,1.7880061016848325,3.160750325020801,,16.330680518616475,31.739805072987018
17250,35.68647475654557,3.812079315143376,19.95439662377718,4.488056698630066,4.3967170425559035,24.187276786003245,14.9473973826801,0.1768498905493937,1.7425802010269447,3.1343109392510446,,16.29647085585374,31.74822070910233
17300,35.67997353271465,3.7612407745058745,19.955086232540086,4.41258829931242,4.336409949169377,24.196880856643094,14.978881702174204,0.17253325341432896,1.6982801842735438,3.1085144829447073,,16.266035660471875,31.756520514493946
17350,35.67500797012288,3.712202949821264,19.955767288889497,4.339348905907456,4.278547480192998,24.206349614894787,15.011168266081556,0.16832155757709713,1.6550556586242702,3.083358818053866,,16.23912818226662,31.764711702583497
17400,35.67149700552883,3.6649356171572354,19.95644366455059,4.268596302955532,4.222845379644313,24.21568098321261,15.044172419729788,0.16421407266984706,1.6129009233045284,3.0587937782451147,,16.215590626153027,31.77279212251372
17450,35.66916086962274,3.619260551670332,19.95710771278686,4.200093451243854,4.168840971530171,24.22486711730952,15.077591716654094,0.16020926741758917,1.5717647444160385,3.0347572638856466,,16.194836027954327,31.780753974232564
17500,37.71075518239403,7.667004304645028,19.970689389055774,8.956815138629194,7.732034703603501,23.92706341618073,15.102017869411092,0.3787313357854484,3.300083358680355,3.587683599576628,,20.6032961974231,31.58488946043201
17550,38.22014362763706,7.953758466999554,19.992728102020887,9.34562990854943,8.728660548307738,23.95044067324699,15.27857217839779,0.37918927460006857,3.5201175071602995,3.832000368726789,,21.469353523086724,31.620345320978537
17600,38.49967060670304,8.010605122594331,20.00953398561003,9.302259964933896,8.86477459227721,24.010554739268702,15.666170606278381,0.3494947954915922,3.7235946650857112,4.078502035276097,,21.87729726110182,31.67978063961335
17650,38.72507722501038,7.827802401095743,20.00959522368965,9.209550360234994,8.822747515161621,24.096163061351383,16.179393129615804,0.3395178536829707,3.7411343014341987,4.336741694669808,,22.176184676104693,31.74662878628717
17700,38.86481697791377,7.641543614071387,20.01357765381365,9.068675948193754,8.724330552269759,24.159269288139516,16.629322913304925,0.33526728774642806,3.6463659300144853,4.423757524494502,,22.345325886115383,31.798748556665497
17750,38.75885732986307,7.470082458882217,20.015772742767048,8.895388801971007,8.568676628374575,24.186082539202452,16.62053012907717,0.32833526850261213,3.551896846607909,4.396951712497912,,22.128266662045124,31.82120104663088
17800,38.59313731272324,7.306480484959682,20.017304481905217,8.714854763478405,8.399933587285593,24.203626691259355,16.49429855784801,0.32106199310611855,3.4610728031686704,4.345802382007289,,21.815233033741727,31.83592083358442
17850,38.41526167632861,7.148403031051522,20.018678127732294,8.535291396312271,8.234626963554126,24.21804871838673,16.335330427577468,0.3138106196671692,3.3732661477337063,4.288426730527085,,21.480944971085705,31.84809778950682
17900,38.237281610051944,6.995194370152581,20.01991124853419,8.358483839642776,8.073870670728349,24.23104730311366,16.16700890231005,0.3066582332904188,3.2879534513476454,4.2294168773510545,,21.144471154136287,31.85908103725397
17950,38.063716154864295,6.846640612135245,20.021069845638724,8.185192060857382,7.915419801618201,24.243262758585733,15.999501106293991,0.2996164662080657,3.204957509890675,4.1706324309702545,,20.813143130454723,31.8694141858504
18000,37.89677649795774,6.702762375427664,20.022176942671674,8.015912280568081,7.75937328877005,24.254988544747732,15.837379757831293,0.2926982767898247,3.1241491990903434,4.1128220272458575,,20.490821105787305,31.879333734361246
18050,37.73724899368639,6.563378771957223,20.023229936584848,7.850812391040164,7.606088980605063,24.266347914475382,15.682460838263774,0.2859237486934226,3.0453383945444736,4.056276797307171,,20.179093662215898,31.888934453553052
18100,37.58534967193146,6.428625478441904,20.024247312612687,7.689731253999441,7.456147570347642,24.27739627941676,15.535254880860185,0.27929204967734883,2.968515241993176,4.001062299063224,,19.878615326807445,31.898262690155626
18150,37.441299809888356,6.2984543324297855,20.025225595445544,7.532514255665732,7.3101733110622655,24.28819220782896,15.396380394492471,0.27279966445381104,2.893655929531141,3.947260468526015,,19.59005750196009,31.907374986417224
18200,37.305402864044225,6.17269929427401,20.026194046415135,7.378887005979478,7.1678928645366105,24.298801294620166,15.26713543211955,0.26644744719674024,2.8207199510294956,3.8950138356082245,,19.314243153409354,31.916345252231174
18250,37.17794180460897,6.050994861394086,20.027137294254565,7.228897506642463,7.029693092454426,24.3092902374585,15.148448600456133,0.26023696793379136,2.749660000695126,3.844425240156113,,19.052026067463313,31.92521980427996
18300,37.05910527474162,5.933122168051121,20.02805997029409,7.082595719015872,6.895799690773059,24.319698619652186,15.041068487910342,0.2541681170068813,2.680420589252478,3.795550718889747,,18.80412461564508,31.934028577736203
18350,37.80837148236823,7.605261676690744,19.931745110604275,8.425384782122602,8.108177992586663,24.163393635813406,14.896284247203985,0.48189445695121574,3.9605909654175555,3.992674204298874,,20.47972055529572,31.781346732411333
18400,38.13093864119263,7.856414256781968,19.89457119344915,8.70599541613113,8.472643856163137,24.147110294744202,15.167541720604547,0.5028922058814166,4.249009575170992,4.1745638383532215,,21.116746859715132,31.749826514819073
18450,38.30781890663463,7.918729471238592,19.936697637724148,8.645281919301288,8.578874005419031,24.174886677415586,15.395388863327028,0.4622100597891787,4.379171787522939,4.258978020466458,,21.366578952820507,31.795570339850816
18500,38.36863689195841,8.07764357946279,19.963160506378607,8.570278048878684,8.527508521621792,24.17260121645273,15.445481467727781,0.4171876800656687,4.538186516843539,4.308293927255112,,21.450132135497313,31.812641014487582
18550,38.445787386547586,7.990401206976529,19.972243054590532,8.453629774995239,8.475227947778981,24.21745424504832,15.651826302133504,0.39316277701494085,4.548442604306347,4.443034408482959,,21.528691707960757,31.85269221141603
18600,38.59272459119268,7.81989300157465,19.981124858637934,8.337082138413518,8.337859376722648,24.288946182265043,16.107819862645595,0.38245073385211703,4.450239669698823,4.53980259223294,,21.700173411054955,31.913960351259945
18650,38.641409246921334,7.666896812352206,19.987981494493663,8.224019638282025,8.185684258456202,24.34072657968299,16.36618158390093,0.373057699442526,4.343455819362998,4.570582159486692,,21.720496166172495,31.95901367194149
18700,38.61126866672365,7.518130257071256,19.99274040914199,8.108080489395876,8.020248023786833,24.377967810267833,16.473116154742105,0.36416732758088327,4.236353833274335,4.561204532736099,,21.618783388125518,31.991534393824
18750,38.53236450496765,7.3710956446536855,19.996078452772167,7.982493980283814,7.8504385534091075,24.406321186037022,16.48749988476061,0.3554861199356467,4.131025138862293,4.529835412038666,,21.440823554443956,32.01615529152262
18800,38.428935042847506,7.22749021348298,19.99862558757528,7.850616952484999,7.681574882121901,24.429717281614938,16.45196926154498,0.34696045779381524,4.028151332882318,4.4875233016395795,,21.22393964007485,32.036345526321384
18850,38.3154766125532,7.08764330614769,20.000790927444644,7.716013121304479,7.516509326701993,24.450257612845057,16.39219583395883,0.33861023805897816,3.927783494839193,4.439969602716092,,20.99081939304007,32.05403639568477
18900,38.20014996003161,6.951815372123546,20.002744812043122,7.581280333175953,7.356038081944957,24.469166251479503,16.32283249621905,0.3304343204738164,3.8299383834847296,4.390243686660418,,20.754428442714353,32.07031582297175
18950,38.087144610872876,6.819829974781153,20.004534941224307,7.447872103942008,7.20000218774435,24.48705491245614,16.251981643339995,0.32244328599316846,3.7345696474608503,4.339874351203427,,20.521668972743427,32.08569287365761
19000,37.978627806734785,6.691365086881003,20.006212521928262,7.316593823995003,7.048821135015446,24.50422580159156,16.183849074940323,0.31464872561495466,3.6415591901383673,4.289618763199429,,20.296244332008847,32.10044604203947
19050,37.87581979576045,6.566853514343695,20.00781186925017,7.18766921376538,6.902562854392473,24.52085491902421,16.120834877283844,0.3070410648796023,3.5508529125767487,4.239951405222886,,20.08036716738138,32.114740846285386
19100,37.77953284716885,6.446497607903024,20.009353467633787,7.061064533415494,6.761342202343716,24.537085523726645,16.064704850217417,0.29961080361419173,3.4623621915068097,4.191197600275696,,19.875599723471698,32.12870426554177
19150,37.69038664147748,6.330030428926667,20.010860552259636,6.937479557450099,6.62473470187614,24.553026848345347,16.016935050450897,0.29235519866390103,3.37602454377911,4.14359002826668,,19.683233429818596,32.142426276361526
19200,37.608494474196974,6.2175029625580605,20.012322872408358,6.816613779859332,6.492746263005753,24.56873121153236,15.978091470310902,0.285264578291369,3.2918013557312515,4.097215749000319,,19.503703950040215,32.15593862484643
19250,37.53371981949891,6.109057306472264,20.01376251013729,6.69886123873743,6.365176914226678,24.58420603015601,15.947947921700887,0.2783321354895429,3.2096602865469235,4.052038558345423,,19.336946872295677,32.16928051956805
19300,37.46555246952922,6.0045463761818025,20.01517884194652,6.584592427351298,6.2414848036691115,24.599436704911362,15.925721342221083,0.2715502503692644,3.129576255404409,4.007966698162289,,19.182237001200683,32.18243939599381
19350,37.40345516678289,5.903749830479569,20.016550763772365,6.4730094957767035,6.1218447085434775,24.614435089660706,15.910754607579591,0.26492190217114564,3.0514733568154924,3.9649536035994974,,19.03876083066219,32.19540408888171
19400,37.34723401658626,5.806778444582785,20.017889118633985,6.363701434410802,6.0063384072083394,24.6292129232991,15.90286542821565,0.25843943954751997,2.9753245034067706,3.9229996326035246,,18.906300182959097,32.20819308936002
19450,37.29667963794677,5.713363546615401,20.01919441959064,6.256703118487705,5.894911444514973,24.6437832137475,15.901842478876548,0.2520962282294259,2.901106217038171,3.8821017295907763,,18.78460018932204,32.22081792479755
19500,37.25155396254938,5.6232939666831765,20.02046237766974,6.151852546148758,5.78730552811786,24.6581646683392,15.907525805739482,0.24589459563058566,2.828751550707567,3.8422606872742313,,18.673331169186973,32.23328986731883
19550,37.21157405999002,5.536412263266886,20.021697968407498,6.049107284768675,5.683468069671668,24.67236300651808,15.919501796428538,0.23983316649998362,2.7582275222884034,3.803434330859698,,18.572073381248355,32.245609535929816
19600,37.17632560640009,5.452521412212549,20.02290014885596,5.948462180549591,5.582902249997592,24.686376207977634,15.937212968099262,0.23391275633045125,2.689469255265405,3.7656046128054634,,18.480142506726057,32.25776679381534
19650,37.145526901258904,5.3716083349794275,20.02406955013561,5.850049507662529,5.485856863287509,24.700216239560415,15.960002327738549,0.22813299535056408,2.62242681253431,3.7287267155623436,,18.397061393246474,32.26977379631393
19700,37.11873880339651,5.2933827728477025,20.025208311341544,5.754088723828951,5.392098243883771,24.713872994370057,15.987103456781723,0.22248729669323103,2.5570951177172607,3.6927509245739474,,18.322054505828497,32.28162153672309
19750,37.09551909583698,5.217737669370759,20.026321002926583,5.6602143501937086,5.301208026014844,24.72735021932665,16.017925788627856,0.2169752137451501,2.493409597808438,3.657652192419068,,18.254293451452085,32.29331676334717
19800,37.07564700652773,5.144664340688193,20.02741369600012,5.568753331727689,5.213378258540058,24.74065841365877,16.051886145424,0.21159779078080457,2.431312992564662,3.6234127321413103,,18.19337715344021,32.30487004625353
19850,37.05874996333564,5.074061948871656,20.028482913926908,5.479613322623014,5.128587920854224,24.753790800755667,16.088349035385892,0.20635532905184206,2.3707476027651855,3.589983246946697,,18.138622407799758,32.31627029829238
19900,37.04453598965857,5.005915491459752,20.029532029050007,5.392601880757645,5.046561366641444,24.766755619203142,16.126903043206028,0.20123883138465423,2.3117154727383937,3.557338281166143,,18.089462579916887,32.32752681939798
19950,37.0328549665313,4.9402264709325205,20.030562277339865,5.307891263100331,4.967037470237656,24.779562057403748,16.167324160090406,0.1962474943426425,2.2541706429181114,3.525485601929305,,18.045609279151787,32.33865075596589
20000,37.02345109114786,4.877023111048966,20.0315710439456,5.225434974833564,4.889929816069555,24.79221692341122,16.209170268916374,0.1913788817703325,2.198059891055702,3.4944011728358144,,18.006563509418324,32.34964607657868
20050,37.016000896489246,4.816246779287699,20.03256675470175,5.14495955459893,4.815018443157746,24.804717308436985,16.251979445225842,0.18662834549845295,2.1433492477303053,3.464063270972058,,17.971687019571796,32.36051279011888
20100,37.006111735021285,4.755369661940494,20.032839770444916,5.065559204329478,4.740402137333984,24.816732991628793,16.289119506492515,0.18290578771564958,2.0872542347172316,3.4346845468734806,,17.933150708988073,32.37057941084157
20150,38.35930142972162,8.129977679502538,20.00886026653959,8.949412510741366,8.250117031891545,24.40054850316085,15.175968926411139,0.3095327793551402,3.7494623824189177,4.1203744738353345,,21.045399935522667,32.07065867315708
20200,38.562796468999565,8.061136053059572,20.02024652123126,8.996495921154729,8.224232038573405,24.419322916691833,15.646038427288724,0.2934328549917539,3.7383518586255966,4.190337355378476,,21.382109802058086,32.09197176744078
20250,38.9897348547348,7.94037454422668,20.030898033611063,9.08169594609726,8.114302991376661,24.457383536740533,16.6401714694708,0.27470608987616696,3.7433936342392244,4.2949401020824585,,22.089962344030166,32.12838289864354
20300,38.856384806747414,7.902141744119682,20.025614107639992,9.082532094398303,7.984904836391807,24.438701451307914,16.42326344642167,0.2516156345134822,3.805214242143878,4.310661725637763,,21.871445525560958,32.11632779245552
20350,39.04309981518559,7.686437973627025,20.030522903608862,9.047572798786645,7.817487176135984,24.49784202797006,16.951118035643884,0.24498097936929458,3.740658584087194,4.4217166753502255,,22.13100231719026,32.164924679144896
20400,39.16387387857235,7.5186274390884735,20.034797490046035,8.988629179315721,7.661863355237568,24.544646124345935,17.335057769025305,0.23932300025186182,3.6594037429482804,4.471481976594216,,22.28684695276621,32.20412194239578
20450,39.19542849460071,7.369442238724581,20.037515952023245,8.898828799248744,7.51805981456329,24.578768465146197,17.543451550058258,0.2341247768633608,3.5722318580071244,4.478426805606478,,22.301326374315448,32.232475189188
20500,39.15665371832098,7.232012887628786,20.03967619363058,8.778606508656242,7.3700345312178,24.603449628690313,17.623215113833023,0.22887547360708693,3.4848876304492364,4.457273435602945,,22.203133527038514,32.25312995659489
20550,39.07422172242834,7.101503685122978,20.04142457462248,8.642915985187118,7.221928383753364,24.622334643664036,17.61951449805218,0.22358341464543885,3.399369531097986,4.419971281854395,,22.03416248361659,32.2690329396323
20600,38.96781419631948,6.974642870244319,20.042863963094852,8.498384557552653,7.077107467389468,24.63771344223712,17.567911565964042,0.21831999323815982,3.315918218111123,4.37368223986367,,21.82575196501304,32.28199334614589
20650,38.849941556779584,6.850710337064543,20.044068001643517,8.349380464364364,6.9357127103549665,24.65096158322323,17.491160395695708,0.21312882432588356,3.234514892655801,4.322810474327538,,21.597911393374925,32.29315999417082
20700,38.7288401883511,6.729666681134997,20.04513362581008,8.1985746563582,6.797489825268671,24.662835995919398,17.404604924839084,0.20805219869870226,3.1551226624853013,4.269769972083522,,21.36419225458287,32.30316318325591
20750,38.60921170938255,6.61153135481852,20.046088887571297,8.047260055068946,6.662362162949351,24.67375205613199,17.317260706586985,0.20308254981514914,3.0776283832820877,4.215820251926668,,21.132503815958348,32.31235849158072
20800,38.4938291959962,6.496228850186745,20.046953785796834,7.897250804829129,6.530260246295517,24.683952674350166,17.23409489440315,0.1982209143380729,3.0019659431208736,4.1617345103387695,,20.90767500862781,32.32095314040304
20850,38.38391304351082,6.383825782355358,20.04771637643898,7.748038251088133,6.401539954564716,24.693606868264272,17.15773067432277,0.1934664179064117,2.9280862262860508,4.1080100062650375,,20.691950796952007,32.32905740581246
20900,38.280604502444234,6.274445960705207,20.048418669455085,7.600655463290243,6.276438535019364,24.70278625261014,17.09009377443287,0.18883276300329677,2.8559685281934653,4.054886650696997,,20.48751799232413,32.33676371541761
20950,38.18390826073223,6.1679520170859945,20.04907434261308,7.455508138465491,6.154795404895333,24.71151133249832,17.03126629826555,0.18431034327763018,2.7855974141342874,4.002421840532088,,20.294603787155033,32.344086123840434
21000,38.093126239703764,6.064459343445974,20.049691351742,7.313251716590971,6.03641387357053,24.719785278390322,16.979623487436147,0.17989168349615317,2.7169160655792717,3.9505874566088495,,20.11208620468354,32.3510472042156
21050,38.00805635193723,5.963872375973862,20.050265500974405,7.173954821241246,5.921433325432825,24.727653467552514,16.934794522551243,0.1755884691395531,2.6498867896636074,3.8994338088866676,,19.9397217699305,32.35768600178009
21100,37.9287458995926,5.865886554517076,20.050808267721834,7.037689691900299,5.809391604452694,24.735140422431062,16.89726201641602,0.17139772650272497,2.5844067141449423,3.849019437405399,,19.777746918636893,32.36403084194259
21150,37.85568761546796,5.770359163021458,20.051316995725582,6.903884805813376,5.700198734998383,24.74231201146963,16.868488814582484,0.1673169219874303,2.520463013946249,3.7994984351192818,,19.627227886771955,32.370125275021955
21200,37.789256200369415,5.677291366811608,20.05179735561361,6.773186176810362,5.593909733192896,24.749218597170184,16.849078496480487,0.16333491849264467,2.458038459899372,3.7509857260495285,,19.48901921868718,32.37600985406942
21250,37.72942280882102,5.58654283685176,20.052260067767435,6.646165456769388,5.490429980972374,24.755883052801977,16.838920577770562,0.15946383553118307,2.3970959320018745,3.7035016630445368,,19.363226001043092,32.381705086658314
21300,37.67581969102238,5.498009645165879,20.05270006506103,6.522412497055037,5.389565884201859,24.76231845649522,16.8375759657854,0.15569096091618562,2.337659394831352,3.6570402465477194,,19.2492878510401,32.387224435234174
21350,37.62804808405669,5.411495233352683,20.0531133780012,6.401518082322843,5.291576902369786,24.768549460068062,16.844381453279023,0.15200399201331558,2.2797051546785716,3.611614075070667,,19.146572994460687,32.39257237676364
21400,37.586008010651156,5.327021253822886,20.053509336631986,6.283657177180783,5.196384532189089,24.774594252786162,16.859140986683546,0.14841026221250267,2.2231387802848297,3.567256572712641,,19.05498560143554,32.397770323061074
21450,37.54952844507562,5.244806815108937,20.05389810907766,6.169556892923172,5.103830922143991,24.780478124256224,16.881230327071616,0.14489792179551866,2.1679786557861367,3.523999990287131,,18.97427090537632,32.40284138863339
21500,37.51839512973603,5.164766095036017,20.054277061264184,6.059218579168029,5.01380645489849,24.786216454173864,16.910333100425163,0.14146485303824372,2.1141875482061896,3.481818190712059,,18.90408338574508,32.40780159862432
21550,37.49202167513907,5.0869353864731846,20.054644897560834,5.9517393215301375,4.926115393209533,24.791814271317193,16.945618613677354,0.1381127511225768,2.0617146739232552,3.4406967731303535,,18.84334102953305,32.41265475294818
21600,37.47025503027261,5.011279715206699,20.055010498674147,5.847809465269905,4.840644537312802,24.797275349912773,16.986625337131137,0.13483414176548716,2.0105556149168073,3.40060394916329,,18.79179929713765,32.41740722528202
21650,37.452664676763796,4.937699903600503,20.05537223359245,5.74740987901953,4.757213398114377,24.802596542736943,17.032598912056127,0.13163077414090343,1.9606542018198256,3.3615091061777234,,18.748648786523447,32.422064401726544
21700,37.43890029619498,4.8660698351160745,20.05572422065157,5.650743267515807,4.675979986811786,24.80778695234573,17.082783242269628,0.12850253107506193,1.9119615144031878,3.3233974954160246,,18.713240464182057,32.42662311616996
21750,37.42817549592196,4.796350655917872,20.0560670898395,5.557902887367972,4.596950838378965,24.812830249491444,17.13557618969165,0.12545201217994617,1.8644033803727105,3.28618596492496,,18.684048266056838,32.431075550237175
21800,37.41873167109027,4.728363714199108,20.056394438300433,5.46829707261934,4.519835406004211,24.817698232922545,17.187647726897605,0.12246781465891092,1.8180480594101078,3.2496517577329023,,18.657605057615267,32.43540123672132
21850,37.41105481079746,4.6625274742585585,20.056716464286747,5.381866138928003,4.444724282299052,24.822427251503175,17.239964459310865,0.11954502682672609,1.7728514234521218,3.213932917616932,,18.634848012704136,32.43962795100937
21900,38.54997448711922,6.470425953275023,19.969350352207897,9.053261851367367,6.990868830252999,24.61039389518304,16.990711892489905,0.1620371523779526,2.651501832536941,3.6349517196130043,,21.101267607226635,32.26200611130298
21950,39.18250253377811,6.64580406974333,19.993442284285305,10.10913278167434,7.329724969615934,24.607089672048318,17.525090512253566,0.15105449245301397,2.7799323523880197,3.880222163598175,,22.21358128455888,32.27731883728609
22000,39.33690940656141,6.860779726541565,20.014322960109215,10.558989240212671,7.298014455723162,24.586807923296085,17.479708666667552,0.12291119701197059,2.9554144640158713,4.024280076781049,,22.477721425120254,32.282262640569506
22050,39.23819825117066,6.77499612527032,20.022702281053487,10.59167790836409,7.2881524079818485,24.582595202175053,17.23096745383373,0.10979544455788581,3.0345889434166913,4.134634816318169,,22.300957890896896,32.28472516758684
22100,39.23501061221294,6.638992056719435,20.034179388352662,10.49574500795614,7.125302898848001,24.616597589079174,17.338138918849868,0.10698286294046742,2.9694199342794616,4.1945268700011145,,22.246602516260186,32.318334335543774
22150,39.18044541203253,6.516327928488959,20.041394420421547,10.35414554307491,6.97500921593497,24.643006141921063,17.3696914027169,0.104987040101232,2.898380100971803,4.211013961568101,,22.113491560980098,32.34348147104333
22200,39.12195434486013,6.401655720167535,20.04623087404804,10.188697189923367,6.8333335678982525,24.66418601847119,17.412554644075488,0.10310964728925717,2.8271350440307708,4.203366522776386,,21.981001644319885,32.362986241595934
22250,39.07437708096195,6.293248530505621,20.049636503541993,10.008447851890669,6.696821577396339,24.68150434174834,17.49099085430941,0.10125217643628927,2.7569918418234303,4.180301660698931,,21.872989147365185,32.378685736521945
22300,39.02634810021179,6.1898800657679365,20.052267404618743,9.821010646983927,6.563816538759928,24.696000584290164,17.572152149864298,0.09945418903882958,2.6882908324741717,4.147540269652076,,21.767453844617094,32.39187859883044
22350,38.97371688864579,6.090756269289692,20.0544682007292,9.631244510287308,6.434359236668523,24.708582223520455,17.641781259814188,0.09770994071366071,2.621125433752048,4.108944448315717,,21.655583743657996,32.403492108686834
22400,38.91701836268901,5.995528829234288,20.05639146413373,9.441593503608424,6.3091682861620075,24.719933075192227,17.698109376405338,0.09602040318810098,2.555510318570595,4.067161385940617,,21.537404547496322,32.414109946123126
22450,38.85842965255094,5.903905107161684,20.058138101044506,9.253945462468991,6.188461680850177,24.730491348578436,17.744146756856082,0.09438120349394964,2.4914218290322268,4.023922695193656,,21.416255558366206,32.42408908390486
22500,38.80086090828122,5.816036516120899,20.05977762243026,9.069515791291975,6.071704110237233,24.740564767887193,17.785304298929333,0.09279823178802409,2.428866945134344,3.980394518925116,,21.29700883676056,32.433689611740576
22550,38.747111490627084,5.731772278155682,20.061337934466092,8.888940006953872,5.959133220069767,24.75034115625396,17.827136535905836,0.09125534321084405,2.3678558661286075,3.93730607835194,,21.18456222695823,32.443072790955235
22600,38.69867575628458,5.651003798880557,20.062837094277544,8.712668060972408,5.850752586189642,24.75992825251791,17.872668201287212,0.08974037022398108,2.3083448184863395,3.8950627311834722,,21.081600777202254,32.45232832880736
22650,38.65641202004124,5.5735471738868565,20.064275092105454,8.540698149647673,5.746447223252966,24.7693872155765,17.923914987935795,0.08825200714700711,2.250312056382946,3.8538918408739105,,20.989742463212444,32.46149875762371
22700,38.61959468274755,5.499355054332095,20.065674931099455,8.373110926433732,5.645952216171407,24.77874185667333,17.979467702027538,0.08677305608497082,2.193747499694763,3.813889024119723,,20.90773388274801,32.470598352169205
22750,38.587834708411116,5.428307483923494,20.06705023296402,8.209860528028965,5.549046624820321,24.788006587714268,18.03875869214691,0.08531351235910534,2.138613944173882,3.775075921559809,,20.83491261510051,32.47964599260255
22800,38.56208955274434,5.360245478175976,20.06840275727899,8.051698507914892,5.455602642302469,24.797174259252635,18.103766203707817,0.08387490488463506,2.084848696529187,3.737438924826091,,20.77308187091916,32.48867218366986
22850,38.540854802924216,5.294969191169607,20.069724534350165,7.898025095061987,5.365297050065958,24.80622768562673,18.17191931789694,0.0824679528698866,2.032419720167656,3.7008944746900876,,20.719618553276394,32.497613696190236
22900,38.52360066836249,5.232476698493972,20.071012435893014,7.7482771023035575,5.278127653012544,24.81515602223476,18.24253554189185,0.08109819350454546,1.9812903508705497,3.665360350817212,,20.67362396150008,32.506446756819614
22950,38.50966073061065,5.17265429755604,20.072273872977156,7.602560988353892,5.194039221840093,24.82394740591555,18.31439468819159,0.07976220900137185,1.9314373012495787,3.63073435933981,,20.633914453670435,32.51515867876622
23000,38.4987692494459,5.115501537541295,20.073519189431718,7.460741023078835,5.112929454462092,24.832580966499197,18.38722596636705,0.07845650296832363,1.8828083174652257,3.596904515565792,,20.600020843773557,32.52375093617242
23050,38.49018450076169,5.06076853259545,20.07474574493138,7.322786266479912,5.034484374534694,24.84104670886001,18.459832128710776,0.07717844207581152,1.8353802140953923,3.563803524660809,,20.57059347132528,32.53221460552825
23100,38.483648958717936,5.008388063181435,20.075951137905022,7.188758336038249,4.958880203937479,24.84934482781181,18.53179123356208,0.07593950077564787,1.7891162719119726,3.531402591871598,,20.545189124336222,32.540535352435256
23150,38.47939760598697,4.958326414986963,20.077136951331635,7.059114833697779,4.886161094396934,24.85747003646514,18.60358832119469,0.07474010611349824,1.7439727193468213,3.49965665119881,,20.524260407746688,32.54871387374065
23200,38.47559325717029,4.910191237878976,20.07830118057385,6.933139377552932,4.81581162387726,24.865410446046834,18.67212923255414,0.07355724986521281,1.6999327056046976,3.4684907921767407,,20.504435263349627,32.556710691074315
23250,38.472277819961164,4.864198529277155,20.07944979163825,6.810620385681418,4.74783260460017,24.873162102585205,18.73769373687796,0.07240550762017425,1.6569578726872238,3.4378559309631087,,20.485742895344448,32.564558935783545
23300,38.46954542410727,4.819914911584046,20.08057660385342,6.691722127439707,4.681924996715541,24.880723035543195,18.800766760931133,0.07126846413937289,1.6150769899805548,3.4077058977694232,,20.468395307964,32.572238465514914
23350,38.466542315946924,4.777338923541378,20.081687146871626,6.5760931051076925,4.61811271455023,24.888095781483468,18.85985793988936,0.07016178252655152,1.574213288932551,3.378041299644699,,20.450790257234996,32.57974916415284
23400,38.463804403537,4.736494265123797,20.08278050229793,6.463445788853638,4.5562534634488285,24.89529564679766,18.916294511254605,0.06907473792684153,1.534368460848092,3.3489132874464578,,20.433878514255515,32.58712718326362
23450,38.46138339437682,4.697499338279601,20.083873891856715,6.35389071501795,4.496199049408297,24.902333785670578,18.97022440277788,0.06801502820954798,1.4955111082189634,3.3203866609544668,,20.417701977037684,32.594408394479515
23500,38.45954202268931,4.660303523309561,20.084970522342765,6.247556879708674,4.438150394424787,24.909220311391046,19.022197140910897,0.0669768853071667,1.4576141408662577,3.2924749684111756,,20.402739672355224,32.60160404730276
23550,38.458253681542246,4.624634862244327,20.086060707919348,6.144499489509974,4.381934512869862,24.915965746421033,19.072351917218338,0.06596113302591378,1.4206781583686978,3.265170099565855,,20.38896091578023,32.60870357755188
23600,38.45821511035459,4.590540733153683,20.087147992422864,6.044610564767054,4.327963641296406,24.922592589446037,19.122080282608245,0.06497262252056665,1.3846612862693144,3.238527534017904,,20.377674153691018,32.61571255637839
23650,38.45884240568379,4.558045110049903,20.08823437912118,5.947942383114473,4.276130239531936,24.929113966420257,19.170278612014606,0.06401342597749844,1.3495516678867945,3.212572557179221,,20.367735987913356,32.622659148387655
23700,38.45959722503484,4.527021418113632,20.08931895650569,5.854012391041012,4.2261662013943,24.93552643827515,19.21621773618833,0.06307112078539824,1.3153599905475128,3.1872190244524936,,20.358142688935136,32.62953638911936
23750,38.46055101743844,4.497369266437385,20.090397961205806,5.762871558351777,4.178397638112169,24.941836760715383,19.260063455099687,0.06215787682515809,1.2820316239262461,3.162457052259842,,20.348993893438134,32.63636671092238
23800,38.461776655898646,4.4690024621656015,20.091483873030274,5.674591517971071,4.1326307949921475,24.948035479614816,19.3020950930761,0.06127834059166877,1.2495479723678982,3.138224923911455,,20.34045674332395,32.64313224862463
23850,38.463206358500095,4.441809538008566,20.092573464432558,5.588611290027825,4.088462116225346,24.95413603689915,19.34250856872547,0.060411111620436164,1.2179045545466496,3.114559401983326,,20.33241995723995,32.64982300195504
23900,38.46503718370725,4.415977371703961,20.093667625550893,5.505459371250496,4.045743495002026,24.960156126418383,19.38155339579419,0.05955948152046147,1.1871729934450952,3.0915521178236647,,20.325230407882962,32.65645563147433
23950,38.93351925220587,6.086992239618553,20.123133063716683,7.686471197505937,5.6370449597739976,24.74847022026112,18.849010159717903,0.14838790005926109,2.190075453010003,3.2215579282388354,,21.39036182916581,32.5310827083768
24000,40.192005936190704,7.787993041384233,20.059195357635875,10.587405647736443,7.846946375029946,24.562041875727598,18.67693337375684,0.22524165521790646,3.2242630181840557,4.017102716834514,,23.827248004327636,32.367570092842215
24050,40.214256138346265,7.667043068867962,20.09129934132944,10.547421090721171,7.731692600483801,24.582818817245755,18.779066500216363,0.2144736174081509,3.2011822091193043,4.0562901640227205,,23.816734887971666,32.40292480682251
24100,40.3850559503491,7.5523910644820615,20.098570263878248,10.476658407425203,7.620550022363669,24.620738454284957,19.205354918322435,0.2010812256038073,3.1924605999753175,4.107285566644292,,24.057942666987884,32.43714134668391
24150,40.56856082129483,7.45745713317722,20.103569028093247,10.419886649332874,7.529297013309793,24.662869874305848,19.615793823622653,0.19011662381106198,3.1991742856627363,4.179622356448059,,24.317819641411912,32.4723232152992
24200,40.69627891868983,7.241963554275268,20.102411576413743,10.330706495046899,7.426544036458926,24.705277630278516,19.985065125761476,0.18317638030207328,3.1782783178676923,4.227114853460922,,24.4893910672676,32.503182043951206
24250,40.79039472304377,7.083793930537861,20.107612871138805,10.173245545797068,7.304058716046373,24.746016026041964,20.308964981682763,0.17799758676548322,3.116081101327831,4.237317407745489,,24.599946645222857,32.537653982945756
24300,40.783167299891865,6.952869649468262,20.112862103921803,9.984536621085997,7.162216222232034,24.776232569850063,20.45613590211027,0.17355667259633353,3.0434446931329515,4.219114832002318,,24.552497108716796,32.56442262250972
24350,40.7071361975042,6.830194264926736,20.11672666277222,9.786420743386046,7.017634083953807,24.79956828638196,20.47731032118914,0.16916487006981767,2.9702727695711832,4.186348136246904,,24.398493218992314,32.585034387659356
24400,40.599304885329026,6.714216612548354,20.1199047285708,9.586807710221864,6.876754595631579,24.819298581187105,20.435097755553016,0.16482556019289757,2.8984611915970824,4.14687873442116,,24.19468349500176,32.602466896671956
24450,40.47704751673022,6.603524989877027,20.122780605202603,9.389031622747924,6.741098726958315,24.836872289120812,20.359806939951294,0.16056750777247075,2.8284552408928234,4.104181102553267,,23.9677460852909,32.61807050183469
24500,40.34982571758029,6.497686350995898,20.12541805700888,9.194201402771597,6.609026674706486,24.853052337117646,20.26924638645205,0.15637807501160367,2.7601265458002358,4.060070237657672,,23.73248000261294,32.63246586399319
24550,40.22335085030882,6.396273364085632,20.12785190658729,9.003020224236163,6.480551482469636,24.86833195613759,20.173903676477686,0.15228133800034416,2.693439274475899,4.015615652776933,,23.49794006033339,32.646052847902126
24600,40.10049424831645,6.2988824538234365,20.130110137407847,8.816024371598749,6.356534675177806,24.88300276715471,20.07880589856182,0.14829031268579274,2.6284014002826184,3.971373678017642,,23.268724012243503,32.659089420884094
24650,39.982646938147965,6.205147185855182,20.132235560548224,8.633308837723526,6.2379932919218195,24.8972242726782,19.98641083553818,0.1444010119142092,2.5650157405663236,3.927615325733704,,23.04714321523545,32.67171935783331
24700,39.870223569108425,6.114765400481787,20.134199571563595,8.454972274160575,6.123284311289998,24.911065115717566,19.898258552541012,0.14059496769057833,2.5032169885133464,3.8845194537651837,,22.834005806816055,32.68398547094555
24750,39.763710320907805,6.027586323120218,20.136141021453,8.28135697650382,6.011311065849586,24.924546735629526,19.81558052631784,0.13687553033191768,2.4429221631638454,3.842276289677728,,22.63017894018848,32.69598843314146
24800,39.66384435921701,5.943614157258255,20.138018780721136,8.11202451438758,5.902315089669817,24.937803116714957,19.740020055845548,0.13326201888974368,2.384072072663621,3.801047229754907,,22.437010538371236,32.707814165015805
24850,39.57095339094363,5.862806714908548,20.139834379634795,7.946864716070223,5.796714398425522,24.950884792301867,19.672295484348265,0.12972411635242526,2.3266438693527323,3.7609044971803187,,22.25520864880396,32.71950550155724
24900,39.484938091951754,5.7848204683595155,20.14158849561726,7.786207048285345,5.694232196112324,24.963796980079614,19.612449763167948,0.12626156041713227,2.270590253410979,3.7218857034273456,,22.084795444039617,32.731057824644004
24950,39.40536644978924,5.709422549838047,20.14327052667493,7.629774296560002,5.594965035095329,24.97655157578636,19.559952095371237,0.12287369101912758,2.2158945434238526,3.683995243716393,,21.925169262773654,32.74247788181129
25000,39.33153554886157,5.636457762262499,20.14489311433408,7.477470107073667,5.49823178054136,24.989145203940353,19.513839902172485,0.11957387012991562,2.1625365089205504,3.647192647618892,,21.775234016890668,32.753761190755
25050,39.2631933972872,5.565974099550842,20.146493560297806,7.329561424870454,5.404628260216863,25.001582330343748,19.47345635548978,0.11636225679935724,2.110453224897197,3.6114309559084465,,21.634635708583723,32.7649339005842
25100,39.19969666481281,5.498124763876013,20.148064266015606,7.185860499041389,5.3137422108602825,25.01387006204932,19.437816664258452,0.11323656093313055,2.059645215581453,3.576664443909071,,21.502330053161153,32.77599763391284
25150,39.14075854171881,5.432624880640426,20.149590813738737,7.046179122493472,5.225371471483359,25.025997578416835,19.406741232713884,0.11018751348590268,2.010039318055697,3.5428589455862647,,21.377937082759864,32.786930098847236
25200,39.085935092591626,5.369457024765642,20.151092987904253,6.910358572112229,5.13929901207665,25.037966363446998,19.379573282027607,0.10723048038221092,1.9616262153103792,3.5100083744233923,,21.26074009336968,32.79773243296659
25250,39.46694165129703,8.088535803852839,20.190584626287016,10.487888552747172,6.711835229467208,24.59663523216826,17.293366178768572,0.3545030306780204,3.4325628314638585,3.6807183178057308,,22.377898958344208,32.50952355106149
25300,39.6173784195092,8.167116767720863,20.18565760861048,10.752365430031407,6.766458898147311,24.565798600595972,17.437935865368917,0.35977906466009163,3.509278656147901,3.737810761940052,,22.676288550859976,32.48572933447439
25350,39.791412298015715,8.020728829268121,20.20001283877021,10.632364047718543,6.7036808104594465,24.60243971090354,17.918699256516245,0.3479177221385284,3.4592479963938434,3.8144613202587503,,22.928575485876273,32.52133021355599
25400,40.09402513772234,7.905132906042677,20.192058491856052,10.501863437996862,6.641260455948765,24.64362995832257,18.66734795114546,0.3328400286497143,3.467655361666298,3.874432859872375,,23.414161053337445,32.54701082914814
25450,40.17913316735483,7.831259157941927,20.183417649808025,10.323921659339124,6.53476396076912,24.6797914747647,18.972162163423775,0.32211101159387695,3.458925170530706,3.9082364784164447,,23.528765365440695,32.56930982471184
25500,40.221562633234655,7.677290412895914,20.181106679545557,10.129514068233087,6.423347418052793,24.72133557271238,19.218190417812806,0.315213097245643,3.3976816444061413,3.944987093155371,,23.559060633529494,32.59976629862396
25550,40.195571922991896,7.531075776032212,20.18339845338885,9.930021862616792,6.324801104395893,24.754394424457686,19.32681323549875,0.3080584597806892,3.3156569784739642,3.949006098575112,,23.477213812935055,32.626744149518586
25600,40.10374472708156,7.394575294068783,20.18579473930869,9.727598594035985,6.225131835616273,24.779219651355454,19.306695181039792,0.300733660187165,3.2347176469045067,3.933675506063295,,23.29054971303241,32.647521118757055
25650,39.97821451499871,7.264595130743297,20.188139765479196,9.525556223422164,6.125259573520317,24.799500409069466,19.21795812199101,0.2934558018658256,3.155686859166709,3.908665912524374,,23.049226299171345,32.66482516127772
25700,39.83698734493471,7.140000683866447,20.19045154078987,9.325899923721687,6.025961323550495,24.817163682008225,19.093734029624855,0.2862736576762317,3.078623435971432,3.87876668445764,,22.78146601820419,32.68012189056058
25750,39.690219885906444,7.020046775789836,20.192692662195547,9.129946073660573,5.928730653051278,24.833275722296516,18.952464171703703,0.2792180090893685,3.0034489198634198,3.8465242821172905,,22.50343690035924,32.694171992316214
25800,39.5433319557175,6.9044018871642,20.19489137983766,8.938352540723685,5.832997506926456,24.84840776311515,18.804468091065658,0.272314464821583,2.930077254335158,3.8133707405663806,,22.223822437385408,32.70744285986959
25850,39.399415189919395,6.79287950571424,20.197070463759115,8.751299737468358,5.739073475632135,24.862888053288184,18.65563941286259,0.26556551324144345,2.8585202759384676,3.780091413426768,,21.94772865207653,32.720194442002786
25900,39.260174238701026,6.685265350031805,20.199227376053493,8.56878823139858,5.647121434283832,24.876912720014253,18.509445249786125,0.25896981596364593,2.7887499461286667,3.747141317533445,,21.67808208118352,32.73258374364349
25950,39.12654562788732,6.581421078479289,20.2013441154176,8.390653641611918,5.557150152090249,24.89060343687102,18.368020336637272,0.25252976210373185,2.720721747629027,3.714804206891882,,21.41661360239411,32.74469780860553
26000,38.999044310262846,6.481102666305601,20.203415518543686,8.216959550397943,5.4695533342525575,24.904044362777462,18.232505371578362,0.24624151015023546,2.6543905789280693,3.6832359175004217,,21.164372657812475,32.75659913841918
26050,38.87796325157963,6.384185829704873,20.205446314999897,8.04771987488759,5.384500694462946,24.917281070257,18.103691954410323,0.24010299694374174,2.5897066075825346,3.6524931354390366,,20.92208601284122,32.76831310065335
26100,38.7635721370684,6.290545594802544,20.20742802752702,7.882898915327467,5.302503216998991,24.93036935848911,17.98225796084449,0.23411333302414758,2.526618117123964,3.6226029176062315,,20.690436359139245,32.779877487478714
26150,38.65573320962528,6.200056952726182,20.209366641020267,7.72233000752425,5.223217362146571,24.94332058106833,17.868353424996737,0.22826566148485525,2.4650996841501396,3.593606262879521,,20.469392372128627,32.7913050348651
26200,38.55429365868297,6.11260504857605,20.211256067783378,7.565816185593692,5.146885404408977,24.956154117703285,17.761926999330672,0.22255649792467327,2.4051106092585184,3.5655260156977517,,20.258887385602936,32.802607235057096
26250,38.45905017405266,6.028132254056712,20.213098878998327,7.41340036720737,5.073268735444209,24.96887641711211,17.662841608827062,0.21698801197942333,2.3466087908812328,3.5383350622684895,,20.058750528964314,32.81379386031238
26300,38.36970173470793,5.946501189375747,20.21489925805717,7.265166417914344,5.002105720373946,24.981483427546113,17.570770119485665,0.211550859467958,2.289519217190282,3.5120007459305382,,19.868625007309607,32.824864836421796
26350,38.285932967174475,5.867653121507766,20.216655680055457,7.12094969618053,4.933315702840681,24.993977153321627,17.48535543954388,0.2062445276783289,2.2338321549540807,3.486477167232891,,19.688112903126108,32.83581693030853
26400,38.20750927265407,5.791437544392175,20.21836141759962,6.980569677853126,4.866839607304204,25.006341033443515,17.406466788047403,0.20106270685962516,2.1795212269753197,3.46171631866031,,19.51696669017516,32.84664025489578
26450,38.134346754185394,5.7178585149640355,20.22002622704783,6.843995116088315,4.802634438993086,25.018579424965008,17.33411676504277,0.1960015042986876,2.1265625758971156,3.4377119714783646,,19.355177292823086,32.85735099383144
26500,38.06620851016243,5.6468100108786095,20.221652111006325,6.711231765953194,4.741137828425024,25.030705141018366,17.267867913406658,0.19106687768227915,2.0748984407870306,3.4144342129238727,,19.20242760240127,32.86796319387163
26550,38.00288213428926,5.578179591321821,20.223236024417325,6.582210238880223,4.682422656639906,25.042717516103128,17.207480912412375,0.18625271924581205,2.0245038212062307,3.3918591297749243,,19.058456844004425,32.878477355831166
26600,37.944105881041445,5.51201369585489,20.224790681567193,6.456816609829899,4.626457218796624,25.054615666107406,17.15257331345093,0.1815595111477379,1.9753440970600753,3.369962207104351,,18.922893666436146,32.88889275120758
26650,37.88961068617783,5.448217136352583,20.22631106211029,6.334935206570335,4.573315910910031,25.066398293126557,17.102774160014416,0.17698293045757443,1.9274056579510503,3.3487047384791873,,18.795342286255355,32.89920525320669
26700,37.83916924496669,5.386713622074962,20.22779723764943,6.216549993104677,4.522769606918791,25.078063611740404,17.057827622033944,0.17251684712547213,1.8806531895022398,3.3280549127440056,,18.675474207699164,32.909411910072116
26750,37.79255052681062,5.327387975530505,20.229245142651394,6.101632263361421,4.474840067514134,25.08961561934376,17.017404170504495,0.16816392543855196,1.8350474822741656,3.3079916466577206,,18.56293443107113,32.919513067925045
26800,37.749485401471595,5.270208575948863,20.230666233979438,5.99011152233667,4.429727678461242,25.101048601531083,16.981020493538377,0.16392658429449933,1.7905723558843776,3.288472415999331,,18.45727354895316,32.92951109893725
26850,37.70964545896135,5.215080662008625,20.232051639070313,5.8818809022481835,4.387353082613107,25.112363344386566,16.948175353057966,0.1598029771275268,1.747174834276946,3.2694637713289265,,18.357922065345956,32.93939978328761
26900,37.67269928228445,5.161918033029283,20.2334046154573,5.776865057880146,4.347158967450741,25.123551159673173,16.91845364472143,0.15578768677523275,1.7048403569445747,3.2509387980011475,,18.264292970592827,32.94917105934213
26950,37.63846693535608,5.110686834077752,20.234729675908717,5.675012100500322,4.309211179130757,25.13461398366552,16.89156381962217,0.1518765774416384,1.6635607266600054,3.232874228500319,,18.176080840082804,32.95882702006653
27000,37.60676810669836,5.061291264232204,20.23602561223018,5.57634140413542,4.273209365714985,25.145551380751016,16.86730602077075,0.14806909714373456,1.6232969222308231,3.215263574961654,,18.092976046797425,32.96836703873881
27050,37.57746090838619,5.013701419528759,20.2372950290605,5.480858299031738,4.238961320009131,25.156367356169213,16.845510415935674,0.14436427730521104,1.5839979580329775,3.198081492039351,,18.014733158140434,32.97779491661454
27100,37.5504588022102,4.9678662885838625,20.238540933361534,5.3884053467550626,4.206797137693062,25.1670684429561,16.826039388542323,0.14075230573297587,1.5456785957403258,3.181320212605556,,17.94122105704826,32.98711177473126
27150,37.525626602546204,4.923823222691379,20.23977639803355,5.299017208813139,4.176033973441395,25.177652635431624,16.80881171687207,0.13723327893473067,1.508304831277497,3.1649747259280177,,17.872185846229954,32.996327447028726
27200,37.502958058521216,4.881480032262926,20.240997879008162,5.2125094984615306,4.1469415101750045,25.188128915663654,16.793891759181278,0.13379943443865888,1.4718961336090461,3.1490668979023937,,17.807651098432167,33.005445391566965
27250,37.48302020674526,4.84087769038891,20.242214105770643,5.128911116133235,4.119891460917705,25.19853013930149,16.78243187702489,0.13043344020595662,1.4364689877078218,3.1336629193219623,,17.748794678651322,33.01449819813035
27300,38.32606086575736,7.233952967319883,20.153192046397468,9.456252872625416,6.441322343456837,24.82901996670477,15.524742499923907,0.29610631613312366,2.9653821136404246,3.6215096498133033,,19.98789610880802,32.701237753779836
27350,38.47441527227874,7.358961377637789,20.189413425444258,9.365271168097518,6.74701656392411,24.829769375672704,15.656939973370458,0.26120032432614465,3.1113453473923967,3.725245615772073,,20.22472587795177,32.729819640588666
27400,38.55768126521569,7.367899938766533,20.207064984115732,9.206206234277348,6.888226002755504,24.85770314671654,15.764635186471756,0.2382394357481169,3.189631246266042,3.9015170470218052,,20.33008864877473,32.76251333586796
27450,38.908954204282104,7.259297920890125,20.21553221612529,9.111274185638042,6.961313665672625,24.922144634786594,16.53257753412558,0.2295658903195041,3.151683157610432,4.079355660477344,,20.902351531861004,32.817654055545006
27500,39.22369799895744,7.164165320418442,20.221336901654183,8.983286685347645,7.163343852901188,24.96582968903786,17.209846142075563,0.2259425412058767,3.0821112179359322,4.151614525853586,,21.42440780797564,32.85564235851996
27550,39.31569903755121,7.058343091892288,20.224156708365044,8.816176280466118,7.27147952861409,24.989859817286185,17.47773712962777,0.22164355882957942,3.006378911406413,4.1516576706810175,,21.560615804588608,32.87649672544551
27600,39.28278454708797,6.94582550202376,20.225677271742022,8.641810001815312,7.265608182369691,25.004899735153238,17.534065572012466,0.21688722492304374,2.9318319285316528,4.124749886517251,,21.480852828943977,32.88936185933353
27650,39.201049075239126,6.833888667837659,20.226774196361077,8.467190224666714,7.217523455500718,25.016214631566825,17.50343417556556,0.21202809594317668,2.85900294943689,4.08800789426848,,21.316134706822115,32.89900682026618
27700,39.10138279083541,6.7251569695209135,20.22777797095894,8.295121112309465,7.156975541591922,25.025742385171604,17.435922513812077,0.2071982726939383,2.787939644927575,4.0473881272872045,,21.11952219308645,32.907201620483754
27750,38.996391674747564,6.620101508442585,20.228753765509964,8.126797972068486,7.091369742624523,25.03428300193081,17.35418017973346,0.20243969034258194,2.718616267560557,4.005398767574898,,20.912849245285045,32.91460618166807
27800,38.89194287810571,6.51859089111864,20.2297004200172,7.9625250893264905,7.024324304730115,25.04222157207756,17.26907293249364,0.1977660773703021,2.650999533418073,3.963183776698953,,20.70642604829339,32.921530054667784
27850,38.79122047174759,6.420475937768104,20.23062384440748,7.80233761786027,6.957043481960084,25.049767345706424,17.18701468348446,0.19319390786704482,2.58502747475696,3.9213770843653046,,20.50600436469328,32.928142533141916
27900,38.696051838828815,6.325754002249384,20.231535288698208,7.646317385860262,6.889702719510042,25.057030016061166,17.11195698932672,0.18871749251155612,2.520689935946611,3.8803032967100375,,20.315038765562754,32.93453548886047
27950,38.60749728537856,6.234333072767794,20.23243209173992,7.494511171761578,6.822337297231286,25.06407844559177,17.046358486373602,0.18434254575841813,2.4579452332922513,3.840156587146737,,20.135668790791385,32.940760297662564
28000,38.5255959089856,6.145984456850239,20.23331059759446,7.347014622139082,6.755063796241155,25.070936351452666,16.99046935381225,0.18007653196638748,2.396731275198382,3.800973552441275,,19.968171916453613,32.94683065876597
28050,38.45019316600667,6.060706936282315,20.23416904593164,7.203566841605764,6.688360348331055,25.07761099467288,16.944048536206363,0.17591030132534802,2.3370086802148764,3.7627305992870608,,19.81246528012044,32.95274759450642
28100,38.38094900174454,5.978451694226187,20.23500261188864,7.063873169141248,6.622072335129188,25.084115607931857,16.906692158912914,0.1718417477326035,2.278731406257982,3.7254050455371956,,19.668080116944537,32.9585174239978
28150,38.31793432275096,5.899116301243663,20.235820145680425,6.928162218862322,6.556751316985259,25.09046127358001,16.878409916020193,0.16786044890493537,2.2219026191994726,3.6889950530371842,,19.53531708815078,32.96415442610443
28200,38.2605993522882,5.822614811727896,20.23663235194649,6.796272792352595,6.4928522566523545,25.09664113396293,16.858029042665002,0.163969132211657,2.166486899204794,3.6534621302166657,,19.41326372314259,32.96966263721897
28250,38.208542918462356,5.748898636950699,20.23743514401575,6.668092841559315,6.430412148379501,25.102658973721915,16.844832142657896,0.16016845146038425,2.1124450853979417,3.6187756254227588,,19.301276667342655,32.97504315331026
28300,38.16116734141626,5.677886642402187,20.238231713308263,6.5435065170786855,6.3689944777118646,25.108509544168456,16.837839595863827,0.15646153748955227,2.059728758898352,3.5849195945361245,,19.198293829869268,32.98030028489096
28350,38.118047311437465,5.609468648391474,20.239025844948504,6.422675049794106,6.308415793712647,25.11419112825708,16.836248064944012,0.15283854201518943,2.0083273710889107,3.551869531000013,,19.10358211563925,32.985431347611836
28400,38.07854125708444,5.543497633346775,20.239813483796432,6.305544338699443,6.248755740426127,25.119708910064457,16.83876216592545,0.14930226577087555,1.9581976211688021,3.5195929579698277,,19.015956762181556,32.99043335099319
28450,38.04210068786698,5.479834914309684,20.240589489567533,6.191966578031566,6.190008191260741,25.125070021300992,16.84435309139504,0.14584853539765566,1.9093126243541776,3.488065155000948,,18.934389058734215,32.99530778335452
28500,38.00840008799687,5.41846706239078,20.241354999557675,6.081835568136579,6.132002326001346,25.130282847167333,16.852482406162263,0.14247979316533782,1.8616350918472928,3.4572819360983553,,18.858269452383635,33.00006288646333
28550,37.977180692151684,5.359372610404459,20.242114365243626,5.974970731327165,6.075083342637719,25.135356203299178,16.86259737667736,0.13919493753777104,1.8151358663645747,3.427222857171147,,18.78710897675116,33.00470859771398
28600,38.21559000727223,5.705584248593003,20.268473471287862,7.011057956153868,6.69809168508291,25.10366296317434,16.63320842353412,0.2169186026800642,2.193494441081866,3.36619326107169,,19.281446007567066,32.994805037478265
28650,38.94710489711393,6.745707566252317,20.25999309693323,8.800095856468667,7.785124921182472,25.04195550733534,16.5779785322484,0.3030794434122455,2.9611111943595017,3.473656198695402,,20.76583372679363,32.94931151781409
28700,39.109673940472746,6.87183031775364,20.28582829174671,8.706919900612734,7.678825809819813,25.07310894474174,16.832117645901715,0.275287589457575,3.092876891197463,3.798979736356307,,20.998370634868387,32.99446963372483
28750,38.902553933539316,7.165785809171812,20.2890790549683,8.753906988124475,7.688795211042061,24.985384034032972,16.229417275157818,0.2112320269008841,3.4563008084758122,3.8744023241032033,,20.71351264700378,32.92960820256369
28800,39.17580503631773,7.137631993955274,20.310796615988004,8.685024257093495,7.599278430005069,25.058802679723268,16.77222284566511,0.194647177551756,3.4175500143240845,4.137896208616099,,21.10903443607136,33.002308486230646
28850,39.422000640061455,7.05262105924518,20.319019510240828,8.561817337327343,7.434174967497547,25.10766861546035,17.420090690383255,0.18863773869136702,3.344993754451771,4.223895460152064,,21.49604532787951,33.04563768074018
28900,39.50173241796591,6.954742607593178,20.32352422697384,8.417933170254793,7.281333638623979,25.135641210497116,17.73913325059622,0.183308254350838,3.265605745083071,4.232998171367341,,21.604383445773458,33.070190201275956
28950,39.48134823772674,6.855656870018682,20.326548387821664,8.26455485940121,7.139864261800747,25.1539459854725,17.851705741698936,0.17868523859269753,3.1861290202051387,4.211886324392889,,21.542189644810048,33.08641600378753
29000,39.417977743190484,6.75823108784713,20.32903217044243,8.108471338427988,7.001063145087982,25.16790241858909,17.874324095603747,0.17421870954120544,3.108054554877534,4.179283554661499,,21.40645141738514,33.09895477319171
29050,39.33797925524016,6.663792950489289,20.331218966073767,7.953123819842169,6.864022119525894,25.179748909810492,17.859146636928084,0.16992762939016406,3.031639472284702,4.142033987263713,,21.242031655468555,33.1097070816668
29100,39.253234529213955,6.572491972959565,20.333217192189544,7.800250940174313,6.729690388436783,25.1904299799974,17.82929782620702,0.16576033235664162,2.9569858355477643,4.10286925943788,,21.069367997917098,33.119452790978016
29150,39.16940990160645,6.4845474911961976,20.335104193093745,7.650712679267681,6.599104677796362,25.200359906453297,17.795636442103998,0.16172525330127369,2.8841274698018693,4.06301663389979,,20.898365624580517,33.12855243232666
29200,39.089843760318054,6.399938964379934,20.33689946887877,7.504614405530895,6.472903238219484,25.20976131260091,17.764967036203146,0.1578038159400238,2.8130152060531812,4.023107867612589,,20.735020273341476,33.13721200508869
29250,39.016441245974306,6.318609582853697,20.338626985353855,7.362081654788938,6.350901545578503,25.218756520474837,17.741440694118662,0.15398864655235972,2.743616469735428,3.983512756232412,,20.582912176990092,33.14553384416787
29300,38.949972158231986,6.240186608530138,20.340293903855876,7.223303116456072,6.233307615225006,25.22740079769675,17.726800541141806,0.1502766806889479,2.6759103613408355,3.944404468175082,,20.44363151017955,33.15355579425894
29350,38.89084811007122,6.1646590801783505,20.341915174754817,7.088313860754338,6.120498320811302,25.235724797105565,17.72192072350223,0.14666357606097266,2.6098503408039324,3.9058584093619997,,20.318101203343495,33.16131526660728
29400,38.83893785780821,6.091866644689699,20.343499346078282,6.957077583534254,6.012244112788725,25.24373827898958,17.726809388678475,0.14314780633311702,2.545397111978173,3.8678999643542915,,20.206250397570468,33.1688187729586
29450,38.79392643008007,6.021718134378624,20.345039679392325,6.829370717549028,5.9082034934689736,25.251459856632533,17.741136967350734,0.13972300223501177,2.482520706170215,3.830565067873998,,20.107629131184698,33.17607539455499
29500,38.75533532829798,5.954042647760741,20.346537897923493,6.705220769358403,5.808165743245529,25.25890174895317,17.764090844348654,0.13638352805231613,2.4211948177116613,3.7938354415294877,,20.021446904125035,33.18309328971793
29550,38.7224920086758,5.888779498022962,20.347987952559247,6.584527337101954,5.712238060789577,25.266069221970643,17.79435353555479,0.13312621446986644,2.361367100284674,3.7577036741797225,,19.94651477494623,33.18987700632246
29600,38.694545932145004,5.8258714796097895,20.349400608417447,6.467227432638379,5.620026005188487,25.27296779248558,17.830336657593083,0.12994087863838677,2.3030264443593227,3.7221843738780547,,19.88127508661487,33.196427305136716
29650,38.670847132107475,5.765171023557281,20.350771930723393,6.353126354566542,5.5313088832104516,25.279607758948135,17.870922122338474,0.12682761315913857,2.2461203457056036,3.687294749441807,,19.824513655464123,33.202757057797804
29700,38.65106019819679,5.7065979634969715,20.352095103264435,6.242043906824818,5.44613364046155,25.28601487465657,17.915535122949407,0.12378755436423713,2.19061841253614,3.653061168374125,,19.77560047510017,33.20888556235891
29750,38.63458819044276,5.650143199603298,20.353384489321286,6.134056896629668,5.364488173037642,25.292200488615,17.96293926853451,0.12081619195683461,2.136491044967972,3.6195104186005587,,19.733389670330954,33.2148270620814
29800,38.62117479073054,5.595708271823045,20.354643104532634,6.02918681713404,5.286088349415933,25.298189432284655,18.01276448689112,0.11791747168020018,2.083689476031414,3.5866603061292865,,19.69738476383247,33.22059866531157
29850,38.61046444788037,5.543321777419611,20.355879735104118,5.927393354111997,5.210680318025264,25.303996967105896,18.06439801547756,0.11509223524855795,2.032183828483244,3.5545424323972012,,19.66688882153328,33.22621629018993
29900,38.60235005177679,5.492902798071638,20.357095495955683,5.828650239689269,5.138050007367273,25.30964063124448,18.117776868286388,0.11233285988792016,1.9819626832736903,3.523187131490079,,19.641697837676237,33.23168872587332
29950,38.59664856715624,5.444348599352407,20.358284709837516,5.732706587517119,5.0680365983049205,25.315136562936576,18.172750278665102,0.10964046887988604,1.9329798919285825,3.492599125622853,,19.621449114499548,33.23702777421093
30000,38.593168871369336,5.397508087404012,20.35944863565065,5.639607150044448,5.000542204199359,25.320494594545302,18.229043135086588,0.1070171573009101,1.8852004150969763,3.462796078264981,,19.60576757364521,33.24224061916154
30050,38.591646486930706,5.352324255797956,20.360591358217352,5.549387136117592,4.935360569404412,25.32572933643725,18.28621943857119,0.10446442758526822,1.8386026855478959,3.433785259765333,,19.59411917015252,33.24734083378839
30100,38.591890076602965,5.308799300844799,20.36171594196631,5.4619180873384146,4.872431796800228,25.330854634444087,18.34399162594586,0.10197498961553295,1.7931582999037317,3.405579523111594,,19.58610456618222,33.25234559556938
30150,38.59384551614374,5.266859410405991,20.36282428162296,5.377121323357801,4.811625003091175,25.335876148740525,18.40239686404521,0.09954336639844644,1.7488458442117254,3.3781830648294764,,19.58161859864369,33.257256723626796
30200,38.597448798482354,5.226394645760907,20.363911574594674,5.294868467055986,4.752776386184929,25.340806304494464,18.461479455501994,0.09717769885544982,1.7056267346601939,3.3515889916345527,,19.580522554036822,33.26208337224718
30250,38.60251939524356,5.187401664611255,20.364982826036044,5.215274166680545,4.695827389580354,25.3456575069324,18.52089458042661,0.09487410079760339,1.6634718808536557,3.325797995614609,,19.582439425630664,33.26683889102871
30300,38.608879002335215,5.1498902636736315,20.366045343007208,5.138281081560876,4.640690136836245,25.350429227549764,18.58037458057404,0.09263061484946485,1.622359541674451,3.3007900974884965,,19.58701763612611,33.271523528973624
30350,38.61632398815593,5.113783927059806,20.36710257513335,5.063794669608387,4.587504870971463,25.355118250956092,18.63958738119222,0.09044270240804739,1.5822584709156404,3.276529656535652,,19.593859007959445,33.27613510512352
30400,38.62459400683846,5.079025479680672,20.368148739148747,4.9916873196946865,4.536338984333367,25.359731869534688,18.698096611563372,0.08830877056208607,1.543164329782601,3.2529976412015498,,19.60244865659446,33.28067410463133
30450,38.63352179222794,5.045714157406302,20.369190711828413,4.921926740363913,4.487101779776427,25.364271359894307,18.755625841519407,0.08623279677744049,1.5050373598145403,3.2301800820974242,,19.61243515396843,33.28515274716242
30500,38.64285238286353,5.01373158071853,20.370230452111,4.854497296286952,4.439497686648206,25.368740497590643,18.81182028941637,0.08420164019172882,1.4678691032759172,3.208061234267382,,19.62331146026724,33.289573256759034
30550,38.652553134516545,4.983072344601512,20.37127131341941,4.7893861247869145,4.393299556389339,25.373135144852622,18.86673954227997,0.0822213902219673,1.4316373709890189,3.186638432810902,,19.635016460883595,33.293933267150265
30600,38.66241420222979,4.953713156788582,20.3723192324672,4.726647220729057,4.348505111095314,25.377463917961208,18.919994162012973,0.08029558165708736,1.3963096238230526,3.1659018305999487,,19.647122352756526,33.29824102262152
30650,38.67224764465712,4.925618221659308,20.37337490118986,4.6662823166495295,4.3052061973895075,25.381730874036563,18.971247666379647,0.07841364373689153,1.3618769876944732,3.1458336397088966,,19.659253784366552,33.30249958383841
30700,38.68207446932323,4.898721895851168,20.37443396989478,4.608094258458512,4.2632842129064175,25.385937162712928,19.020706176107783,0.07657905156374195,1.3283083727570943,3.1264017524319945,,19.67145267043979,33.30670855976188
30750,38.69204357584558,4.872941815420641,20.37549239326057,4.552047231985344,4.222384620831628,25.390082171195022,19.068843715271278,0.07478824781850199,1.2955873474924184,3.107588265505574,,19.684014229301564,33.310866393652795
30800,38.70192382394069,4.848191021142004,20.376549889401282,4.4979911853055805,4.1823571774388615,25.3941690261292,19.11532673183726,0.07304666825900703,1.2636871867530113,3.0893934881115444,,19.696482388327162,33.31497394866797
30850,38.7118202318297,4.824441215603129,20.377612055905292,4.445930732591552,4.142969597836132,25.398200326878637,19.160461734410546,0.07135240039020328,1.2325818665099924,3.071807189156946,,19.70905142355924,33.319038366150316
30900,38.72177323763929,4.8016827198722405,20.378683235738766,4.3959300845831955,4.104374670923811,25.402183169692737,19.204313134839534,0.0697075662724031,1.202251419837936,3.054819498023448,,19.721786299479117,33.323068103415025
30950,38.73168593647705,4.779893722362388,20.379758017216066,4.3476804942626215,4.066550259367869,25.406118360395297,19.246813743565095,0.06810722917435325,1.1726959174288274,3.0383999442230145,,19.734500232645555,33.32706101728154
31000,38.74129002044192,4.75896135983464,20.38082982542531,4.301132941023188,4.029592700172367,25.410004469900755,19.28749237630757,0.0665496112808559,1.1438876359893038,3.022524746628357,,19.746672481325582,33.33101376140924
31050,38.75037796033613,4.738877722210355,20.381894866323005,4.256133115321747,3.9936768382688688,25.413840293036923,19.3259795005368,0.06503455977316838,1.1158007956903997,3.007168913172524,,19.757897199628363,33.334925983385986
31100,38.75901608013029,4.719697467547622,20.382955288053388,4.212797683956517,3.958898598333798,25.41762718325,19.362383870620548,0.06356197207695824,1.0884189834011944,2.9923231467076326,,19.768294478524307,33.33880413137436
31150,38.76716965650138,4.7013375348719295,20.384013477158412,4.1709878531754265,3.925279442245672,25.421369016533667,19.396711892855773,0.062129612050232784,1.0617272181518957,2.9779766700644363,,19.77779470250799,33.342649563005764
31200,38.77489586941862,4.683690742821567,20.385071171081165,4.130791645846745,3.8928355407680586,25.42507161097477,19.429109333867345,0.06073825210995486,1.0356928768900815,2.9641105056794523,,19.786504788262203,33.34646574898656
31250,38.7819883558279,4.666737266747183,20.38613556309106,4.092337339143054,3.8616584792471085,25.428736942230195,19.45914858018662,0.059383024187987965,1.0103031753215257,2.9507058507692965,,19.794011225394456,33.3502584763676
31300,38.78872459180444,4.650508592696266,20.38720046711258,4.055206501078135,3.831988317059129,25.432365815747783,19.487453150491568,0.058058634527819994,0.9855511061789133,2.9377551134939233,,19.80085739917556,33.354028268207266
31350,38.79554662874218,4.634966358377708,20.388260112275663,4.019198765793588,3.8038128998215255,25.435967763685017,19.514975089599492,0.0567762375371566,0.9614017120013897,2.925268835867732,,19.8078985267832,33.35778161352413
31400,40.744123931683006,8.017250044001628,20.413691853152404,9.429013644054212,7.421690313572362,25.16361775732778,19.361359071503628,0.3719137607983391,2.7899443432691275,4.371354846028386,,23.655225653155565,33.17399484925858
31450,40.54812181332852,8.037486172383835,20.423504712928985,9.306278729903497,7.337647895165752,25.163006076125683,19.018019858738256,0.363675778264564,2.7883074234454397,4.383227228003615,,23.30762715164948,33.17988395320605
31500,40.388861255412465,8.090289728931275,20.44425292742248,9.096025180256001,7.209049134432416,25.16840029818185,18.780789799123166,0.34749049909485796,2.776340154499662,4.374532089167382,,23.004198817959303,33.197393726808706
31550,40.32838618583442,8.128049265432136,20.472335640329284,8.890796620293914,7.1613688691259645,25.17812696679544,18.698806897892457,0.33047067298929683,2.804514700484045,4.394039345228456,,22.8641174534787,33.220639148386816
31600,40.23664459144398,8.144513437326774,20.48680659062507,8.724046214139753,7.100005190202004,25.18726414486425,18.540769371249063,0.31531507110432594,2.878507572172631,4.4589836398252345,,22.67946287550856,33.2359674397573
31650,40.134128322598926,8.142709503166312,20.48780183706029,8.59848007756972,7.16814851992539,25.195287404020842,18.29939422824171,0.31088315913254905,2.974766712027578,4.556542480623094,,22.48766824073772,33.24233796394823
31700,40.191158622497646,8.158946969000885,20.507138502705224,8.529346013713765,7.105939165064764,25.231608851284527,18.348871419877224,0.3112621634933185,2.9872891986768195,4.757943134280393,,22.529715862752273,33.28274529786291
31750,40.04260938042374,8.203470046953798,20.49369521847916,8.452454122732808,7.1691052807442155,25.215265484668826,18.006123946964685,0.29882913148831275,3.202289207612438,4.786228387354161,,22.29566308036425,33.261298438276306
31800,40.176697340182464,8.09365416675996,20.499784143747814,8.384232930909985,7.087404140719569,25.275373365200398,18.278539808031383,0.3096626562700561,3.1070836806182154,5.019221646480008,,22.459599157996912,33.3126614791843
31850,39.95639364731845,8.108450251275698,20.474083620986722,8.27497422706213,7.2095687382778255,25.253966082361348,17.82608256272742,0.30334706146751506,3.2711392571912636,4.980045577154383,,22.109260674476715,33.28203698284569
31900,40.04867906056623,7.976289738615033,20.47626409890657,8.179240872730183,7.174143863067685,25.309724523454424,18.047813712611052,0.30617787650432793,3.1727438283194447,5.115075764945918,,22.207919836450998,33.32724097542433
31950,39.971333760409976,7.882820656223305,20.470149047773,8.068819927551536,7.268884660414882,25.326462262043023,17.893371075684485,0.29142189371860255,3.2661504080838486,5.122893269335522,,22.053946533677777,33.336630976686465
32000,39.98267895003336,7.7547595053379625,20.464719351975603,7.959374075466978,7.178910082131536,25.37031716494942,17.998985162522683,0.2954072900633604,3.191435178233059,5.186155931459807,,22.027728054717432,33.367556290038
32050,39.990605497679404,7.6247881285798265,20.465848909048827,7.8524598370742265,7.054927240745886,25.410194582453553,18.118990995717425,0.29223819702378245,3.101218668488376,5.210398719635093,,21.99401510968672,33.39927884589573
32100,39.96518216250091,7.4968272442481645,20.46745936689498,7.734849743312505,6.951156953242444,25.4410666785601,18.178060443284707,0.28749214552469576,3.017311540449247,5.2032119106884265,,21.909842541269967,33.424161696273515
32150,39.917060815274645,7.372479641774811,20.46901658622994,7.6084581741386375,6.852861509962107,25.465620473405526,18.19837144774885,0.28213541182932333,2.9374710481721817,5.176911762530615,,21.791327052232354,33.444129670735656
32200,39.85754318532596,7.25177946082797,20.470457674333403,7.47883462573002,6.755089137559426,25.48597599350467,18.199615817813903,0.2765122980016052,2.8606861151859877,5.139128043889155,,21.656381000127208,33.46079662451947
32250,39.79228666129749,7.134796355454918,20.471838494671395,7.3489463564255635,6.657592985076669,25.503469647439957,18.190022471075924,0.2707540489732902,2.786585084175029,5.094289420720887,,21.51362370749255,33.475215797770275
32300,39.7249322311783,7.021527106765939,20.47321625001873,7.220413914527854,6.559411732937793,25.51891676725883,18.175425844496797,0.26492859589610535,2.7148924670607832,5.0451470731393595,,21.368642347009335,33.4880779534644
32350,39.65907109949312,6.91179580821375,20.474567697486975,7.093717730771445,6.463182645831017,25.532826449208038,18.161570423571458,0.2591146538630584,2.6453613437707797,4.993452898076927,,21.227504610394742,33.499775648358
32400,39.59485770362597,6.805498494431313,20.475852619229265,6.968757224408418,6.3700697155168555,25.54554549345403,18.147923468840233,0.25337188402761784,2.5777152358271835,4.940162644827752,,21.09025689797354,33.51050313779052
32450,39.53507622646066,6.702691151787256,20.477090473443578,6.846036562055774,6.2805578029955,25.557408404640515,18.139582046541996,0.24770466971250438,2.511922345441783,4.886169636299619,,20.961771328423477,33.52053691406118
32500,39.48163453692209,6.603298620557111,20.478318363674813,6.726233993940851,6.193397404283657,25.568627463491072,18.140506150134946,0.24211573888726087,2.4478951626682477,4.832236580908255,,20.845489598107317,33.53006157349369
32550,39.432200987647306,6.507226975309855,20.47953082540833,6.609148995755641,6.110207186244179,25.57927346607561,18.14513051343269,0.23659750884658218,2.385629464754672,4.778661733179182,,20.737020134387762,33.539148329619366
32600,39.388055710443275,6.414350632085948,20.480719947128016,6.49494905943449,6.035266545018539,25.589430282562404,18.154795363359934,0.23116002843016661,2.3250745868907403,4.725611055296337,,20.63876481225611,33.547881001240036
32650,39.34977414809279,6.324590928120405,20.48184113226532,6.3834936069576615,5.964105663702625,25.59915561291991,18.172433246821786,0.22583112757285248,2.266083687929468,4.6731872152794045,,20.5519569728559,33.55624815279252
32700,39.31640975144466,6.237893438958209,20.482900626182303,6.274528159667281,5.894513068470888,25.608438372636773,18.196938525714426,0.2206078673537786,2.2086343795505305,4.621377926264727,,20.474942983402386,33.564218828536944
32750,39.28924721447702,6.154155147002203,20.48390889669693,6.16818266451974,5.8279481326094364,25.617295575424126,18.230659802567608,0.2154925021864048,2.1526596031851875,4.570139032697602,,20.410256916453154,33.57180899630919
32800,39.71609409228161,7.934480898337061,20.41163223605404,8.209401554376255,6.914007131925657,25.289679893998276,17.53119624623286,0.3507697204225615,3.2704503828761986,4.984978205690099,,21.641242163939875,33.30202347528866
32850,40.16297004098463,8.582597507120589,20.3235418395444,8.923164689066263,7.432935476055817,25.172176331165915,17.821656007785176,0.3838343262808215,3.6360337858218954,5.183384723505653,,22.65035969324605,33.1666303425537
32900,40.33154407296718,8.474262757146779,20.33187851333751,8.929851438236382,7.317293359201611,25.183238729582783,18.276710227194194,0.3693760693969871,3.597764552815068,5.180348177459377,,22.92939473283093,33.17945606087778
32950,40.35346008045667,8.343360906662673,20.3325650501591,8.82855781022532,7.238837662111452,25.206508338754272,18.442195403147238,0.3611304088605237,3.5300892976357776,5.192117533270802,,22.94215653656396,33.19727690514398
33000,40.319280190086985,8.220904577296187,20.32899320541278,8.690910696622387,7.090721535259772,25.23026599705606,18.52406799240412,0.3528128138330396,3.473905316137254,5.204127718287147,,22.859152798789037,33.21300179701251
33050,40.228196338021256,8.114445526348216,20.32726624826237,8.554080990020312,6.944617128002528,25.24698925676474,18.478241180668366,0.3416536616960847,3.439467574621838,5.202236496030057,,22.68081011740886,33.22481953342156
33100,40.1443922177759,7.998848493744456,20.321672296309146,8.418827478737551,6.814994919815127,25.264623551963403,18.44583167560923,0.32963871764661107,3.407065288298067,5.199308369974486,,22.517455866531872,33.23456646074108
33150,40.135116014502785,7.861659960035139,20.320642204105393,8.26160868500988,6.719666368232997,25.294681731271623,18.561920249546127,0.32240763957775376,3.33454108886557,5.205413357485545,,22.4680322357079,33.25680479169321
33200,40.187023965000755,7.74402655986238,20.32224081794405,8.109479067427303,6.644625942656356,25.32859694675282,18.77776130088277,0.314642270720309,3.2742658012877577,5.211219839761412,,22.520739774158674,33.28382753212395
33250,40.17447792566843,7.645460741452351,20.324802925255508,7.970641969720899,6.583086379159202,25.354673018254193,18.841861880899856,0.30689871207619945,3.233338197324253,5.210179200014506,,22.46675465529586,33.305158937599465
33300,40.26413480879463,7.571625906623328,20.331023712075087,7.882694356376821,6.502065273055854,25.38734669459846,19.083955188446875,0.3039574968040969,3.188718575591494,5.208814699936131,,22.584919764314105,33.33349593337431
33350,40.27276632762743,7.452269923198088,20.332699191344712,7.7853073352466,6.3871330019389445,25.412981048543585,19.213053564040887,0.3008804234833522,3.1026247180236135,5.182316449098845,,22.570309689419858,33.35381279858964
33400,40.16976198849947,7.430241476087618,20.338228659532113,7.897656719396153,6.461855775837907,25.40336908226002,18.949009480532983,0.2693576114765715,3.182070309099579,5.102444226975027,,22.39139911920394,33.35018776104881
33450,39.826881606981836,7.678530235518823,20.334862662278535,8.903235929889131,7.476410501205778,25.242575112179946,17.430458911812828,0.23761643261918547,3.5550351951285393,4.984623905686189,,21.95812835825098,33.2268129308112
33500,39.7936090290157,7.560959736611573,20.335930750600273,8.808898229544488,7.286419905028705,25.27051612974132,17.506945762679585,0.23858761206849918,3.4767866426224456,4.988729303494672,,21.865481747508966,33.248037949682264
33550,39.82093339470314,7.427197423369209,20.333004453642776,8.645691655983788,7.12535921498726,25.307520187243306,17.743281133966867,0.24217286710882696,3.3713197884880852,4.987447077849153,,21.875145230871993,33.27438590798697
33600,39.880845133569444,7.299878264527764,20.330267023880634,8.473232941674189,6.969906095531902,25.342678039961132,18.04720220328993,0.24246849470278745,3.2712504939010874,4.978539223085223,,21.945562411320374,33.29976124566949
33650,39.949226666385066,7.179505233657184,20.328169448476427,8.30649124059232,6.828950783848226,25.374366153037354,18.35513008420744,0.24174220622662687,3.176959656556798,4.9606256810635045,,22.033786446294513,33.32345969555532
33700,40.00944425334707,7.06529435126696,20.326531885135616,8.13963759730407,6.698801591962189,25.402162179793276,18.63682233805194,0.24037752332704923,3.086903575472166,4.934972991179466,,22.1106105150072,33.3448126717686
33750,40.039620084777034,6.955007324025382,20.3254903034,7.974695117134426,6.572875770605723,25.425256481750655,18.8506757075356,0.23811656042778867,3.0015966031281227,4.900725662351036,,22.13756263461023,33.36314579190621
33800,40.03104820757162,6.847898510603413,20.324926745436965,7.811874115376367,6.4489652355036,25.444163174827107,18.980977382237324,0.2350187362210884,2.920376337958011,4.8587195598105835,,22.09869591724433,33.37862278995483
33850,39.99250736365524,6.744103241157118,20.32472124406192,7.6516207812654535,6.3277945126443536,25.460164867339515,19.045416735090487,0.23131944309906272,2.8424042934620344,4.811909656637745,,22.00845173781865,33.39204542007161
33900,39.935835592514465,6.644138400885448,20.32481892733778,7.495346630468153,6.208483970518241,25.474357654917878,19.06738024299262,0.22725378159937568,2.767285758662024,4.762901281490222,,21.886740079208458,33.40421490137907
33950,39.8710522394538,6.547828610016424,20.32510558179162,7.343576601137195,6.092150246234769,25.48749364366131,19.066576312565513,0.22296618199643248,2.6948160008903996,4.713385898600996,,21.75077054118892,33.41563687176712
34000,39.80455089322234,6.455003419778903,20.325521514547038,7.196412149702649,5.978964440375147,25.500021327564955,19.05590365669414,0.21857282320176424,2.624726087685878,4.664386478616427,,21.61162580690683,33.42663461662521
34050,39.740880444032655,6.365704612257888,20.3260412219701,7.053855409253193,5.868759137656329,25.51219541460947,19.044714559556134,0.2141476592524669,2.556739249771753,4.6165115844321924,,21.477394618476364,33.43739073057496
34100,39.68099725138215,6.279833124169186,20.326640348686812,6.915863051379979,5.761743183989186,25.524171322981633,19.034961773306698,0.2097165697175953,2.4907608198732314,4.570024368713912,,21.349747116997982,33.44801699509904
34150,39.94692068882159,7.493677343914477,20.35342319323477,7.901711104032357,7.257444686200377,25.450140020914255,18.260304160331856,0.3475787111977616,3.0183367914319046,4.45560230469335,,21.88569080576452,33.41815390582605
34200,39.89130049602912,7.49723476351785,20.35413729580499,7.796342453523627,7.195351148905504,25.466500848203808,18.176609411641973,0.34236693014045594,3.0376780043394107,4.470334369170101,,21.765484824476907,33.4302187492089
34250,39.83168828853925,7.4306284288816205,20.347920548025485,7.619045194954013,7.069308800838048,25.493567814252437,18.164522014748734,0.32718979730268866,3.0506858793413794,4.472215157177032,,21.630628172140238,33.446663761785985
34300,39.87112778823954,7.333177864210591,20.344900642313974,7.480699400085164,6.941475707517936,25.52921198215476,18.348933333534145,0.3149831965087088,3.016184701016102,4.500088819885002,,21.664120258141217,33.47196923616718
34350,40.03740204490691,7.2269803564404205,20.34521587690463,7.363080772961411,6.808422647364152,25.575880389829152,18.776884926104355,0.3052080846427273,2.9651764167829535,4.548015230889625,,21.91356687135146,33.50804604091865
34400,39.959118693239176,7.121902144371107,20.34379332997381,7.249112416401659,6.6804788800057775,25.59287541866705,18.716678758608566,0.2952957585495415,2.9223816008445715,4.5852449103103075,,21.751689099118693,33.52007142110019
34450,39.97065949042462,7.040893632208039,20.34273954174493,7.131403718546015,6.558821227507956,25.62168845734321,18.82185191300222,0.2841923762822002,2.904646317267325,4.596364392597642,,21.739395233315374,33.54179951924429
34500,40.15435941460243,6.941753676060148,20.34278852746687,7.0400242691613375,6.4443858663461295,25.670705858476783,19.253793725211832,0.2754014339206364,2.858881560072174,4.61744281071564,,22.017998223293198,33.57946298314088
34550,40.33315040151127,6.85167208441434,20.343251267857998,6.954449785045255,6.328658669180531,25.718167111724302,19.66173031900752,0.26563309705206667,2.8230042760294873,4.637431793458817,,22.286500946928143,33.61658663299265
34600,40.42121538461896,6.757552929708824,20.343679977727593,6.86731482454185,6.216249370700461,25.756615336442806,19.89077521452698,0.25721746480755703,2.7797326514472203,4.658733812485323,,22.40057735798579,33.64652711943167
34650,40.51021040780607,6.677015821391943,20.34385345247958,6.791301409556203,6.112750038786944,25.796810048034818,20.106931468298438,0.2485098421384432,2.7485090080208563,4.664181086048687,,22.513887879865226,33.67791560975199
34700,40.636977801222535,6.59581387833418,20.34369851512574,6.72690275123386,6.012020814859122,25.84209567276179,20.385514382628106,0.23996445523012716,2.7161802545297724,4.666818659735929,,22.689089990354393,33.71304139686382
34750,40.65753986170265,6.518412873165552,20.34325929458182,6.64291021021476,5.917894862991925,25.876479846978913,20.46659603978485,0.23192519208620865,2.683962748547539,4.670834911098943,,22.686712348823622,33.73942249665329
34800,40.7552166888346,6.4413480781866,20.343548236434177,6.576016068840934,5.826181733632264,25.921546775872297,20.67992762549515,0.2242843200124323,2.649127552204124,4.668427188776941,,22.8093483392808,33.77456610663134
34850,40.796625550377165,6.381345451700282,20.34163358285697,6.486695329911746,5.740577950464124,25.960782972880953,20.789965247527906,0.21584184106658624,2.629511244761929,4.656581745331429,,22.83990967797661,33.803893003610646
34900,40.89915840390556,6.3028701171423585,20.34177552538217,6.447331965062231,5.649278177445841,26.007187108143153,20.999589248018314,0.20926386669495195,2.5924255454363614,4.650132264493954,,22.969061146144337,33.840262827177355
34950,41.032161539738695,6.221745018259311,20.342993517165155,6.368239868956818,5.5676441149007925,26.058866580864688,21.26713686611811,0.20408439956127092,2.5390378787405234,4.657643453449689,,23.145114965891835,33.88129179707971
35000,40.73390594499104,6.199395489034492,20.336097819903166,6.284796103170977,5.511184198373337,26.056705906003888,20.749964234702308,0.19418725568976736,2.5585592407752653,4.614436991246039,,22.62027601297205,33.87586466250474
35050,40.94592872930286,6.114080921329416,20.338216965680537,6.206950963025874,5.435760438536279,26.122068266618218,21.153481347362284,0.1900394456406965,2.4968035546722436,4.622545427179181,,22.92288187683956,33.92802036614588
35100,41.05343693262336,6.05621360757096,20.337810775563046,6.139367196270164,5.363660515919822,26.17347195089519,21.359297758684477,0.18422300869697855,2.459616341627573,4.611490486133139,,23.054825632036383,33.96851040386201
35150,41.18592075460983,5.993628726396055,20.338605751295425,6.076060899004985,5.270842278508114,26.226150427128314,21.612289676585547,0.17849728957068706,2.416914507797998,4.606727309464941,,23.227539879599313,34.01119609109072
35200,40.71260177632208,5.9777128281665,20.331905487722576,6.075529350946599,5.231617220902801,26.194021528855995,20.76769159205297,0.1702028213147932,2.439512093521472,4.550897732073734,,22.421046661729704,33.98253389595783
35250,40.93070844882937,5.900263653647437,20.334225413709273,6.001257900737519,5.168991587606915,26.264068410617593,21.167112245855375,0.16695493789213153,2.3795194370297668,4.55604788521069,,22.73093490554887,34.038617663512305
35300,40.91011470621957,5.867177982139783,20.330579801219656,5.901692942686549,5.129807216521477,26.301018520676422,21.139703269847153,0.16268537356722854,2.354427984458615,4.531655751799662,,22.652373700590715,34.06622155456676
35350,41.0755460773068,5.8031255171696685,20.33101976218376,5.835708414266847,5.083319253923203,26.36347872100657,21.432174307939338,0.1587601050842016,2.30834539317901,4.533592263639524,,22.875731773880442,34.115998906062096
35400,41.321746571416654,5.735499629147176,20.33302105541561,5.762885965297277,5.03585445766074,26.436892783427176,21.86204817310643,0.15529607241417304,2.250967433476395,4.543009144429647,,23.227576579811075,34.175523784448366
35450,40.980909686950795,5.723005481483657,20.324837053364355,5.747882933796862,5.033510954915279,26.42420334086406,21.251899640769903,0.14865353408890933,2.271948671747122,4.488113840834444,,22.63692804618553,34.161446799013596
35500,41.19213860098069,5.659675123928479,20.32674190606514,5.6792962682389625,4.9912541245413005,26.496335361236337,21.61480618041245,0.14559632149211532,2.2177373804076956,4.49685540025822,,22.930388488908388,34.21972481289324
35550,41.4327848707871,5.59862673606029,20.328784013690935,5.608094162774242,4.954693415347079,26.572219538136988,22.02242339261266,0.14241387988770723,2.1626913414925837,4.506037677059463,,23.269415895874825,34.2813352425738
35600,40.81286349553344,5.653584752737601,20.318563660409488,5.590536662428324,4.943868158740543,26.510951784618705,20.929923606850764,0.1352679997772033,2.199271830102462,4.4090229815855775,,22.22674623519805,34.229542481621856
35650,40.75294954020461,5.6078951766208505,20.316515865135397,5.547601750658105,4.853771528469333,26.536661862103085,20.831877456983786,0.13214052697184006,2.1759425439207796,4.39828143051519,,22.088839194243004,34.247424418156434
35700,41.026525445276384,5.545322683177588,20.31889405650481,5.493763842390361,4.802600685315966,26.617153514651612,21.30330831314467,0.12987338665554088,2.1216276862720043,4.4158055697891445,,22.491188224690593,34.31212966799715
35750,41.07897669630672,5.504738766186627,20.315907681733986,5.463061113959696,4.763148702524475,26.66174390987012,21.38375158450582,0.12620303705685879,2.1018537046874486,4.400490194963879,,22.5351802526957,34.34600380530789
35800,41.31144378284237,5.451154766448982,20.318053277081138,5.407478660281756,4.720915469568573,26.736567673254942,21.77137318474917,0.12379951053356318,2.052714834120466,4.4162694695252735,,22.86449857932347,34.4071226948587
35850,40.80983261652112,5.454974813074214,20.311591075975215,5.486850016320346,4.739473115774886,26.698615004031016,20.840703144007563,0.1199432822904867,2.0900451363900587,4.361559547866165,,21.99639213638297,34.37442612133242
35900,40.970899249622654,5.400016754278612,20.31276971473714,5.447013277894174,4.726658613112805,26.762288332439358,21.10067765584774,0.11756754396666343,2.049142486271624,4.377562588562196,,22.215000313505218,34.42540263226696
35950,41.003353459653404,5.384786524987633,20.308343769087347,5.376586836239119,4.71947937663293,26.805602395119866,21.143747869910584,0.11568666462178596,2.017362729016803,4.357469591823683,,22.224722790116566,34.45775227491984
36000,41.259109819851815,5.335241246046149,20.31044334701037,5.3176654453696806,4.684984381374153,26.88566767428489,21.56899870622637,0.11338864943199582,1.9681139606267508,4.3773770170329405,,22.593917882473963,34.52287673190946
36050,41.515242385216055,5.288537226553319,20.31276473168951,5.2606349502110366,4.651501653322799,26.9654318774502,21.987945202858118,0.11112430356095987,1.9190259121751099,4.396396923350224,,22.96025091586169,34.588180469401856
36100,40.9208306597302,5.33321106308841,20.29987262677882,5.226765557118999,4.644401993578995,26.90596001668289,20.947808504379392,0.10888883513999624,1.9593409482213342,4.301700317675968,,21.951376129187008,34.5347863453254
36150,41.17601341646281,5.283666577484795,20.302167782777364,5.19191635511417,4.629875357451712,26.987077187116864,21.36101738615459,0.10709618288766228,1.9133292320325346,4.325447168683337,,22.321833234467483,34.60057574557609
36200,41.44408055560278,5.237692850350192,20.304673079269243,5.1431272757893565,4.597342895611313,27.069830380118688,21.797728039383063,0.10506700318711418,1.8656864417952452,4.347738321509843,,22.7096013345072,34.66822493764342
36250,40.99003047752051,5.230130686974773,20.298944265698776,5.272234611589231,4.655006506750422,27.033470722749648,20.93835042802572,0.0996563076259615,1.8990009630988534,4.298424811914789,,21.91956795935043,34.63690429330368
36300,41.18677913148337,5.187093024748922,20.300942179075626,5.2287768121438605,4.637405182697786,27.10639462981088,21.250693192905572,0.09826054675769803,1.8582053143916408,4.319696853804848,,22.19317809985619,34.69601736588304
36350,40.993396438050915,5.207865555695829,20.29227650700681,5.136187749807077,4.621389104214609,27.115560511385947,20.900652773617324,0.09793428625376341,1.8520918140459957,4.2768910166533285,,21.825498929459243,34.7002326794415
36400,41.165468458549356,5.178597215453887,20.29303587843719,5.101511435610082,4.610637119908303,27.184411496857155,21.16523555100497,0.09661781310393772,1.8189771509951054,4.290662922160602,,22.060927750053942,34.75501777036982
36450,41.44973492904147,5.138809745913815,20.2957309287897,5.055550738597323,4.584496532290278,27.271707997021075,21.625611471836162,0.09492985055933027,1.7740306103954862,4.314039816160127,,22.476727379936566,34.82638729434637
36500,41.53498438813203,5.120062893185347,20.294452159349184,5.010735380597061,4.59396703464453,27.32280827746916,21.74260313503585,0.09255071054410703,1.7539637372768273,4.301336512481329,,22.570758111588496,34.867116404866835
36550,41.081021516289894,5.137709312135092,20.28599842682587,5.02614675290378,4.609747786399141,27.285781465884725,20.916224675302843,0.09013312181417427,1.783245660998186,4.246198287630046,,21.77884039657465,34.832921781016324
36600,41.36894351187487,5.098840181793008,20.289002177280473,4.988723179964942,4.594505270917967,27.373659782684687,21.380969704800638,0.08884385081038904,1.7402942825647252,4.2721465627008515,,22.20417209151485,34.90507454538791
36650,41.65094162296627,5.06236580011755,20.29158649719987,4.9436331015921,4.597506987408412,27.46154868768001,21.825928484720052,0.0872708762164334,1.6972430269194154,4.295610390337747,,22.613915057563055,34.977303839047785
36700,41.69530602869316,5.05104922025274,20.290373129662786,4.894448321441703,4.635965348209063,27.509917518092706,21.859371810753945,0.08523382045394812,1.6727980233539788,4.290127030150232,,22.634972120148284,35.016518701128554
36750,40.55378075711258,5.148368434641885,20.27209845103377,4.98223520578234,4.783870982470508,27.319709264419835,19.816970812189417,0.08242920633403193,1.753478150952914,4.156566451116947,,20.724915271732062,34.858098351394354
36800,40.86815163849006,5.1117925802690705,20.278230869693182,4.942637125625104,4.66447085332199,27.40182600362413,20.378396272220943,0.0811891697116023,1.7121342616077395,4.195795429908261,,21.221435351575114,34.926444135719514
36850,41.04950102578924,5.0818418208046365,20.28052855855713,4.965738118559093,4.620110188530204,27.466738048053408,20.663208566177996,0.07888665681214947,1.6879935504728951,4.2056121745891355,,21.482294123905792,34.979602251030165
36900,41.15581964284089,5.056674171943561,20.28167962479041,4.976131015094997,4.57898177452265,27.521647022827988,20.812980028164887,0.07773355016425246,1.6690536782735637,4.212253462423703,,21.612739167582372,35.02414875693767
36950,41.44566327670749,5.023430201914298,20.285085897594605,4.929048041254848,4.525076714324123,27.610350166989374,21.289360368244385,0.0767108327266503,1.6279369208130134,4.245850364021186,,22.043585874319998,35.09734072900253
37000,41.33669326391484,5.033740266837812,20.283009615387613,4.8905201488893395,4.478422198405557,27.623692099313804,21.084348371414855,0.07584851473104638,1.621940977251868,4.213689615227435,,21.820925446435822,35.10796807928468
37050,41.4550266352964,5.016192961896701,20.28478590671079,4.876147826462359,4.464399338283873,27.683414730768646,21.244927717120966,0.07481450651237026,1.5996446361913554,4.230125070250545,,21.9667764178068,35.15650675398824
37100,41.72913006165957,4.983707108957367,20.288000712265845,4.838652659467324,4.437273619691808,27.771361018152362,21.678013417660953,0.07362857021972778,1.560840381681826,4.260472640313877,,22.36602288508448,35.22898403313353
37150,40.657276487928186,5.059542370270723,20.274126814946495,4.996878685076953,4.477042561932723,27.622645626722775,19.71107067338991,0.0734722712021876,1.6604856613105767,4.130710386734426,,20.511748088908103,35.10387901290986
37200,40.83517107103988,5.03213397921348,20.275587665294953,4.968940506862795,4.4311953539306845,27.68174724239174,20.01165574157898,0.0724199612164388,1.6357087927604337,4.163799106730281,,20.782998165696988,35.15079207707456
37250,40.998464689295965,5.013527682886109,20.27458480892966,4.918537813807903,4.403486921143488,27.743010579043965,20.283898124922498,0.07011086565140964,1.615793716044566,4.167767098806062,,21.021459218199748,35.19903918031021
37300,41.214641099997664,4.991408496681103,20.275665627930202,4.890957402858628,4.373929521691658,27.81642724822896,20.633463031201075,0.06898283175219533,1.5900681947719804,4.189348968143424,,21.34195168372447,35.25858390989613
37350,41.51348742421422,4.9631656544790985,20.278976587533645,4.8484654775151785,4.344841481218957,27.90721870668533,21.119627262395,0.06800780779998451,1.5513864029591091,4.225107324885646,,21.792467942488496,35.33352486090234
37400,41.78477075656234,4.936443873000719,20.28217624399862,4.808611769353446,4.317407745904042,27.99456878110262,21.5489341470736,0.06694915904754553,1.5135644629942946,4.25691853263207,,22.18978485398638,35.405938983626235
37450,42.005937808558194,4.913431146886038,20.286262995148626,4.780854262053312,4.289807797735861,28.073294196455212,21.88475128238495,0.0664291316434873,1.4769753140448088,4.281059001698022,,22.499762459689055,35.4719537160561
37500,39.69214871367853,5.222956759793754,20.20300780734861,5.485536659334603,5.372825123784759,27.58781351043717,17.3666745390829,0.0757853002212201,1.7327961566662715,3.9205026097752103,,18.637396022129185,35.0444594625612
37550,39.96381323395162,5.170862907115198,20.203134281130165,5.403370121946676,5.300656421290737,27.645618887063446,17.942710837646754,0.07148658717627322,1.6994623849902457,3.9741847540074127,,19.12591007322817,35.089969108976945
37600,40.295261086442586,5.128619744923667,20.20589614631546,5.43220577130153,5.2019015916237965,27.725925482550537,18.569963598501054,0.06934637967625767,1.6606537089207773,4.028073382554185,,19.691696105831216,35.156011868529205
37650,40.5547610936694,5.094168413513445,20.204846129253575,5.405163284983418,5.1247256101603895,27.795218436711632,19.059109642832112,0.06422927052693371,1.6299474990646527,4.066817323764798,,20.11961219054362,35.21206970154878
37700,40.805641515436946,5.062732708286296,20.20489295882308,5.370976131089144,5.050773537484762,27.8675628903849,19.515221651940458,0.06289487910110042,1.5965225144878794,4.108033851687188,,20.519535106693365,35.27107963319991
37750,41.08259938054821,5.033428688309968,20.206461712653162,5.322645180284412,4.978521964604361,27.945483647329752,20.009176192763647,0.06213067937805167,1.560860700227067,4.15570756274792,,20.95660770913522,35.33554252007509
37800,41.15848187287279,5.019894254693076,20.204829187791074,5.301321074647468,4.91178821118134,27.98680170844811,20.13403524955519,0.06022384757901289,1.5470870953810043,4.161604256130743,,21.04931859882468,35.36872653354615
37850,41.350785472583134,4.996607618417574,20.20537597000445,5.25933029452247,4.855930621836466,28.053800525133997,20.45717374967084,0.05891330855424109,1.5187673118618026,4.195441503968878,,21.330920861231082,35.42427521363689
37900,41.33869427764264,4.988345941993384,20.2036577808781,5.246032512874506,4.824681918740439,28.087071669189573,20.40108172937735,0.059552289510580024,1.5100944994544954,4.2007364023483325,,21.26326237486157,35.450829577856155
37950,41.50713525050697,4.972307149255535,20.205066021167458,5.194401134806576,4.749641879902824,28.149024723282054,20.686390648063725,0.05865140741469753,1.4823170577876563,4.223480732447534,,21.50317708197161,35.502896390086946
38000,41.181093609042385,5.0042693106030605,20.19731932588887,5.187624589090821,4.6815018415344944,28.1203507506415,20.092065275992947,0.059943081574805095,1.5049685786604041,4.1673020279869615,,20.909331225497926,35.4779133904339
38050,41.46884826932077,4.980943328375822,20.201211921435203,5.149093620849823,4.643024878069753,28.204689751213433,20.573171199371203,0.0585083935699918,1.4714540734962354,4.215124509513694,,21.354161527552712,35.54806833344305
38100,41.424266200573584,4.978854800609135,20.20111936044323,5.177181157529042,4.628144115775408,28.23206847703285,20.44219802325865,0.056090083186221724,1.4782496406481391,4.21321378638684,,21.22967778299703,35.57064255093104
38150,41.67542903657805,4.957632161348967,20.204470671378896,5.116703155929895,4.583844287931237,28.313103070686118,20.857829388605683,0.055342596858688115,1.44349522339001,4.2523829113384455,,21.604084622565463,35.63853129695279
38200,41.90262384195978,4.938222399010262,20.207739719343316,5.058603850148854,4.5452337539459755,28.391744232441294,21.222537072171598,0.05472409183065735,1.4087885229881645,4.285741109122399,,21.931574270208593,35.70484469747908
38250,41.04224191455308,5.036839521115707,20.18462618500763,5.051317076835261,4.836135546314139,28.271278077702945,19.606797261156693,0.06304112098306573,1.471047454476777,4.112554652100384,,20.42309946411251,35.60003693329075
38300,40.45293958020324,5.081578286957704,20.161217104820523,5.181264128751855,5.165590257321556,28.130444070106318,18.4582195904372,0.060185103253796876,1.5363682992456151,4.027726795501462,,19.43836241789107,35.47661747109346
38350,40.76072016135191,5.067435440872671,20.16663157302208,5.183286423147799,5.072945522384633,28.18774655855765,19.0510827713464,0.05579739102039434,1.5085864269323515,4.0855092141135305,,19.986967773132797,35.524040132110414
38400,41.03734783865671,5.065730110877682,20.17112890014137,5.176420893582644,5.027140379664793,28.258248542557162,19.535497803368198,0.05496859884308163,1.4824238648521713,4.134669772046575,,20.442732510711846,35.58312247578038
38450,41.20158112682144,5.0548916543870845,20.173459476120556,5.173337799468634,4.946363262429228,28.319128016163422,19.807859114782943,0.05230258739814145,1.4680671863283186,4.163857086319524,,20.682913474226336,35.63407607287883
38500,41.483825473972345,5.035175985147585,20.177602632655738,5.122309847387287,4.869445239744166,28.402778755628248,20.296674953165596,0.051544261321128826,1.4343478268720318,4.211497351509455,,21.12102807737478,35.70448079596933
38550,41.73138315233001,5.013973559091243,20.181249328291006,5.070823086614013,4.800240719503771,28.48277657891016,20.71274296297793,0.050805312609738536,1.40020754392409,4.252126729459655,,21.49135884082655,35.77191405252729
38600,40.402504931683,5.171690265714494,20.149445028681416,5.34039356280598,4.9405313578154875,28.23584738991396,18.18931405998595,0.05873095857308445,1.507553155588079,4.0369352783242345,,19.177242225465296,35.56115556868899
38650,40.65975849432513,5.187132455602984,20.16066415936415,5.261224564651531,4.75711208846681,28.278728341522964,18.730692058777844,0.05526031845682734,1.486349264785632,4.099884091304601,,19.639586777516765,35.60200264065539
38700,41.03028566667167,5.171787507288378,20.169923232018622,5.2082773001029485,4.690685847167107,28.371049757454834,19.400954368018162,0.05441663176606415,1.4523293153767705,4.166143323388674,,20.25641010017991,35.68139839947437
38750,41.00178630534399,5.171640992599657,20.159862726519016,5.154099976027472,4.611576058756725,28.39114719061607,19.35876504776283,0.05340895563838622,1.460048686856584,4.146751325295205,,20.17796909497195,35.69308117032559
38800,41.253679687451715,5.170643131648908,20.16614254314091,5.122402697627835,4.5481837600528525,28.46839740206225,19.784265059772988,0.05201332224839034,1.4357120735068547,4.1954115694462635,,20.569980293576055,35.7595022123737
38850,41.50866457811539,5.1576641738083575,20.172229241136687,5.080704205275237,4.498237733903699,28.549953679862103,20.207456969147067,0.051373161717970385,1.4039023825168482,4.241043675315661,,20.957789743395747,35.82932156949259
38900,41.71674074467485,5.141978187307186,20.177520914589717,5.0386014275059345,4.449180536047343,28.624766428233862,20.54199485726083,0.05100187160106735,1.3722913946310424,4.277249815477156,,21.259099573834334,35.89341365303963
38950,41.8853634624262,5.12627274483914,20.182474661221693,4.998278728051997,4.404313931766287,28.693923741017738,20.80172102615711,0.05075344082292052,1.3413994537868799,4.305480171778869,,21.488979179775008,35.95285032081246
39000,42.01854813056756,5.110840900874431,20.187244897115676,4.960269207134484,4.361347058702995,28.757983918295785,20.995836988692048,0.05050426840082813,1.310991588047879,4.326564162380751,,21.65580064254375,36.00811971668646
39050,42.121282624945046,5.0943617865435415,20.191825151051173,4.924390253513685,4.319630947584382,28.81768024665068,21.134774816959403,0.050210814799550044,1.2812913920170186,4.341619976056014,,21.769138313346666,36.05977075724248
39100,42.19923046930668,5.077948043122339,20.196293021437686,4.89128134577969,4.2801651830081955,28.87369771682173,21.228674986444002,0.04993286669372529,1.252359737966729,4.351647635195778,,21.839329383551764,36.1084303768302
39150,39.886918756220346,5.672853302799457,20.0716847129653,6.289589030873788,5.557895802075439,28.356537806028292,16.26001038322712,0.08855726948060404,1.7244651050276123,3.7417327314678297,,17.93356310662967,35.62798902781146
39200,40.003993924593885,5.608048862597598,20.058642304607393,6.370730062614848,5.509281744026054,28.348031265770537,16.56317496544735,0.07795198630637996,1.7173364968875129,3.831036043536643,,18.22179019438243,35.613001727330605
39250,40.28632171828008,5.527622734748194,20.053809948830448,6.393069577225457,5.42356289018078,28.4034463206179,17.17624121568794,0.07433206775740404,1.680276951375899,3.9221877704815813,,18.75056304190543,35.656753963313804
39300,40.55628237026468,5.477452417059747,20.049099533960273,6.384159287258312,5.332050635917973,28.46747966779568,17.734927419589447,0.0673864715516589,1.6479288577653317,4.001205959769183,,19.230274642239305,35.7072622428644
39350,40.74631474845284,5.437733462093123,20.04248471146123,6.3286586945583485,5.23009392250229,28.520628750534055,18.13966598471109,0.05910097100615816,1.6175075355029456,4.061114839646826,,19.554136549091037,35.747697959441915
39400,41.0061195623715,5.395562241997443,20.041474623356713,6.244295101005467,5.163287719972699,28.59112724966955,18.65505612846664,0.056601360912186635,1.5830873496460425,4.13584784007115,,19.985971807535726,35.805904156603745
39450,41.097174942966824,5.3658879939727635,20.034370663334116,6.161380698771951,5.093413727293962,28.63437841333702,18.84442190038537,0.049938662512109724,1.5693833087630231,4.1711184618478665,,20.115806251936963,35.837579816825716
39500,41.061025952758214,5.370142682804786,20.031149473659173,6.074397042572805,5.034321373892064,28.65717500460781,18.77862026753625,0.052015965675352,1.548901637827947,4.172255883270927,,20.00930209609664,35.85576218573838
39550,41.21749557139526,5.334827664313498,20.030196467771745,5.997480851640691,5.019480257586048,28.71504801763691,19.06087185348249,0.05123343593917666,1.523708943754241,4.225244789373217,,20.245354381517256,35.90275152609849
39600,40.8921317525037,5.327696219981465,20.01336217966062,5.936010984903555,4.994381049288495,28.677297409697246,18.458969529124204,0.04685081583748862,1.555192670334327,4.1863583216070035,,19.646433151716096,35.863408980174654
39650,41.17808519776647,5.294157878953259,20.016835992792494,5.860515920146645,4.947143981844143,28.754430342623085,18.99760002232784,0.046558169242078895,1.5202259616478357,4.25131317862898,,20.11885246153849,35.92863031323851
39700,40.86025732708782,5.336573869944116,20.011091643266383,5.783350072545865,4.901891521021858,28.727043589401028,18.38815292188559,0.05395331408635309,1.5340354396210385,4.175974605965092,,19.5028806757873,35.90540731118137
39750,40.88145833099677,5.317110619864072,20.008770082435763,5.7463072687168815,4.870455680012951,28.75329315522189,18.417291336401195,0.05356457148940871,1.5336644322997632,4.198359294018347,,19.51025205921367,35.92552991752486
39800,40.99277146108932,5.289866988182825,20.0038195580472,5.700615402338839,4.825091789384558,28.801757764401263,18.62188676700092,0.04491363091359262,1.5237007889826195,4.225363563684325,,19.674375631629825,35.96284548762277
39850,41.28321428261524,5.254270656706072,20.00674635709618,5.629898936119646,4.791263998829333,28.883130369476994,19.156219323355387,0.044297490565568726,1.4887634819751856,4.284881697105764,,20.14957152994554,36.031910144536255
39900,41.53851221287077,5.220135837830394,20.00973866015902,5.562155124543191,4.743006175165673,28.95970942225436,19.61645067342267,0.0436225349461409,1.4532206811075927,4.3348817885407716,,20.553443112313005,36.09714632886826
39950,40.876626571583536,5.263899030886821,19.999510825570116,5.563525390215125,4.689187064388106,28.868609753479568,18.3542572838654,0.041932995294340095,1.5081579925276813,4.209103831373982,,19.327179521929267,36.01886632863126
40000,40.765581062209826,5.267158639911976,20.00238033599359,5.5394354266572945,4.599255469217966,28.856941737428233,18.14940756885939,0.04057598405914562,1.5174479587399199,4.210409495851434,,19.104746543434302,36.01168225521734
40050,41.10688752777012,5.235013392676849,20.010552850465594,5.488980030682588,4.555506496142073,28.9441307976434,18.78394976646472,0.04027525280567685,1.481779855700404,4.274377183570461,,19.685250450964226,36.08693831434797
40100,41.390659023517486,5.207873744064131,20.016704112327687,5.4335578411609555,4.526963849015989,29.026322316956186,19.288985585607286,0.04001017339557086,1.4467501717054145,4.323455839957439,,20.14477155704758,36.15763865790265
40150,41.17792469536344,5.2486732668098925,20.018237789048747,5.392988555978268,4.476224795698307,29.0229686619676,18.854515301120085,0.0417405808604532,1.4499000991819346,4.27700166266483,,19.704674656512626,36.157257624134196
40200,41.33526333822439,5.232036859831216,20.02240672147625,5.357913009727862,4.4831235247154115,29.08290807569364,19.107476086009637,0.04086665974749096,1.4340521446841688,4.307902750249968,,19.937736062725293,36.20898612131333
40250,41.575532401536044,5.2068820417665975,20.028169029851114,5.309879249563241,4.459357888102998,29.158021415804395,19.524080243276835,0.04060496520037027,1.4014733508990043,4.342733035772118,,20.315507682630027,36.27402710022936
40300,41.76836762444132,5.182745557969731,20.033296205204923,5.26012813539173,4.430020013079479,29.226086750051284,19.849279530107193,0.04040921546937115,1.3690183478511233,4.367471992127331,,20.603336288732926,36.33316759909406
40350,40.36080392638398,5.3181701493446925,20.022901871343063,5.547142369819936,4.473166581706667,28.95297635995864,17.07993704132745,0.04960794526716656,1.5132003172457515,4.089453163207725,,18.038663060214795,36.10541688699986
40400,40.2315502766267,5.331525382097064,20.01754367032926,5.545773431913281,4.4593577278174115,28.924788213700513,16.822748882650263,0.04675757171224492,1.540699644033322,4.0969196995697,,17.801211873166118,36.079003499367765
40450,40.6421999371004,5.30852211999378,20.028455543801805,5.489887711834235,4.411482485409562,29.020974068258635,17.63281376156953,0.04576025542583019,1.5060728673016777,4.1791776520957304,,18.547100427107683,36.163427402197726
40500,40.96816230170678,5.290654048770022,20.038483472479278,5.453881093981929,4.390420622791708,29.107338338900565,18.233788384235833,0.04542017460767321,1.4713333322884736,4.2382545018888065,,19.10647744019189,36.23993435709325
40550,41.21326533460848,5.2700921521661925,20.04602428088403,5.422384343759258,4.367577385718121,29.182030548506987,18.667578601243672,0.04539686233086061,1.4371859873521446,4.278005654751657,,19.503618910027335,36.306226586541115
40600,41.396271394125,5.248482407667806,20.05216495626938,5.390231332745843,4.338786200694811,29.24744856986894,18.979694830326945,0.04534433588575371,1.4038608131105037,4.303579186248172,,19.78101577249002,36.364305305402894
40650,41.5346830354645,5.2275355374816845,20.05784327801509,5.358905802276825,4.313162022767891,29.306358134363382,19.203242155056262,0.04523133371010543,1.3714612953375453,4.319069777125001,,19.973862691376873,36.416681672586876
40700,41.63955343983854,5.208626636498136,20.06341544444851,5.326411379992757,4.292065590072291,29.360263361681188,19.36088243349616,0.04513991056165315,1.3398645596775145,4.32705289949794,,20.104160164112937,36.46471108846009
40750,41.718374037167195,5.191165186313131,20.06897619812212,5.294329649722093,4.270641755216048,29.410040048323236,19.468775768506646,0.04498803302723264,1.3090137750218602,4.32934136752954,,20.18659086793164,36.50923556356289
40800,41.22768310963952,5.31857322281035,20.062458061888773,5.351678326761599,4.334750504066153,29.346942943605637,18.458797805450914,0.0613198443321182,1.36587276667367,4.202647027287582,,19.253953509132906,36.455550041893545
40850,40.049530325407794,6.23017255160455,19.99240285862895,6.526300207424904,5.663224122675934,29.003205328757694,15.211221951636622,0.16330202714811182,1.8932084867608072,3.8224150493816262,,17.23782316597339,36.14999767336631
40900,40.07390099096493,6.176335332914772,19.988528516306673,6.533356243081164,5.588811854312301,29.02586363925779,15.27200802716871,0.14705731205771674,1.8594220309957765,3.8852957636271896,,17.262212120164207,36.16536427788494
40950,40.301196198991214,6.111255525229952,19.98891714046858,6.82996964177112,5.499874318134577,29.07494503847594,15.66663299191512,0.13476164661364276,1.8375240450022854,4.024249755233976,,17.700463189959255,36.206077085628614
41000,40.607214761381925,5.998256234769689,19.976357537894337,6.875083217482802,5.387109698123322,29.14605917099453,16.35989151596496,0.12710155747191584,1.8131425082357058,4.145090592011839,,18.28353415126192,36.25821658075081
41050,40.73051404964961,5.914669747133992,19.967298568706376,6.799906004735547,5.309617644648751,29.1863432877805,16.668773711744326,0.1145547107768714,1.7893542866175909,4.238174144990746,,18.503867959448314,36.28473019450477
41100,41.029882514662475,5.855622207669401,19.96336223517099,6.7541491764753765,5.243859350137036,29.264684244921035,17.301039689720554,0.10261675346723684,1.7658553985966439,4.316715212547613,,19.037316901455128,36.34600149068088
41150,41.32413723612695,5.805568673219897,19.959041102841763,6.704785721183658,5.18186033447231,29.34291246443388,17.904893589345967,0.09030751642593511,1.7445434118728709,4.3780392127326895,,19.548480904060032,36.407982814952184
41200,41.41124188850009,5.7736127612601456,19.950082007920695,6.659973979474812,5.106194215158955,29.384788140155827,18.0932339065929,0.08314953676928616,1.735141513680199,4.390169516024034,,19.67757352316929,36.43739912491192
41250,41.72197353754198,5.726097809425779,19.94952156046722,6.602541344196253,5.042988055113181,29.47149710547325,18.700157966356272,0.07843519775161718,1.7055787189857938,4.443645808945787,,20.19429798505299,36.509086605367685
41300,41.94115376044985,5.686761142809601,19.949467116387694,6.542779613200271,4.973645185422927,29.54375436969726,19.116225085581263,0.07300604816604211,1.6814335287172866,4.483162317263106,,20.5371800145979,36.568902305178604
41350,41.824833232186606,5.683118614718218,19.942815285404762,6.542659975468464,4.905741407363843,29.549837032601054,18.882065002544852,0.06442285992554853,1.7021802216716242,4.450105916428154,,20.295332922437726,36.57070051923585
41400,42.02719258667746,5.635934055573602,19.943026076851027,6.4856199227272855,4.829005587154743,29.620554388856668,19.264732205474022,0.06256292047813775,1.6761398343547416,4.482611524426362,,20.604229834277668,36.629914409590675
41450,41.9569220094854,5.654109209830843,19.939883042304928,6.422903751567267,4.779708456619049,29.641934577512366,19.114125214323295,0.05982827723069008,1.683487194607282,4.459185521691011,,20.428115148387416,36.64799334198621
41500,42.22031776531255,5.600282614448266,19.941415035501322,6.35618982320099,4.7115692890525835,29.726705603226183,19.605022212362968,0.05824578228903946,1.6489539948466405,4.491729641647017,,20.838647541037453,36.719286497212615
41550,42.27757819419721,5.5774036955318795,19.939428489405234,6.304294822544167,4.655869572874681,29.77241429118269,19.701390892304694,0.05613977961018735,1.6398125001516124,4.47778184847484,,20.888138276800355,36.75703058321942
41600,41.905962029376695,5.594614463116499,19.930186505031354,6.287019343203683,4.649586561908024,29.72866630805524,18.980670881565697,0.06166339233976493,1.688349064476444,4.420243043695015,,20.198503915886686,36.71689111522749
41650,42.19339468255633,5.541850345737723,19.932968410894986,6.208609571208795,4.609374483554221,29.818323526677936,19.513253986364326,0.060662837675339754,1.6495790870959757,4.453062289467629,,20.652952347569546,36.79318026709562
41700,42.458807637486444,5.497018040786464,19.935803922461268,6.134018039727286,4.573076433097909,29.905035159764292,19.989799387793166,0.059855091158530535,1.609892374553607,4.478739966366681,,21.06045843877839,36.86743056337891
41750,41.2242362808132,5.699155621954526,19.91410674357939,6.160218865336421,4.5580001007429765,29.677627224233664,17.59210369462819,0.07464585912726754,1.8110956949732608,4.258246548452134,,18.829967363491214,36.67246904731356
41800,41.45198075648077,5.6356454291959,19.91160534029658,6.116383590809302,4.535750079735847,29.747278649369296,18.040285968626346,0.07175991377499769,1.7961510733843535,4.297347083012888,,19.217777967984336,36.72796915987744
41850,41.53866793942452,5.60467806883164,19.90490176864056,6.097845761225743,4.5203964042239315,29.794926533560723,18.188175227775986,0.04907058267418203,1.7973650783541981,4.294811116306101,,19.335177170708036,36.76427420688603
41900,41.77244757452827,5.555231329019129,19.9057805827036,6.044569671992368,4.485909562796457,29.871850706908567,18.62764078234349,0.046035094421757586,1.768833080563093,4.3277151069849955,,19.713933372214225,36.82795415662688
41950,42.06418910478245,5.50707887830124,19.908945183392042,5.981862673330665,4.440997416208572,29.9614930352942,19.16931359333593,0.045318195539062175,1.7265313448396677,4.365803144348373,,20.18641420319125,36.90399282814933
42000,42.31981327566394,5.464493332307127,19.911992728127036,5.920927551749483,4.4081571020064,30.045995719616176,19.62647075768517,0.044864026163775675,1.6847492125321057,4.396432180618468,,20.584624801067687,36.976206099143425
42050,42.54092510288778,5.425524928823668,19.914931981899464,5.861529902939508,4.383876797473535,30.125332582608454,20.008383389935265,0.04453627798371566,1.6438956414129786,4.420194337666255,,20.91532299505147,37.04429203834485
42100,42.73014062722324,5.389719480549656,19.917857360861962,5.805453873967022,4.363914955405952,30.19977089930499,20.323683374958076,0.04431618983280002,1.6039937784091607,4.43787374909735,,21.18564124028055,37.10840232697169
42150,42.88944077562873,5.356478904000158,19.920796655445024,5.7534371168170075,4.346455465451623,30.269442279193548,20.578781984301774,0.04412122689805982,1.5651671840059584,4.4500912116324605,,21.400891511776024,37.16861542413649
42200,43.020745738341965,5.325474724902323,19.923828279136867,5.703692791920424,4.3309298180303655,30.33449998360638,20.779595381491873,0.04392701755336046,1.5274111976918385,4.457297046867349,,21.565815662784722,37.22499373649186
42250,41.33038951481569,5.586576784278821,19.905693253818303,6.267933362045262,4.580374443145815,29.967020434025752,17.387040599942,0.04406252285192789,1.7288916469872768,4.143104191772392,,18.58423150240007,36.91649274933343
42300,41.24566544703269,5.536340159208316,19.894955895289872,6.140437631308163,4.522674764692339,29.95398570528131,17.287062910800007,0.03960495190254362,1.740968762838592,4.179554988732085,,18.426644710160886,36.90072740331885
42350,41.608921086504154,5.468058157288262,19.89738032109816,6.001675994811967,4.526834767039022,30.05974369857235,18.011206371806818,0.03834812065527171,1.7022023244502227,4.253686994931272,,19.058460988510227,36.98753004368315
42400,41.89547363494534,5.419909247311114,19.90050193403999,5.945521034419603,4.482845903909623,30.149782672689405,18.549651806322252,0.03828358900045221,1.6620747285641508,4.303167957324267,,19.53214762958528,37.06380876370488
42450,42.1182255673871,5.382500043082592,19.90346580647983,5.878277823641107,4.4295501249602784,30.22828454887763,18.95930472312928,0.03838113051178256,1.622979372337121,4.337124062528159,,19.88077848890745,37.13084393897202
42500,42.2980507047779,5.3500962160865715,19.90637402989246,5.811943611104987,4.380984967627261,30.29968501011398,19.278632566724372,0.03858009198892502,1.5849260695976501,4.360740147599029,,20.146676991653237,37.19188755115761
42550,42.44333223612326,5.320290171891723,19.909253913142823,5.747876620739837,4.3427422014679795,30.365410371665135,19.52553076739836,0.0388300636522079,1.5477940007464148,4.376460225835742,,20.347097774979858,37.24824913256125
42600,42.56039408301623,5.292137471606718,19.91208620854676,5.685824878803457,4.311959802355312,30.42631634556856,19.71511067622806,0.039030773686577494,1.5115793567475053,4.385765101728355,,20.495097535768554,37.30064505475712
42650,42.65422925141651,5.265573204190087,19.91480596864474,5.626037702644177,4.284602806002689,30.483183861599834,19.85871436247385,0.0392223825416088,1.4761952403327463,4.390178630177208,,20.600421882739205,37.34977766045677
42700,42.72915173734843,5.240377797375158,19.917475321174404,5.568525598317447,4.260884329774901,30.53664074023268,19.965084832869895,0.03943211239350417,1.4417356620345598,4.3906965576426025,,20.67143551921963,37.39615169730826
42750,42.78853362087607,5.21694777074524,19.920182979377305,5.512639067681417,4.239662823677116,30.58708767245212,20.041299116201092,0.03962849147801435,1.4083054630322804,4.388159962835102,,20.714685173425906,37.4400911803202
42800,41.042604716156866,5.8163569498536,19.89852613716443,6.487042646195065,4.998212439674471,30.100389130181192,16.195121369735308,0.10136803831404521,1.8295783047930922,3.997147380339745,,17.698311060006542,37.03059799017499
42850,41.23251197142891,5.7007173489497776,19.893766825985217,6.426592222739897,4.957809678069066,30.163077025195253,16.606098773156052,0.094742415628099,1.8000030655967718,4.142007122187527,,18.034286152616495,37.07943589699786
42900,41.545879502430004,5.614257942363851,19.89024792212192,6.323623074044592,4.981041574419779,30.25618002329687,17.249248505505587,0.09328848107399382,1.7603546450030583,4.247200279143251,,18.590492684682282,37.154457140041856
42950,41.70441251744831,5.560744554172799,19.87795198172425,6.246130186936282,4.877995890780416,30.307985929170904,17.61637755522541,0.06502193185250517,1.7483026344290544,4.29215831652679,,18.87104783599376,37.19061140929435
43000,41.98441368590472,5.514024184336102,19.87918562163391,6.160343189657122,4.818565291146517,30.389942308847328,18.179677396422054,0.0635467086630264,1.7089940320432557,4.354554698953474,,19.350728102729494,37.25909706962071
43050,42.2186580874944,5.478440587937987,19.88154247299893,6.07809243159732,4.76270335759831,30.464862027109117,18.633846094324458,0.06235351353889744,1.669653668673391,4.402252550261018,,19.73337160474409,37.32303760169898
43100,41.591192234118196,5.581849934874477,19.890582751369905,6.3080751618511925,4.61406110143586,30.33357565637,17.333130979754152,0.048554589817428356,1.7605549465897012,4.2764957085544,,18.5615286537884,37.21957718042973
43150,41.7613925848396,5.515760008525256,19.88464762263063,6.180092171138798,4.630419304432496,30.39912723022697,17.68232678410157,0.04667653420578982,1.7361547732341467,4.332290380834977,,18.839505572845205,37.27045667007355
43200,41.99674230372447,5.47130883193195,19.88653853871716,6.084706068033938,4.5905984821399635,30.47692802564882,18.146842292040404,0.045820681056128035,1.6970300537202787,4.38023387386779,,19.22824941466984,37.33631996558698
43250,42.19475706947964,5.435915644416818,19.889437107546314,5.998575420886477,4.551256158077937,30.548569165969784,18.52261219513512,0.0450523334459751,1.6575202362351238,4.4170299344644395,,19.539871961711636,37.39773960913036
43300,42.35951486792395,5.404002450790184,19.89214101205128,5.916500155441054,4.52545117522662,30.61470309880501,18.822979404285757,0.04442208226016822,1.6183676464434567,4.4449537953845315,,19.78592161102727,37.45458324221689
43350,42.49580934903722,5.374779898995749,19.894857419325795,5.837853153853061,4.504282044310333,30.675981583331353,19.06243878875656,0.04373469392279749,1.5799883953562275,4.465469809799594,,19.97771637036946,37.50712813392664
43400,42.61033726958044,5.347896901130671,19.897650704434263,5.762893516937282,4.490514913807166,30.733431071118538,19.254932118017965,0.04299544264136452,1.5426464358793286,4.48005230114823,,20.128392656443534,37.556472828201336
43450,40.96693725473778,5.779919526325979,19.878026804084048,6.368141322092002,4.835087696859404,30.322318515026055,15.699917868647965,0.08168577202395384,1.9114293133206028,4.027974174485336,,17.135035850743584,37.21129525328773
43500,41.16791820637598,5.677093754084475,19.87474660592217,6.298569539814204,4.784918336721723,30.378367660764997,16.160114808177745,0.07442084578332991,1.8948254787353005,4.171892515916786,,17.512916043090563,37.257150469601456
43550,41.490476003954875,5.593891546331256,19.87321418231728,6.2108066160114985,4.8467629332519335,30.473621399618604,16.813133721523315,0.0714462179502344,1.85066264204849,4.290102701788679,,18.098471561810477,37.335036174632165
43600,41.78827486099847,5.543409814803192,19.876190110798934,6.14744407922373,4.852849554327058,30.56183235253105,17.397949828208287,0.06975869715119457,1.8086124938850543,4.374491085924464,,18.622672754593808,37.4093033259598
43650,42.04941109001057,5.507274406722232,19.880127177306942,6.088771669583063,4.872243427557393,30.643870434034035,17.885986811938963,0.06853397875457216,1.7675769119961195,4.439279684519719,,19.064878508443098,37.47910591883175
43700,41.27162330809655,5.709024724315798,19.871244889225146,6.225834626302326,4.889247721684341,30.46562876308185,16.22963563091407,0.07303213435280727,1.9232569726246718,4.238152184549262,,17.601843399563933,37.329907573186496
43750,41.55895737660387,5.644868105100307,19.87029917611286,6.137080822008702,4.851771163000429,30.54867634916985,16.845243987998334,0.07052981273492737,1.8893343144755237,4.323394293412944,,18.127897520644456,37.396875132975886
43800,41.82376345076791,5.598078992493265,19.873469503285886,6.070358810262404,4.8172402565353,30.630201638503053,17.377375496963463,0.06891042773056007,1.8471572135914116,4.390863344543172,,18.588939426852853,37.46569791383294
43850,41.71092060140179,5.605239263348191,19.871554516026233,6.0250413986441105,4.7284684942437325,30.625922747364157,17.15864891019399,0.04369614303132198,1.8880446477056203,4.348675048996628,,18.34154284316797,37.461829954617514
43900,41.86837203724692,5.565096723965492,19.87187363641902,5.950309405486948,4.711855060276261,30.688141511247125,17.462269209450877,0.04222235325486744,1.8624923994994687,4.396318633512928,,18.59444173151222,37.51276201165034
43950,42.07049286126893,5.5298944954225755,19.875399034212684,5.877836513836726,4.6888386618984494,30.76018502524786,17.847184498094506,0.04155636143623286,1.8195750896755811,4.444932156404095,,18.92357554856672,37.57425525606286
44000,42.233184678174524,5.498506823080928,19.879016909323493,5.805770915744856,4.665194501554879,30.825716218664137,18.146409287474395,0.04107642745768626,1.7774920204470135,4.481502678222602,,19.172354900206415,37.63060849416771
44050,42.361345831852915,5.469067797220852,19.882494019906634,5.734692551753886,4.643610338417741,30.885681030946056,18.372393624503378,0.040594362657380874,1.736440209697584,4.508050718686724,,19.352693438986787,37.68231518023328
44100,42.461345195559716,5.441306852596788,19.885860539740904,5.665402788867778,4.6239213123559235,30.940911982159214,18.539827537307016,0.04007365403819459,1.6963865406403047,4.526428668337338,,19.478407561969032,37.73006062367658
44150,42.53968337972654,5.4157757373833775,19.889296630905353,5.5986529796384,4.605313994078613,30.992305348242333,18.662464658586597,0.039536200108070955,1.6571403320047677,4.538482945255935,,19.562695176044116,37.774669019020706
44200,42.601092440184786,5.3917232029710656,19.892786932540353,5.534553909268283,4.585799602417224,31.040636029040975,18.750841431056426,0.039066307022314284,1.6187086193792966,4.545514036643368,,19.61492067009441,37.81676829401307
44250,42.64810688953685,5.368588399319249,19.896277280187235,5.472749065186761,4.5650451707103405,31.086323676274652,18.810556883945445,0.03861191932869109,1.5809829789038048,4.548542894012619,,19.640052060261688,37.85669526426693
44300,42.68338281541707,5.346425272659101,19.89977111809555,5.413058442733156,4.543760238754782,31.1297456728313,18.846912539346818,0.03816970691555779,1.5439801827585893,4.548246514291504,,19.643307087511953,37.894744427600294
44350,42.709544445960816,5.3252612780243656,19.90323286646533,5.355382139427482,4.521914869619566,31.17126452929342,18.86526284219317,0.0377431320564039,1.5077397091738174,4.545293234026627,,19.62973822079167,37.93123467756742
44400,41.208669394308586,5.9015373095769394,19.88629217127875,6.544734956138683,5.140135038302604,30.71476329619868,15.350575631565432,0.08588182006710038,1.948877345780576,3.9704880425088693,,16.982403348620853,37.546669755840895
44450,41.339895249003916,5.845313537514905,19.87779329151876,6.601286152575272,5.178325492799464,30.738429706681313,15.612664979551237,0.0759001085952333,1.9457915390960645,4.111242487674242,,17.26042335990399,37.564141473425124
44500,41.686303898804276,5.745674760626313,19.880316058746473,6.6547384484469125,5.13480847731695,30.826375806791784,16.327208722033696,0.07335028883516141,1.9208844654399038,4.2799554142652445,,17.916822864177803,37.63954557639
44550,42.052264358159455,5.690203260425193,19.8851977929296,6.61697993914352,5.03503421953246,30.915398468255603,17.1071818251733,0.0732756346361691,1.8845048166155443,4.41397552776552,,18.59334069558099,37.718438719366155
44600,42.02279648076924,5.707064915103964,19.873507263498084,6.588928699999998,5.025816697392413,30.92284047386061,17.037405744620497,0.04738504856337925,1.9311200918832452,4.414634825939239,,18.52358221212601,37.71991948685416
44650,42.328596703120525,5.670126569309772,19.877719440027644,6.515121364683573,5.009801946951945,31.002095302777,17.66120857247569,0.045783862623305055,1.8920118545226658,4.501233724219711,,19.07063009018845,37.78916732105412
44700,42.58045372272037,5.641586747886048,19.88321598990205,6.457804263019236,4.966089542478535,31.070925499191723,18.163153613207882,0.04511702836920886,1.850637465982848,4.564046858246528,,19.505135116972635,37.8502938337521
44750,42.757097638590594,5.613359900275432,19.88829239616158,6.403774456166037,4.919462145906313,31.12767567127955,18.50704524982069,0.0445354770688901,1.8088795991825373,4.6031548086007845,,19.791493620896183,37.90074113694869
44800,42.86835100834893,5.584898978151808,19.892803794446355,6.346141607232244,4.874007481833897,31.174847863519528,18.71834332767637,0.043905391023688844,1.7677192221012876,4.623531265666066,,19.950899335888725,37.94281399506691
44850,42.92056232060344,5.555592172636513,19.896538625247775,6.282939616509827,4.826282758527574,31.213862842085412,18.813991851850624,0.04323725869135137,1.7266443214057967,4.627611454410716,,19.996652779428693,37.97773752523668
44900,42.92917053027246,5.526416965846209,19.899557676884964,6.213375891493842,4.775643990253614,31.24688646625267,18.82582874676235,0.042557006497748164,1.6856296925673575,4.619987696296638,,19.9591485209718,38.00718448839643
44950,42.91145078733726,5.497866094552515,19.90220184458516,6.140208561200514,4.722326125341768,31.276058064618514,18.787171210356494,0.041895755997509485,1.6450488264453382,4.6052538002054115,,19.871445209918644,38.03312074946347
45000,42.87837446179162,5.470111756494599,19.904685498656104,6.066725403892459,4.667667506711705,31.302735660387313,18.71818565012461,0.041280585605439415,1.6050358608012107,4.586339926281786,,19.754285834567415,38.0568415354169
45050,42.83630654582169,5.443673924428387,19.90716833568587,5.993451810586568,4.613561275477641,31.327662200392048,18.63061104174376,0.04071390345982205,1.565782359318255,4.5649086024865575,,19.619723388488836,38.07907053286346
45100,42.78915465398455,5.418266932954441,19.909604445695738,5.920873500501016,4.561770476417615,31.35138428510598,18.531651353931387,0.04016987567913227,1.5273622645178673,4.541965408421742,,19.47517676781127,38.10025256957113
45150,42.739936893268116,5.394090210446944,19.912024914876472,5.850096769048412,4.512390882934186,31.374282456538953,18.42689441910499,0.03966795962914407,1.4898239925665973,4.518270672773284,,19.326440911982594,38.12074090723036
45200,42.6905151560556,5.3710507348585,19.914412882887703,5.781017701746521,4.466052280462623,31.39663293914443,18.319954936264295,0.039215587890507574,1.4532028365443659,4.494399187270254,,19.177139466275587,38.1407578081562
45250,42.64198037018484,5.349039228121019,19.91678372874458,5.713988115257357,4.423032672997951,31.41857687909443,18.212936098586976,0.03879183210234366,1.4174424824214764,4.47062126398186,,19.02948201033531,38.16041541059995
45300,42.59486523044263,5.328122228735864,19.919146280663856,5.6486619688635225,4.383534983365958,31.44019357654587,18.10700319091951,0.03839035520411415,1.3825371320176967,4.447053917868779,,18.884524952820218,38.179801745240646
45350,42.54987087396724,5.308081279350994,19.921498056963664,5.585660487107078,4.348327353540059,31.461540394720664,18.00343548445891,0.03802358735832632,1.3484704163943344,4.423812194240024,,18.743804360228218,38.19897000570532
45400,42.50695397336256,5.288998072734573,19.923860266303954,5.524559560015046,4.316934265164646,31.482603438790594,17.902446370092132,0.03769108111522444,1.315215682123751,4.400866910142543,,18.607324013726345,38.21790979556269
45450,42.46625951545854,5.270924003432418,19.92621092859736,5.466290680999004,4.289449829807564,31.50338257049961,17.804168529224107,0.03738424020715995,1.2827512682556663,4.378194029945113,,18.475484931338624,38.23662712355984
45500,42.42738429491871,5.253495176529697,19.928543159421757,5.40973727288827,4.265010321847948,31.523835397133364,17.708475706213992,0.03712342261932393,1.251001177411951,4.355758441108658,,18.34753247008228,38.25507796839514
45550,42.3901492707999,5.236778621929739,19.930876011502843,5.354498314943105,4.243271122417265,31.54395961431198,17.61515784965162,0.036881250809704884,1.2200435889415524,4.333594749577007,,18.2230952299587,38.27327468927311
45600,42.35438426585932,5.220713311922512,19.9331617255919,5.300650075951249,4.223852211177583,31.56377679253149,17.52396231252748,0.0366693172608623,1.1898167861968507,4.311727586879375,,18.10183864367366,38.291217064210365
45650,42.18579202567795,5.648393681291191,19.920665629966514,6.9555447585032795,5.969397253888955,31.322215590773407,16.310179835225515,0.13782732120195673,1.4955357581211235,4.187086421978903,,18.142626295928356,38.085248586822196
45700,42.286130892699745,5.928945927276562,19.892891721876435,7.653964777747375,6.734974251685821,31.23687374151754,16.034463081174007,0.1575864773139531,1.65302396070533,4.206026730806585,,18.539706945638045,38.005211908952646
45750,42.427485880415595,5.90056597429288,19.91641774134853,7.6690099530092715,6.596867370584059,31.26941792347487,16.324931331511802,0.1445911697939802,1.6747773429302641,4.378714982419583,,18.783225445062964,38.0431597006979
45800,42.63666975001973,5.836754008959899,19.919167940667965,7.6362903594266065,6.53495862096871,31.325557192976554,16.764415295567623,0.13000370832112967,1.6856701756192867,4.564154398517011,,19.156138073310945,38.09104857428441
45850,42.736503794188025,5.815069891326772,19.917999547418688,7.566453338854903,6.468284207036957,31.3686254935346,16.960968850993062,0.1110125280455122,1.7064569057505978,4.7103765620209606,,19.30725815006781,38.12661195644438
45900,42.883462916682056,5.7952574964958785,19.916903875593015,7.469493832044135,6.38676179561948,31.43271315825035,17.25293430493863,0.09681021790614673,1.7313710303049654,4.8428340321518135,,19.52754680017133,38.179396376757495
45950,43.062261145923266,5.7752617871746335,19.919115516531036,7.396919334595177,6.346608254162154,31.49912799657903,17.589530536082894,0.08997510944293169,1.7290472411614166,4.965412615979686,,19.80835667260544,38.23594305010065
46000,43.2732419459009,5.739324791032546,19.92031199047008,7.285092270319433,6.287856387508725,31.578016894204794,18.00658970824885,0.08557239125934334,1.7121877446613707,5.085051515750544,,20.137113304332072,38.30235157633235
46050,43.35937032279183,5.728676667477123,19.91988882677192,7.182748440467712,6.22800496209774,31.63690219586783,18.152515336304734,0.08038712145871155,1.721034387315901,5.163288831093079,,20.229198471153442,38.35119977267574
46100,43.482123966407386,5.715256803953039,19.920727300017628,7.09573901878389,6.173213202307226,31.70396671880015,18.36785227638932,0.07599929180036503,1.7346026364249505,5.215684951824996,,20.38528166290993,38.40749140667545
46150,43.61618883337511,5.696656840917989,19.92186193663732,7.005089129168012,6.119259616111019,31.7762353219238,18.602185649899987,0.07310412701990877,1.7346527378359655,5.266690391903864,,20.556136595781695,38.46839191601594
46200,43.62757010714399,5.69109846830357,19.91928317684928,6.9174673123189665,6.071719455196719,31.824766043871637,18.590632125188158,0.07030157451464737,1.7598076912325658,5.286974206099935,,20.506654861038832,38.507687282723126
46250,43.7749343731938,5.666684403978192,19.920404543358668,6.8207600047321915,6.011456688340916,31.904574855924434,18.850154429985572,0.06904364933181292,1.747006544990179,5.325753829156498,,20.693480986341715,38.57492351314955
46300,43.75009745201968,5.6730641491389395,19.918912541786245,6.741579933634238,5.972769455675503,31.946681632677866,18.76061728599461,0.0668043532860365,1.7718013911908932,5.320380354705199,,20.575390898973865,38.60989920235019
46350,43.89103823966662,5.640934368526349,19.919429226330163,6.6545848861249635,5.902199717562023,32.027491199159016,19.00415582932801,0.06572060209390562,1.753304336471321,5.357559929578835,,20.748074263149334,38.67739200265082
46400,43.671340429895984,5.671363290655377,19.916754743334714,6.613659852816518,5.845570206732128,32.02544238182922,18.528142529479805,0.06231648730808572,1.8117730902365758,5.312803003392787,,20.285480588315387,38.67409019285324
46450,43.78289451919834,5.64579558147931,19.91747257344602,6.516728211325837,5.77680386840021,32.10172301260408,18.717579832786168,0.06176987766745999,1.791668404502588,5.332880566730407,,20.40302093840109,38.738334877307445
46500,43.95295441533663,5.606171115709603,19.918137562583482,6.427958504849168,5.7078837070855055,32.19311097267321,19.013159979508522,0.061440244437258006,1.760078692323307,5.366931891716652,,20.622010028700824,38.81487993299506
46550,44.11411047541092,5.570695418720683,19.91868899544602,6.343890039514475,5.631658124802044,32.28311215160283,19.286929809622894,0.06139069534508574,1.7304307531470366,5.396689646440984,,20.823093074184428,38.89027562078484
46600,43.53855515912592,5.672984494783714,19.915070645142794,6.331152663724576,5.583579775075956,32.19147528952817,18.111702653984285,0.06506052658697971,1.8221102400779952,5.282420218742569,,19.726381795597106,38.81334366681884
46650,43.699384586119656,5.624288512664272,19.912566273863856,6.234632035490784,5.54202614362447,32.280376725747004,18.397299974907188,0.06160876661061465,1.797441265723905,5.309486534456946,,19.937137189874477,38.88633145306607
46700,43.91501902682156,5.57812506249746,19.912827174679727,6.14817276566802,5.482254516725578,32.38510506423421,18.774514927453023,0.060778626629263255,1.7569337883243956,5.354403488835912,,20.237266243076782,38.97411899110645
46750,44.06341709256793,5.545683144149162,19.913496613308556,6.077746971304503,5.3930764454144295,32.47124768277666,19.025908882832006,0.059981580958773144,1.7332409078133755,5.374350048903124,,20.418851845012693,39.046833613047674
46800,43.53995436791328,5.634551338164842,19.914175107789447,6.162756046761601,5.351629366209579,32.382313635722205,17.929727105341552,0.058829851571929055,1.8162766522412768,5.233919762994933,,19.411934061227853,38.9731246163624
46850,43.51096651998541,5.606609307061141,19.90730475877745,6.071434216237439,5.2866142421256495,32.421816895048345,17.853794170325724,0.05695314508646395,1.8131229234101547,5.2379306779250925,,19.286239024719308,39.00314335774342
46900,43.746528830384264,5.558823644295804,19.90667863481206,5.971991802546157,5.239698147645921,32.52963837533031,18.279258926079113,0.05606571794331063,1.7704892746763112,5.293092858487928,,19.632836441504953,39.093612239965196
46950,43.96388886182249,5.5192244773069055,19.90706218660347,5.8892197661918475,5.192045052039434,32.63148630868871,18.65775743525337,0.05598003477242271,1.7304076605348055,5.339200612708249,,19.944637403948793,39.17952223649092
47000,44.048410561351766,5.503367602484887,19.9066446496271,5.825557390031685,5.142074478228654,32.698832724414025,18.777432201915726,0.05495934598094653,1.7180627344695507,5.344388293954716,,20.019985179630066,39.235986879251534
47050,44.19849031821427,5.480721782893715,19.908833231172785,5.759883481712009,5.075795550110443,32.782386012181696,19.022274435217287,0.05662539097414733,1.6852599094816105,5.365777818164746,,20.209391946531152,39.30759498571189
47100,44.11747569779019,5.491017469554005,19.90723087026135,5.713101310789004,5.07140080383128,32.81037304464374,18.805487260696815,0.05579083155805126,1.696647917452115,5.338095002736435,,19.985801325228472,39.330896345412775
47150,44.261169229215845,5.467533862434002,19.908621884596034,5.6576693798734174,5.015472590727745,32.89225165639011,19.033037799493886,0.05525076937460569,1.67114119560873,5.3560478982985655,,20.165232045923617,39.400691847622916
47200,44.352771590441364,5.454836842305142,19.908685026573654,5.60035108190139,4.9970146592382285,32.964321231855756,19.143217168986858,0.05424950469052483,1.6541575513326447,5.373533053384875,,20.246519875169238,39.46196625484138
47250,43.93968566118477,5.502112063268028,19.90894322279549,5.619631999769874,4.979920470299355,32.91142337795971,18.264600214413008,0.052097765991200404,1.6978050062875454,5.29473144955281,,19.413957537688763,39.418196670174346
47300,44.129802572180914,5.466130477095182,19.907864786737804,5.547036603386779,4.9439887704680805,33.00572735175901,18.584650475399755,0.0508396427471771,1.6653811629470796,5.336836315606015,,19.683272939945887,39.49693964639867
47350,44.317386949107515,5.442439636116606,19.908526810626263,5.486411363334855,4.893104961374478,33.09659178967704,18.902047453452344,0.05228109305507155,1.6323714696481029,5.35526425783789,,19.948144282982902,39.5740107351052
47400,44.185551044018254,5.463892226128412,19.90865125625365,5.4638908483712045,4.87150721133257,33.10860710346954,18.591900077906967,0.05301841471726643,1.65477873797092,5.290463664553023,,19.63163678925829,39.58486779109136
47450,44.39984392977444,5.4289185361305226,19.908492822357932,5.4008200076478525,4.845509758079656,33.207066289001446,18.95153480266644,0.05232969693436497,1.6205025115311538,5.327136829665745,,19.944793020901265,39.66801447440666
47500,44.24057243570052,5.466132874821648,19.90704292173518,5.380204377661822,4.855977559995435,33.20772563364753,18.585739205589874,0.0558816489955784,1.638967850200311,5.259285482493301,,19.58523247209574,39.66921877794458
47550,44.480150354464875,5.430191300415216,19.90729781553145,5.322331205642503,4.830691046944946,33.31029705693051,18.99480428947544,0.05509434900188358,1.6021787065672837,5.299529622083943,,19.947695572098638,39.75642359315885
47600,44.16875161669007,5.460710896614766,19.906015463605357,5.358758191173655,4.79030536943859,33.28090946707423,18.319405025622725,0.050032211995068784,1.6461064240804497,5.216779114470708,,19.29351374319447,39.732089635684
47650,44.39133436261969,5.4244796338465555,19.90532579471892,5.292639385014037,4.7801676065094805,33.38065690442271,18.695333453415564,0.04858436467799208,1.6139271495682586,5.262194276731865,,19.62784242165948,39.8163078193396
47700,44.13804131890806,5.472383197926446,19.902762584536966,5.264040841828097,4.8002962749159295,33.35918872808571,18.13943411285264,0.051300434490203356,1.6355246719567307,5.176356786304001,,19.08592240241526,39.798169022187665
47750,44.39503281953579,5.435400654859715,19.90242789727488,5.210039006966922,4.7816230783327835,33.46312370576658,18.59166488810935,0.050185426256806165,1.6017692606535192,5.221251003796478,,19.49397884325599,39.88613453201937
47800,44.64888793884157,5.401907848691577,19.90357809898099,5.157151924392255,4.738789167173918,33.56719692106684,19.03167058940497,0.04972572803788111,1.5636784420451988,5.265839762621487,,19.887780332029067,39.974984523326455
47850,44.403083385067916,5.4318708551454735,19.903019770902386,5.160518004190032,4.728286995322933,33.54798263863961,18.496647374034296,0.04956233428746437,1.5959914087742006,5.183435629770958,,19.361364104065572,39.95962204689999
47900,44.64332133830968,5.399783392527371,19.90365178780513,5.110413255373564,4.700833609587486,33.64947617595217,18.906724144164613,0.04852927390306182,1.5622555927471018,5.225371017108233,,19.73182105792341,40.045990783768445
47950,44.87457366932573,5.370394574844164,19.90520836461666,5.061118295515671,4.653824183384951,33.74949535392137,19.296316522928947,0.04796786847641044,1.5250717312894053,5.262270749871593,,20.07903345179414,40.13178014548412
48000,44.302531361674106,5.450575304084015,19.901829445006694,5.089192888249043,4.714870830409535,33.65398363332493,18.0975056987019,0.05174559008590463,1.581710982082022,5.1164434232832665,,18.938351280913675,40.05063215247462
48050,44.585429793161175,5.410639369930142,19.90191993467704,5.041570976959029,4.706056146568885,33.761190074334145,18.601601138035935,0.050543311408114404,1.547885346744918,5.167077335003043,,19.404052258277552,40.141540899658274
48100,44.53340991909657,5.418625213242582,19.90150300592374,5.021965296455285,4.691108631631104,33.78634640423702,18.449420368014234,0.04929986003271757,1.5561542508507016,5.122917186711589,,19.237991439662583,40.16371850799871
48150,44.57819869729276,5.41177247140598,19.89900353397842,4.999678792964749,4.686021581768254,33.83783407190796,18.475405698060452,0.04703191602445112,1.5502944554811178,5.124191115134266,,19.252643329534198,40.20636173444517
48200,44.84270557099841,5.379842621654427,19.90051402428406,4.957106566654301,4.6361867675919095,33.94163268557597,18.942200984298587,0.04625799701906883,1.5139334632441779,5.166469082463801,,19.676170852219116,40.29536627853797
48250,44.620564320423,5.416967147794049,19.899008192484335,4.96366942779786,4.647417848888451,33.92838034561059,18.4397747187359,0.046817899028133526,1.533783395405334,5.092074756296122,,19.186587356363145,40.28485603660079
48300,44.85916259169684,5.385186277625119,19.899534141571113,4.924242186234881,4.6304703891142,34.02659042219138,18.848074647517556,0.04487092912607477,1.50397318324629,5.132313180690823,,19.56311525211818,40.36866346636502
48350,44.86272050641771,5.381202426080581,19.89974179372771,4.90036502606593,4.612790620867593,34.06874532293531,18.798984492557693,0.04360256305618459,1.497600351726358,5.107766605999312,,19.495313105364097,40.40540134883913
48400,44.510054525821225,5.418915842363221,19.89513763100017,4.924057283173497,4.624650077732309,34.02195110096032,18.0308106475,0.04003348914536493,1.5373294394477646,5.036050173628135,,18.758229873914146,40.36426347512083
48450,44.81229744514809,5.3857858655906,19.89722699456454,4.888210117531044,4.586026438899334,34.13202248243015,18.57936672814362,0.0399873836537431,1.5026325363537794,5.08547971263854,,19.267249045277612,40.45880765098837
48500,44.77575326750769,5.4080861447754245,19.896163936509353,4.869418269772498,4.57901802273819,34.16150534669954,18.450421519342516,0.04630215104326903,1.4941011987456898,5.042194078089339,,19.127260394280167,40.48476244813752
48550,44.99635370987272,5.381547530132248,19.895764409766397,4.836073216655407,4.564645955144255,34.25382897332373,18.82573232135987,0.044501837466128485,1.4666419076417583,5.075405342956921,,19.475072466047937,40.563449059789754
48600,44.8005726619429,5.396414075653838,19.891433019993244,4.851344581192185,4.582235630891143,34.24530357715891,18.377610021134,0.042149524523113505,1.496234952355257,5.005060234906053,,19.035200212494487,40.555547878290035
48650,45.03633417321461,5.370000648405492,19.892835783283807,4.81823798988177,4.532115522939058,34.34181891611336,18.78796897572159,0.04072461591064267,1.4678472017822015,5.044754330446771,,19.411638289783042,40.63815565042399
48700,45.26884421829326,5.343046075183107,19.895076249588556,4.782828662264595,4.478623641987286,34.4386293070406,19.18584880574251,0.040235635015274364,1.4328669798358755,5.079549896367611,,19.77435004868055,40.72153406997766
48750,44.14627768995248,5.509747215785365,19.85493822365169,4.906846081220999,4.602434253691439,34.20196348822067,16.847176243998067,0.04953361985818584,1.5363322286147452,4.805620039607942,,17.549360401678168,40.50819402751012
48800,44.31016287455105,5.481137772123264,19.84937142625652,4.857967256428915,4.613612860419244,34.26867818891893,17.151482948860597,0.04696541272517282,1.523788218292841,4.860559508888985,,17.840119479310143,40.5600871662424
48850,44.644318052220314,5.444063247472827,19.85266815172263,4.872270063805036,4.59173936699621,34.379668643516325,17.77738756544249,0.04406531922758354,1.493321262928301,4.92916992375226,,18.446095597936754,40.65534025856361
48900,44.85204778827016,5.418356124507475,19.85381489574412,4.856637044747963,4.5833036423277,34.4635562946312,18.140311705894568,0.04207732094726429,1.4753540989936276,4.9592322645783,,18.787415560360042,40.72762216682447
48950,45.10752029620549,5.389096924646963,19.856480368352162,4.83132785319429,4.552539280952008,34.56071836860111,18.592122171858513,0.0413573660640931,1.4408904623074927,5.01106071583283,,19.211232567133532,40.811970431775265
49000,44.39840884179867,5.454382113194829,19.837186850114314,4.890516127914812,4.593827579723017,34.43538445593125,17.07441646720906,0.040641284944298764,1.5034648616656998,4.831209254731451,,17.74268387170531,40.6990893843122
49050,44.40492276653874,5.444077386488967,19.830906357326498,4.889030952430429,4.557000041835419,34.46586388645885,17.04472021430394,0.038954113389065445,1.505977010199141,4.851569078351776,,17.70723605366104,40.72162763498283
49100,44.7449819189178,5.408732589678024,19.834908131568064,4.8618418139434665,4.505938764975809,34.578137802606214,17.7034758305541,0.0396570290947312,1.471979379796186,4.926000586564157,,18.328010606999303,40.81908174021069
49150,44.99828387567013,5.3834352377824,19.83485343379402,4.834075190200956,4.481522352787574,34.67078620481854,18.16965534606706,0.035515740044759686,1.4449951446154286,4.970047959728711,,18.7662072125215,40.898349827494265
49200,45.249802795872654,5.356077667546061,19.83743460039595,4.804424632446665,4.441942980019305,34.76548000854849,18.619751519850116,0.034934642468469466,1.4112088650315775,5.019306953878808,,19.18680074850947,40.98062139722092
49250,44.97569365290396,5.397030913452417,19.82977571100247,4.818224571263208,4.531731858010627,34.73038244221945,18.00475780613879,0.038476833371008996,1.4436830749775642,4.925111262721374,,18.60093782980882,40.948969845546216
49300,45.23261101065916,5.369613523486633,19.832824555450166,4.787713740359949,4.495427195692683,34.82836971930946,18.463126160910768,0.03768328012132113,1.4107813697387852,4.978982027473094,,19.03182467537257,41.03387318262175
49350,44.99420971656266,5.4080271080679685,19.826118360128127,4.773175153791153,4.5219824633899695,34.811921550879205,17.915793732194782,0.042022583045356506,1.429980809548055,4.902397067390429,,18.493292692737622,41.01800864740704
49400,45.251129854860835,5.3774234177702604,19.828031503597852,4.745351963212364,4.478999538461409,34.90892821451175,18.380983294510028,0.04064631824221386,1.4001323041115308,4.955965753345112,,18.92975282470657,41.101450231554985
49450,45.06589356548044,5.397052559929052,19.82484182528494,4.752958994326019,4.476652520963816,34.90195986875859,17.946486911652674,0.037246882890431994,1.4198745891598703,4.889843535127468,,18.496768411450454,41.09506443830426
49500,45.02562116921721,5.400791588618773,19.821556689454802,4.760635880738084,4.457117515752234,34.92742996146548,17.80028850057164,0.034615485526468696,1.431063418747357,4.887696451471306,,18.353917525586958,41.114964102353454
49550,45.323776892125366,5.370971523601456,19.82458961419798,4.728791158279984,4.423983116201199,35.03307439423095,18.34958578117378,0.03413541335812198,1.3983691872093045,4.946692773443333,,18.874049544272708,41.20697763204063
49600,45.125749844781055,5.405992982987998,19.811636800790406,4.717044056281275,4.501382058711787,35.020405988774186,17.888511339086566,0.04163083026171714,1.4049403185509977,4.8673788794278865,,18.42474333914599,41.19298644114497
49650,45.198096465456125,5.403794776501946,19.805399288477894,4.710618938059851,4.501006772242879,35.072529047267246,17.974191478835003,0.04150840253057192,1.4006145295695096,4.8833180622964845,,18.509427858629778,41.23431828522035
49700,45.47806489529347,5.375248393286881,19.80891139510338,4.687087040347981,4.466892364859129,35.17462691479628,18.480181451740584,0.040789133700282414,1.3680944527258085,4.939775002925285,,18.990378675015606,41.32335785485053
49750,45.165245685398396,5.412252415732558,19.796705703167007,4.713749874924798,4.476716663310326,35.13730616575058,17.782513249071073,0.03496032670061354,1.4153757018214677,4.856375428778631,,18.312451030324787,41.286239294519845
49800,45.45738760397089,5.383203559657553,19.799421244123607,4.688589420906018,4.443593241947845,35.2416148820956,18.31877032275974,0.03419398641559143,1.3856719716325387,4.917287084900272,,18.823222943511407,41.37705119745137
49850,45.33049627181998,5.417867617459148,19.7908138787447,4.687131790605766,4.5243442450726805,35.242452624221336,17.99444434448886,0.03935973466750794,1.4003675676198957,4.857192679427348,,18.51702320536115,41.37600444534975
49900,45.58490466713551,5.391246174359617,19.793506315332362,4.666373795746612,4.491132769239381,35.339211704844,18.44780498558713,0.038280448733960554,1.3717555406585769,4.911742728349823,,18.948283625747475,41.46017463964741
49950,45.1857219454025,5.438002941602514,19.779187649900795,4.676828281112709,4.512888231812723,35.28721346069928,17.561971915316324,0.03611323489292626,1.4039254378043913,4.810389018005677,,18.07897890451467,41.41135097406679
50000,45.21187627275404,5.436823741932959,19.77116404446936,4.679930296215713,4.506742781808412,35.32616421717985,17.554125281305268,0.03568773564103021,1.4088893132757163,4.834445422939395,,18.07846281630461,41.44011267241332
