step,run_id,checkpoint_relative_path,checkpoint_sha256,semantic_state_sha256,source_git_commit,scientific_config_hash,split_hash,lineage_depth,alias_count
0,20260721T045021566841Z_ef3ee07b,runs/20260721T045021566841Z_ef3ee07b/checkpoints/step_000000.pt,2297918fa4949b889be5f11271c588327938a2fe85ed95189eab870e236e787e,a905b04ac06e7e2c1e955281e70ab9149fc8110a97e4a8ed8889a51b8c1b2666,98c5347dafe28479817a45f5a2dc61434d869d00,b167674594bf0944f0b2afb877d2d8c8f5647c0e4e60c64ebb2a511a9f1f7729,d0ec6ff924ecc411b9a9d40786f057ec869076b98308e2ecb75da2756c308237,0,0
100,20260721T045021566841Z_ef3ee07b,runs/20260721T045021566841Z_ef3ee07b/checkpoints/step_000100.pt,69c107b90568a0aad18a71a455c668dea9533c7ca5e9bff43c06b431e4fb26e0,d8706bde9e8af61a32f2c77b6ad590df13b15aac0179c5caad7899e000435a73,98c5347dafe28479817a45f5a2dc61434d869d00,b167674594bf0944f0b2afb877d2d8c8f5647c0e4e60c64ebb2a511a9f1f7729,d0ec6ff924ecc411b9a9d40786f057ec869076b98308e2ecb75da2756c308237,0,0
200,20260721T045021566841Z_ef3ee07b,runs/20260721T045021566841Z_ef3ee07b/checkpoints/step_000200.pt,f2050f0cef6839d5a307822293c99f877b87082dfea10d48979dfe3fd0653b2f,f59cd5ee6c67bcab12747c3b0debd302372543c28a0c170b2eed2540440aa814,98c5347dafe28479817a45f5a2dc61434d869d00,b167674594bf0944f0b2afb877d2d8c8f5647c0e4e60c64ebb2a511a9f1f7729,d0ec6ff924ecc411b9a9d40786f057ec869076b98308e2ecb75da2756c308237,0,0
300,20260721T045021566841Z_ef3ee07b,runs/20260721T045021566841Z_ef3ee07b/checkpoints/step_000300.pt,d04badaa809e988ca93515a933a1a59a55c49e416c653d444cdbd834ac11cde3,66be832aab13063e6d9c378a8735e04ee6d2dd503c3262f72cdf361ac9e4a8cf,98c5347dafe28479817a45f5a2dc61434d869d00,b167674594bf0944f0b2afb877d2d8c8f5647c0e4e60c64ebb2a511a9f1f7729,d0ec6ff924ecc411b9a9d40786f057ec869076b98308e2ecb75da2756c308237,0,0
400,20260721T045021566841Z_ef3ee07b,runs/20260721T045021566841Z_ef3ee07b/checkpoints/step_000400.pt,b73e435b7dc1172b94a791d5564860c27c48c28c24e55e86ff53451750e08e9b,f23bd7d9edfce5c4471eb6bc564935fabc20be105c8da65593bcfd0e04873a43,98c5347dafe28479817a45f5a2dc61434d869d00,b167674594bf0944f0b2afb877d2d8c8f5647c0e4e60c64ebb2a511a9f1f7729,d0ec6ff924ecc411b9a9d40786f057ec869076b98308e2ecb75da2756c308237,0,0
500,20260721T045021566841Z_ef3ee07b,runs/20260721T045021566841Z_ef3ee07b/checkpoints/step_000500.pt,34651dc97999e88e1f743ab494f848a665c8fd5b135ede042e7d8b795e8a462c,862087b6b19818ce1bf95d474b8908c2ca675b4039e83312e9fca4dd3c3d4691,98c5347dafe28479817a45f5a2dc61434d869d00,b167674594bf0944f0b2afb877d2d8c8f5647c0e4e60c64ebb2a511a9f1f7729,d0ec6ff924ecc411b9a9d40786f057ec869076b98308e2ecb75da2756c308237,0,0
600,20260721T045021566841Z_ef3ee07b,runs/20260721T045021566841Z_ef3ee07b/checkpoints/step_000600.pt,fdc631437c5716cb750dc83df8631c77dfae28c5563f6d63052d70d699d7c4dc,ef5a6b44133462af3bc00ccdd6d270ae52ac92ce040dc320cf932f8beae16ebe,98c5347dafe28479817a45f5a2dc61434d869d00,b167674594bf0944f0b2afb877d2d8c8f5647c0e4e60c64ebb2a511a9f1f7729,d0ec6ff924ecc411b9a9d40786f057ec869076b98308e2ecb75da2756c308237,0,0
700,20260721T045021566841Z_ef3ee07b,runs/20260721T045021566841Z_ef3ee07b/checkpoints/step_000700.pt,3d6f62a8d51af4f80f43359cf3648f31fc8cede0bf55785db69aa9d49b845e2d,fd978660b8bd677a7e758ca5a90905940730469c150ef8b2e7d43e6955743faa,98c5347dafe28479817a45f5a2dc61434d869d00,b167674594bf0944f0b2afb877d2d8c8f5647c0e4e60c64ebb2a511a9f1f7729,d0ec6ff924ecc411b9a9d40786f057ec869076b98308e2ecb75da2756c308237,0,0
800,20260721T045021566841Z_ef3ee07b,runs/20260721T045021566841Z_ef3ee07b/checkpoints/step_000800.pt,e92ef1c11d51091673d724f83c15be6a52ad7479626d6265eda4ba5c711a41ee,5e2cc671554a9b30ba85297bfd9a9899dea5597d9663c78641d262dfed63559d,98c5347dafe28479817a45f5a2dc61434d869d00,b167674594bf0944f0b2afb877d2d8c8f5647c0e4e60c64ebb2a511a9f1f7729,d0ec6ff924ecc411b9a9d40786f057ec869076b98308e2ecb75da2756c308237,0,0
900,20260721T045021566841Z_ef3ee07b,runs/20260721T045021566841Z_ef3ee07b/checkpoints/step_000900.pt,895c8cf426f2b23e6b2f1134d3ba8b6482fc64d763e07d76606cd0bad88b74db,39e160d3a500f1928064625d890aa08f9a802729dbc953694b186d04d2adbd45,98c5347dafe28479817a45f5a2dc61434d869d00,b167674594bf0944f0b2afb877d2d8c8f5647c0e4e60c64ebb2a511a9f1f7729,d0ec6ff924ecc411b9a9d40786f057ec869076b98308e2ecb75da2756c308237,0,0
1000,20260721T045021566841Z_ef3ee07b,runs/20260721T045021566841Z_ef3ee07b/checkpoints/step_001000.pt,7471b1041b18adc5d3315ce65f51e7ffca1a8d7b71000a0c1aa1ac4f11abd273,8b8d697eda80ed15a993e44403862ab9b9324152dc08080ee9b7940e1fbad089,98c5347dafe28479817a45f5a2dc61434d869d00,b167674594bf0944f0b2afb877d2d8c8f5647c0e4e60c64ebb2a511a9f1f7729,d0ec6ff924ecc411b9a9d40786f057ec869076b98308e2ecb75da2756c308237,0,0
1100,20260721T045021566841Z_ef3ee07b,runs/20260721T045021566841Z_ef3ee07b/checkpoints/step_001100.pt,214ca8146dc5b05e5edc95f38ee66aa39bca34d0c3f1594741faf488b7d0792b,3e064f92e9fceab96ef8a14e665ca63265f808dce5f3d85be6ce21027fac72db,98c5347dafe28479817a45f5a2dc61434d869d00,b167674594bf0944f0b2afb877d2d8c8f5647c0e4e60c64ebb2a511a9f1f7729,d0ec6ff924ecc411b9a9d40786f057ec869076b98308e2ecb75da2756c308237,0,0
1200,20260721T045021566841Z_ef3ee07b,runs/20260721T045021566841Z_ef3ee07b/checkpoints/step_001200.pt,12a013e59300e746088c2e79bf6f2731829433b3fcfd6b1241334065d144a4bb,aca640efd867e4a9e86671ad3cc9bdb588106fd074235500eaa07a4745e35c40,98c5347dafe28479817a45f5a2dc61434d869d00,b167674594bf0944f0b2afb877d2d8c8f5647c0e4e60c64ebb2a511a9f1f7729,d0ec6ff924ecc411b9a9d40786f057ec869076b98308e2ecb75da2756c308237,0,0
1300,20260721T045021566841Z_ef3ee07b,runs/20260721T045021566841Z_ef3ee07b/checkpoints/step_001300.pt,00a7252ae1790831036de1ec6a037a7fbf2b376b3f4028bc4708cd890f9f5c6b,814c6b4d82dc922b82c17e427e54e67665cb834de4faa13c7403a2ea1cfb668a,98c5347dafe28479817a45f5a2dc61434d869d00,b167674594bf0944f0b2afb877d2d8c8f5647c0e4e60c64ebb2a511a9f1f7729,d0ec6ff924ecc411b9a9d40786f057ec869076b98308e2ecb75da2756c308237,0,0
1400,20260721T045021566841Z_ef3ee07b,runs/20260721T045021566841Z_ef3ee07b/checkpoints/step_001400.pt,6bd9fb012d3b16f07652df6179e4f7a47c98db5b3e925a44ccc8029d80d10739,3938d3f74fff837098039ba1423817fa51e0cdf80b5f1cc72ef7010213c6e8df,98c5347dafe28479817a45f5a2dc61434d869d00,b167674594bf0944f0b2afb877d2d8c8f5647c0e4e60c64ebb2a511a9f1f7729,d0ec6ff924ecc411b9a9d40786f057ec869076b98308e2ecb75da2756c308237,0,0
1500,20260721T045021566841Z_ef3ee07b,runs/20260721T045021566841Z_ef3ee07b/checkpoints/step_001500.pt,5533c7fdeb864f52dacef388ab18e4ab78efb8a3433ce05c75444e65f2f0a6b7,6201e94f19ad140f605c1f9548224ef7e49671161e6369bf103e43b16594c8ce,98c5347dafe28479817a45f5a2dc61434d869d00,b167674594bf0944f0b2afb877d2d8c8f5647c0e4e60c64ebb2a511a9f1f7729,d0ec6ff924ecc411b9a9d40786f057ec869076b98308e2ecb75da2756c308237,0,0
1600,20260721T045021566841Z_ef3ee07b,runs/20260721T045021566841Z_ef3ee07b/checkpoints/step_001600.pt,c106a53cbfc54866b3dff598a22b5953e7f0b4a4606f1fd4f3533ac41b67d144,065f3cf50c3de9fcdad02ac82b19abf4ff046973f38c729cf76eb92885f1d46a,98c5347dafe28479817a45f5a2dc61434d869d00,b167674594bf0944f0b2afb877d2d8c8f5647c0e4e60c64ebb2a511a9f1f7729,d0ec6ff924ecc411b9a9d40786f057ec869076b98308e2ecb75da2756c308237,0,0
1700,20260721T045021566841Z_ef3ee07b,runs/20260721T045021566841Z_ef3ee07b/checkpoints/step_001700.pt,ad17b3f2409632410a9b4b19bce4b7b6e546ea6fc18af1a3cc924a79b380e9ef,ff1441c38d1a88d23d7853108569ba90de76d81a4f8c7e2ba4679bc5d79e2e6f,98c5347dafe28479817a45f5a2dc61434d869d00,b167674594bf0944f0b2afb877d2d8c8f5647c0e4e60c64ebb2a511a9f1f7729,d0ec6ff924ecc411b9a9d40786f057ec869076b98308e2ecb75da2756c308237,0,0
1800,20260721T045021566841Z_ef3ee07b,runs/20260721T045021566841Z_ef3ee07b/checkpoints/step_001800.pt,6bd2cf5e0abf99c8eac0fa7b4effd8ec21fc3c29da37674c1c17b1a614ba5df9,6ff7c05c161a781c6c1bcb6e99adcb4627dcba318ea24d41cb3c659bd27b868e,98c5347dafe28479817a45f5a2dc61434d869d00,b167674594bf0944f0b2afb877d2d8c8f5647c0e4e60c64ebb2a511a9f1f7729,d0ec6ff924ecc411b9a9d40786f057ec869076b98308e2ecb75da2756c308237,0,0
1900,20260721T045021566841Z_ef3ee07b,runs/20260721T045021566841Z_ef3ee07b/checkpoints/step_001900.pt,45b37d038ab26cebdcb8be4b6b04efb0c53d379a6209b99aa66a42cbd7b07bf3,d930dfea528e6517bd9645dc72cf25fbcd60624b2d45845ddc7c9cbde635987d,98c5347dafe28479817a45f5a2dc61434d869d00,b167674594bf0944f0b2afb877d2d8c8f5647c0e4e60c64ebb2a511a9f1f7729,d0ec6ff924ecc411b9a9d40786f057ec869076b98308e2ecb75da2756c308237,0,0
2000,20260721T045021566841Z_ef3ee07b,runs/20260721T045021566841Z_ef3ee07b/checkpoints/step_002000.pt,33d36bd14ee5601887e3b64aa469a3d80b7ba06b5d861f1ac73c5a8e889cb5d8,060a825df77d92ff785e94fe3478066fa4c9b1b69d3a9792d9bf7b193f545cb4,98c5347dafe28479817a45f5a2dc61434d869d00,b167674594bf0944f0b2afb877d2d8c8f5647c0e4e60c64ebb2a511a9f1f7729,d0ec6ff924ecc411b9a9d40786f057ec869076b98308e2ecb75da2756c308237,0,0
2100,20260721T045021566841Z_ef3ee07b,runs/20260721T045021566841Z_ef3ee07b/checkpoints/step_002100.pt,597eb0b220fb220242c06229d4cf89953d5382bcfe6a99f6e9e6905118e3edf1,c811041f52fef808fd01e4198612a03a711236ff3e361af3e90d105d51bc617a,98c5347dafe28479817a45f5a2dc61434d869d00,b167674594bf0944f0b2afb877d2d8c8f5647c0e4e60c64ebb2a511a9f1f7729,d0ec6ff924ecc411b9a9d40786f057ec869076b98308e2ecb75da2756c308237,0,0
2200,20260721T045021566841Z_ef3ee07b,runs/20260721T045021566841Z_ef3ee07b/checkpoints/step_002200.pt,3f6b9b2b1944b7ad2baa0c81cd15a65803a7675dc64aa27141030cbd7cf92b1d,3686b081c9791f9d9444136e3f6bf4f1de4aeb8380aabbc7eafd36f17c1c3419,98c5347dafe28479817a45f5a2dc61434d869d00,b167674594bf0944f0b2afb877d2d8c8f5647c0e4e60c64ebb2a511a9f1f7729,d0ec6ff924ecc411b9a9d40786f057ec869076b98308e2ecb75da2756c308237,0,0
2300,20260721T045021566841Z_ef3ee07b,runs/20260721T045021566841Z_ef3ee07b/checkpoints/step_002300.pt,03ea81d41626057fa1394a6f8e5f6cc0a5ed68f6521f4f6600854efa05c68b32,77743116a8cb6ce6fdb2694edafa4da712a237814e8a99c4dd923c0074f9655f,98c5347dafe28479817a45f5a2dc61434d869d00,b167674594bf0944f0b2afb877d2d8c8f5647c0e4e60c64ebb2a511a9f1f7729,d0ec6ff924ecc411b9a9d40786f057ec869076b98308e2ecb75da2756c308237,0,0
2400,20260721T045021566841Z_ef3ee07b,runs/20260721T045021566841Z_ef3ee07b/checkpoints/step_002400.pt,050b50cc1bab1c09acdf4681e776cf7290b735c9431d7d584615e7c4483cf64b,b69e4fc9b8e3094850775154d8e17595e823bba6c81fc1d4a07cccc1b589b04a,98c5347dafe28479817a45f5a2dc61434d869d00,b167674594bf0944f0b2afb877d2d8c8f5647c0e4e60c64ebb2a511a9f1f7729,d0ec6ff924ecc411b9a9d40786f057ec869076b98308e2ecb75da2756c308237,0,0
2500,20260721T045021566841Z_ef3ee07b,runs/20260721T045021566841Z_ef3ee07b/checkpoints/step_002500.pt,3a8a9c3a7c2e1a9ac6591c658ea4f077ce50a96d736ceed37bf1887aefc326a1,42eebfbf3f3abb2e4d7add7c412fc5b39564d2e17fdacd0d320d4b9d025d7ef3,98c5347dafe28479817a45f5a2dc61434d869d00,b167674594bf0944f0b2afb877d2d8c8f5647c0e4e60c64ebb2a511a9f1f7729,d0ec6ff924ecc411b9a9d40786f057ec869076b98308e2ecb75da2756c308237,0,0
2600,20260721T045021566841Z_ef3ee07b,runs/20260721T045021566841Z_ef3ee07b/checkpoints/step_002600.pt,cb86114e886654650f47fe138c61859d6577e806c84a7fcd98e7fa2f5404c2db,d4748a0d180be4e3d55e6d33018c220b5779dd0b537bacf6dca520fcdd2f5628,98c5347dafe28479817a45f5a2dc61434d869d00,b167674594bf0944f0b2afb877d2d8c8f5647c0e4e60c64ebb2a511a9f1f7729,d0ec6ff924ecc411b9a9d40786f057ec869076b98308e2ecb75da2756c308237,0,0
2700,20260721T045021566841Z_ef3ee07b,runs/20260721T045021566841Z_ef3ee07b/checkpoints/step_002700.pt,2558ea0687463962fc6616600cbac88e3977ade548cb0818fc9b12e80249faf6,eca84acd365dc0ae06f7131b6a1e66649ffb25318453e77616d2233f64a0be94,98c5347dafe28479817a45f5a2dc61434d869d00,b167674594bf0944f0b2afb877d2d8c8f5647c0e4e60c64ebb2a511a9f1f7729,d0ec6ff924ecc411b9a9d40786f057ec869076b98308e2ecb75da2756c308237,0,0
2800,20260721T045021566841Z_ef3ee07b,runs/20260721T045021566841Z_ef3ee07b/checkpoints/step_002800.pt,92d100e58304353ff4325ea8da697309571b29ca966a1f84ec73dfa462762439,c85186d57f6a93aa1363a06d1c2ec823ed20881dbd31db0ed28699631c867696,98c5347dafe28479817a45f5a2dc61434d869d00,b167674594bf0944f0b2afb877d2d8c8f5647c0e4e60c64ebb2a511a9f1f7729,d0ec6ff924ecc411b9a9d40786f057ec869076b98308e2ecb75da2756c308237,0,0
2900,20260721T045021566841Z_ef3ee07b,runs/20260721T045021566841Z_ef3ee07b/checkpoints/step_002900.pt,69bb7732b93e1af6b72bba28f1cbcfad031d5fa5063f87c20ce67b898dc769fe,6ef0154bd6ef22574416bba5a56decf607254ef3054358e726b005a745f7bc5e,98c5347dafe28479817a45f5a2dc61434d869d00,b167674594bf0944f0b2afb877d2d8c8f5647c0e4e60c64ebb2a511a9f1f7729,d0ec6ff924ecc411b9a9d40786f057ec869076b98308e2ecb75da2756c308237,0,0
3000,20260721T045021566841Z_ef3ee07b,runs/20260721T045021566841Z_ef3ee07b/checkpoints/step_003000.pt,41abc377aad6b581dac96baabc1a07345ab440b1cb9e85f40f2663cb06b3c00d,d0290560bc98fd9c29191ac05e59484e07ad70bd1cd734aa3ed1760591cded01,98c5347dafe28479817a45f5a2dc61434d869d00,b167674594bf0944f0b2afb877d2d8c8f5647c0e4e60c64ebb2a511a9f1f7729,d0ec6ff924ecc411b9a9d40786f057ec869076b98308e2ecb75da2756c308237,0,0
3100,20260721T045021566841Z_ef3ee07b,runs/20260721T045021566841Z_ef3ee07b/checkpoints/step_003100.pt,ba7d466b7a5ecadf3659634bbc45195375179f690895ef4dab0ec99f200a018b,31fd1763e587a6dd07cc1f6d82a22567b2cd2ffba5e29e330a9c4c9b3f234bf9,98c5347dafe28479817a45f5a2dc61434d869d00,b167674594bf0944f0b2afb877d2d8c8f5647c0e4e60c64ebb2a511a9f1f7729,d0ec6ff924ecc411b9a9d40786f057ec869076b98308e2ecb75da2756c308237,0,0
3200,20260721T045021566841Z_ef3ee07b,runs/20260721T045021566841Z_ef3ee07b/checkpoints/step_003200.pt,5e226c7030cff2578fdb4331bc6f5c2984aa1bbd6e5fc250e4243a488c08e2f0,5720b6d1e806916ba6c1e00906638e9dd738eb61142736be1912c558dd849ad9,98c5347dafe28479817a45f5a2dc61434d869d00,b167674594bf0944f0b2afb877d2d8c8f5647c0e4e60c64ebb2a511a9f1f7729,d0ec6ff924ecc411b9a9d40786f057ec869076b98308e2ecb75da2756c308237,0,0
3300,20260721T045021566841Z_ef3ee07b,runs/20260721T045021566841Z_ef3ee07b/checkpoints/step_003300.pt,283cff6bb40a6cf8ae3c64f6d85f3c4e8705e3a684aafd57bf1d75d6158988eb,e77517b736c94cf3f6bff94c699275a4cd17d9b95321fe5a7e8fd2e7db9b7d43,98c5347dafe28479817a45f5a2dc61434d869d00,b167674594bf0944f0b2afb877d2d8c8f5647c0e4e60c64ebb2a511a9f1f7729,d0ec6ff924ecc411b9a9d40786f057ec869076b98308e2ecb75da2756c308237,0,0
3400,20260721T045021566841Z_ef3ee07b,runs/20260721T045021566841Z_ef3ee07b/checkpoints/step_003400.pt,2bca2904fe4e257225c256e35c36c6739697a8cafd29e99420a056096733cbf0,d9cb428b8d76e1e5859cadf66e9cd103c2c34b01c0880f14f25a82d3bf53e7da,98c5347dafe28479817a45f5a2dc61434d869d00,b167674594bf0944f0b2afb877d2d8c8f5647c0e4e60c64ebb2a511a9f1f7729,d0ec6ff924ecc411b9a9d40786f057ec869076b98308e2ecb75da2756c308237,0,0
3500,20260721T045021566841Z_ef3ee07b,runs/20260721T045021566841Z_ef3ee07b/checkpoints/step_003500.pt,43f05fda941e6b537c4e73d67157745eff69f0307d215ac857f3885eb9da9d73,a7970390ea2bb2a25dd682ee5c488ffb39d258c0f4582c3ea28ff62bb7e351dc,98c5347dafe28479817a45f5a2dc61434d869d00,b167674594bf0944f0b2afb877d2d8c8f5647c0e4e60c64ebb2a511a9f1f7729,d0ec6ff924ecc411b9a9d40786f057ec869076b98308e2ecb75da2756c308237,0,0
3600,20260721T045021566841Z_ef3ee07b,runs/20260721T045021566841Z_ef3ee07b/checkpoints/step_003600.pt,8542570b88c8de5798a6c9bdd7d885c7dd40d25c7ff9328a323e631339707666,6c8b0876e51fca642b44dbc8e03fc539b746f2a3c7d22abea988adaede1d6b7c,98c5347dafe28479817a45f5a2dc61434d869d00,b167674594bf0944f0b2afb877d2d8c8f5647c0e4e60c64ebb2a511a9f1f7729,d0ec6ff924ecc411b9a9d40786f057ec869076b98308e2ecb75da2756c308237,0,0
3700,20260721T045021566841Z_ef3ee07b,runs/20260721T045021566841Z_ef3ee07b/checkpoints/step_003700.pt,3a808f2ec4cca004aec1575bc1e3ce24e151e360b4178462b3c029c3adecde32,b0de38c1b9fd4bfc1cdf2087624965123b6c7c7026ce1cafee65d9034a4c610e,98c5347dafe28479817a45f5a2dc61434d869d00,b167674594bf0944f0b2afb877d2d8c8f5647c0e4e60c64ebb2a511a9f1f7729,d0ec6ff924ecc411b9a9d40786f057ec869076b98308e2ecb75da2756c308237,0,0
3800,20260721T045021566841Z_ef3ee07b,runs/20260721T045021566841Z_ef3ee07b/checkpoints/step_003800.pt,d8154b60ce79dc929fd3e359d89cf1f2922e77cea12868f1058b123996eb4b49,8e74aa9dc72e369c5bdf3a6b44aa46a71077e41b4fd4ab952efa521737db5c93,98c5347dafe28479817a45f5a2dc61434d869d00,b167674594bf0944f0b2afb877d2d8c8f5647c0e4e60c64ebb2a511a9f1f7729,d0ec6ff924ecc411b9a9d40786f057ec869076b98308e2ecb75da2756c308237,0,0
3900,20260721T045021566841Z_ef3ee07b,runs/20260721T045021566841Z_ef3ee07b/checkpoints/step_003900.pt,3ddc1e151aae49610c7350004c91c260517b5c0170fa06606fa9c7b98c9bbcb4,ac4dd843f72cb26087efccd4f8b4c7c13262028e326f99705bd44753490eea65,98c5347dafe28479817a45f5a2dc61434d869d00,b167674594bf0944f0b2afb877d2d8c8f5647c0e4e60c64ebb2a511a9f1f7729,d0ec6ff924ecc411b9a9d40786f057ec869076b98308e2ecb75da2756c308237,0,0
4000,20260721T045021566841Z_ef3ee07b,runs/20260721T045021566841Z_ef3ee07b/checkpoints/step_004000.pt,06bb24966f2d7bdb8e3dffaa136071795d74b9ef2b6c02a671815d1b76af5ede,d675b5a72e4324933630250fe5770305d31af49259dc1638eab0332c06a1ef84,98c5347dafe28479817a45f5a2dc61434d869d00,b167674594bf0944f0b2afb877d2d8c8f5647c0e4e60c64ebb2a511a9f1f7729,d0ec6ff924ecc411b9a9d40786f057ec869076b98308e2ecb75da2756c308237,0,0
4100,20260721T045021566841Z_ef3ee07b,runs/20260721T045021566841Z_ef3ee07b/checkpoints/step_004100.pt,e228248da22f7730bba9d457ba4f2d5f847bb8ce8975b46a55ce39edec62e805,e986516283b87951c612ca3c47f66fd6525a1461eb60cc415780438e737a391f,98c5347dafe28479817a45f5a2dc61434d869d00,b167674594bf0944f0b2afb877d2d8c8f5647c0e4e60c64ebb2a511a9f1f7729,d0ec6ff924ecc411b9a9d40786f057ec869076b98308e2ecb75da2756c308237,0,0
4200,20260721T045021566841Z_ef3ee07b,runs/20260721T045021566841Z_ef3ee07b/checkpoints/step_004200.pt,69725eac4773050225481a52780bb376f7706229bae1cce2a47618c0b75b04c8,76cb8ccf841ffd17e501abc2fb39bceecd31381edecf57507be7582b3db108fc,98c5347dafe28479817a45f5a2dc61434d869d00,b167674594bf0944f0b2afb877d2d8c8f5647c0e4e60c64ebb2a511a9f1f7729,d0ec6ff924ecc411b9a9d40786f057ec869076b98308e2ecb75da2756c308237,0,0
4300,20260721T045021566841Z_ef3ee07b,runs/20260721T045021566841Z_ef3ee07b/checkpoints/step_004300.pt,7160bffec82f943852697dc279c51b1f0a0dc0cfad81246ed1e0f6bbd5990b11,b519fe603a4cf218efc82cfe4c92259743de0e962fa6a52f6c8726e355e58725,98c5347dafe28479817a45f5a2dc61434d869d00,b167674594bf0944f0b2afb877d2d8c8f5647c0e4e60c64ebb2a511a9f1f7729,d0ec6ff924ecc411b9a9d40786f057ec869076b98308e2ecb75da2756c308237,0,0
4400,20260721T045021566841Z_ef3ee07b,runs/20260721T045021566841Z_ef3ee07b/checkpoints/step_004400.pt,093bad01aa73e78f0e5108b7dfb0f95925b8dc57caac1e2cf890b86120fd73c4,0a898272cb653139cb7f622ccc8c332c1a2d38341f811873c378870528bcc17c,98c5347dafe28479817a45f5a2dc61434d869d00,b167674594bf0944f0b2afb877d2d8c8f5647c0e4e60c64ebb2a511a9f1f7729,d0ec6ff924ecc411b9a9d40786f057ec869076b98308e2ecb75da2756c308237,0,0
4500,20260721T045021566841Z_ef3ee07b,runs/20260721T045021566841Z_ef3ee07b/checkpoints/step_004500.pt,0eca7dd4fe45847d8e7d52807596d9fb507477c260e54ddf4a705d3a181184ee,b381cf14dac527f12bf095bbc879b7a926144b01129e08dcf6eced9f7caf5d33,98c5347dafe28479817a45f5a2dc61434d869d00,b167674594bf0944f0b2afb877d2d8c8f5647c0e4e60c64ebb2a511a9f1f7729,d0ec6ff924ecc411b9a9d40786f057ec869076b98308e2ecb75da2756c308237,0,0
4600,20260721T045021566841Z_ef3ee07b,runs/20260721T045021566841Z_ef3ee07b/checkpoints/step_004600.pt,0153288053bdc8f31d7563b30a7218544229edec93c91d403275cce27fe4c0de,1d6c240427889f7964e551cbd4a0eb4c2dfabe8e14e971f999f43fedef0c3a0a,98c5347dafe28479817a45f5a2dc61434d869d00,b167674594bf0944f0b2afb877d2d8c8f5647c0e4e60c64ebb2a511a9f1f7729,d0ec6ff924ecc411b9a9d40786f057ec869076b98308e2ecb75da2756c308237,0,0
4700,20260721T045021566841Z_ef3ee07b,runs/20260721T045021566841Z_ef3ee07b/checkpoints/step_004700.pt,748090f6a90a79e036ab4e3b34c356498c28ff51aefc2afc0e66495abdd81063,0470147073cbc2d9ce2d03b74f5e4835d374dc9e61941ee4660043f6843649de,98c5347dafe28479817a45f5a2dc61434d869d00,b167674594bf0944f0b2afb877d2d8c8f5647c0e4e60c64ebb2a511a9f1f7729,d0ec6ff924ecc411b9a9d40786f057ec869076b98308e2ecb75da2756c308237,0,0
4800,20260721T045021566841Z_ef3ee07b,runs/20260721T045021566841Z_ef3ee07b/checkpoints/step_004800.pt,43d629bba66347eb9a4151bd231432a0de7a5998bfce2aec062d80b51286035b,04438157f5c0cb7cb5c60f426b832e66d7bc00ac24b2f06ac2612ba7fd6cce33,98c5347dafe28479817a45f5a2dc61434d869d00,b167674594bf0944f0b2afb877d2d8c8f5647c0e4e60c64ebb2a511a9f1f7729,d0ec6ff924ecc411b9a9d40786f057ec869076b98308e2ecb75da2756c308237,0,0
4900,20260721T045021566841Z_ef3ee07b,runs/20260721T045021566841Z_ef3ee07b/checkpoints/step_004900.pt,17aa434c703a4ac8e9e4d7305b33d4985451d32d8c285c8d9837bb2524f82a44,688fb191af8d477f79c9558e9cb6c9ddbe7dfe9587ec040a5ebb9f6112c97826,98c5347dafe28479817a45f5a2dc61434d869d00,b167674594bf0944f0b2afb877d2d8c8f5647c0e4e60c64ebb2a511a9f1f7729,d0ec6ff924ecc411b9a9d40786f057ec869076b98308e2ecb75da2756c308237,0,0
5000,20260721T045021566841Z_ef3ee07b,runs/20260721T045021566841Z_ef3ee07b/checkpoints/step_005000.pt,bbbad3c891017f909f117042d038afc428ef744b31a22c858abab2a0b9383a00,59924c331513a9e02f5549b804bb2490801a68b5bf20a254cce7c05f1db95316,98c5347dafe28479817a45f5a2dc61434d869d00,b167674594bf0944f0b2afb877d2d8c8f5647c0e4e60c64ebb2a511a9f1f7729,d0ec6ff924ecc411b9a9d40786f057ec869076b98308e2ecb75da2756c308237,0,1
5100,20260721T045433955396Z_30c62ebc,runs/20260721T045433955396Z_30c62ebc/checkpoints/step_005100.pt,08f00b60a316c478e7765b3a3f7beb12f6017ebb8f2abe678ae1cd0bb1f7e021,60a69e650b1627da7ea3292a5b760e70ec1d36493656d3c89902bfca27d9883f,0f96f3a21409894b1f03cee7c792ecb9d79ea0d6,b167674594bf0944f0b2afb877d2d8c8f5647c0e4e60c64ebb2a511a9f1f7729,d0ec6ff924ecc411b9a9d40786f057ec869076b98308e2ecb75da2756c308237,1,0
5200,20260721T045433955396Z_30c62ebc,runs/20260721T045433955396Z_30c62ebc/checkpoints/step_005200.pt,37115bea37bbd217b036ce1a6ce775aa2aa268ab4a7db319dc0a14551a3ae157,60fd022c36c1e98097b6440fce104a23b934bc6dc81af8d5153840f1b1279f64,0f96f3a21409894b1f03cee7c792ecb9d79ea0d6,b167674594bf0944f0b2afb877d2d8c8f5647c0e4e60c64ebb2a511a9f1f7729,d0ec6ff924ecc411b9a9d40786f057ec869076b98308e2ecb75da2756c308237,1,0
5300,20260721T045433955396Z_30c62ebc,runs/20260721T045433955396Z_30c62ebc/checkpoints/step_005300.pt,40f9263ddf9db2b4a2067af34e826155c1608282f3efe0d50853657aff7d975a,da4a25f6762b89337545f48f4c003ab6384be85d6eecfc9868b606d67a5e7001,0f96f3a21409894b1f03cee7c792ecb9d79ea0d6,b167674594bf0944f0b2afb877d2d8c8f5647c0e4e60c64ebb2a511a9f1f7729,d0ec6ff924ecc411b9a9d40786f057ec869076b98308e2ecb75da2756c308237,1,0
5400,20260721T045433955396Z_30c62ebc,runs/20260721T045433955396Z_30c62ebc/checkpoints/step_005400.pt,54caff35978476c6f8b01e14389aac0c22be6481d8e49dfa6b4828526cd91605,4de1cc13f8efbbafff1848a5c5baa6ac03032b2fe8755ada851f299a10b76204,0f96f3a21409894b1f03cee7c792ecb9d79ea0d6,b167674594bf0944f0b2afb877d2d8c8f5647c0e4e60c64ebb2a511a9f1f7729,d0ec6ff924ecc411b9a9d40786f057ec869076b98308e2ecb75da2756c308237,1,0
5500,20260721T045433955396Z_30c62ebc,runs/20260721T045433955396Z_30c62ebc/checkpoints/step_005500.pt,74a48ea297a37a8b36da8bf3248f16374de2720d5945a3faeab2ff3bf3013b9e,465fdfef9e684ec7a219031bdbf23eb94d6110427e8389c00776299a40eb4b83,0f96f3a21409894b1f03cee7c792ecb9d79ea0d6,b167674594bf0944f0b2afb877d2d8c8f5647c0e4e60c64ebb2a511a9f1f7729,d0ec6ff924ecc411b9a9d40786f057ec869076b98308e2ecb75da2756c308237,1,0
5600,20260721T045433955396Z_30c62ebc,runs/20260721T045433955396Z_30c62ebc/checkpoints/step_005600.pt,412ab97c8f61f211e1f3750a6f3df49669130ebee8ad542cf48eecaef7bdb100,148929fd9a619b6c2008488df6ccf229ea619bf7ea224f3fe6702f427fecd71c,0f96f3a21409894b1f03cee7c792ecb9d79ea0d6,b167674594bf0944f0b2afb877d2d8c8f5647c0e4e60c64ebb2a511a9f1f7729,d0ec6ff924ecc411b9a9d40786f057ec869076b98308e2ecb75da2756c308237,1,0
5700,20260721T045433955396Z_30c62ebc,runs/20260721T045433955396Z_30c62ebc/checkpoints/step_005700.pt,099395bbc5c2c27d9931bcc43dabca9d74186ea381f8edb59e08b9318c09c516,5aa0871c7eb7cd9298592214d8ef85ec9cf78f859ec0869007328682b9a80ab0,0f96f3a21409894b1f03cee7c792ecb9d79ea0d6,b167674594bf0944f0b2afb877d2d8c8f5647c0e4e60c64ebb2a511a9f1f7729,d0ec6ff924ecc411b9a9d40786f057ec869076b98308e2ecb75da2756c308237,1,0
5800,20260721T045433955396Z_30c62ebc,runs/20260721T045433955396Z_30c62ebc/checkpoints/step_005800.pt,f00c717f836eea8e8d3058e2fd161254b1187a80a7a36b832cb7959d2dace03f,0ddca6e4f75bf01c33d5f2947bf12608196e9be269513e4a49da5655d844984f,0f96f3a21409894b1f03cee7c792ecb9d79ea0d6,b167674594bf0944f0b2afb877d2d8c8f5647c0e4e60c64ebb2a511a9f1f7729,d0ec6ff924ecc411b9a9d40786f057ec869076b98308e2ecb75da2756c308237,1,0
5900,20260721T045433955396Z_30c62ebc,runs/20260721T045433955396Z_30c62ebc/checkpoints/step_005900.pt,92973c177f1a9c8c828348125e96fd700bbbd17de58c9c38c5425800697b92e8,838a34386db761c3c47bd6897cb944789372cf81dbc625550c9ebedd69a3285d,0f96f3a21409894b1f03cee7c792ecb9d79ea0d6,b167674594bf0944f0b2afb877d2d8c8f5647c0e4e60c64ebb2a511a9f1f7729,d0ec6ff924ecc411b9a9d40786f057ec869076b98308e2ecb75da2756c308237,1,0
6000,20260721T045433955396Z_30c62ebc,runs/20260721T045433955396Z_30c62ebc/checkpoints/step_006000.pt,5daa2a05f7c03ab693c106a4f69eab7da5a49c6cdd8100848cbc8f1500fc37f0,cb2c85bbc6c6caef1ec370a55e709808a4a9b70508b8b436eb8a9992163685a1,0f96f3a21409894b1f03cee7c792ecb9d79ea0d6,b167674594bf0944f0b2afb877d2d8c8f5647c0e4e60c64ebb2a511a9f1f7729,d0ec6ff924ecc411b9a9d40786f057ec869076b98308e2ecb75da2756c308237,1,0
6100,20260721T045433955396Z_30c62ebc,runs/20260721T045433955396Z_30c62ebc/checkpoints/step_006100.pt,79509f93c253d8d19baa4f8f840bfc0e132c2c86fe7af56d24bd9d3ead982bc5,94035be27c5b47b1f0bee64777d51a01b0455256e6aafd415beb3683eafb416a,0f96f3a21409894b1f03cee7c792ecb9d79ea0d6,b167674594bf0944f0b2afb877d2d8c8f5647c0e4e60c64ebb2a511a9f1f7729,d0ec6ff924ecc411b9a9d40786f057ec869076b98308e2ecb75da2756c308237,1,0
6200,20260721T045433955396Z_30c62ebc,runs/20260721T045433955396Z_30c62ebc/checkpoints/step_006200.pt,8cfdaffbf9b422def8a24e2e51d01fad5818c530ebf9572dbbaaec71d5d035dd,42f9936827d31f95ca8360f7b04f7f0c0c2ce67b56351b80128c791e0ca13815,0f96f3a21409894b1f03cee7c792ecb9d79ea0d6,b167674594bf0944f0b2afb877d2d8c8f5647c0e4e60c64ebb2a511a9f1f7729,d0ec6ff924ecc411b9a9d40786f057ec869076b98308e2ecb75da2756c308237,1,0
6300,20260721T045433955396Z_30c62ebc,runs/20260721T045433955396Z_30c62ebc/checkpoints/step_006300.pt,61696690088978132bb7d5e0a01e98d3d6e709eb75a43684ad4fc6a94df62b02,34204486f42b14a8d9b9807c875a85a93db1c2f7a00309a5ab4e1f7c89752686,0f96f3a21409894b1f03cee7c792ecb9d79ea0d6,b167674594bf0944f0b2afb877d2d8c8f5647c0e4e60c64ebb2a511a9f1f7729,d0ec6ff924ecc411b9a9d40786f057ec869076b98308e2ecb75da2756c308237,1,0
6400,20260721T045433955396Z_30c62ebc,runs/20260721T045433955396Z_30c62ebc/checkpoints/step_006400.pt,023b800914db903c341ccbbfbcaa4def1d2cd8ae76732bf622344b68610f1db3,f51848d2b6a1589d37131d4a9c0da813f4e76f7b727c50ce3700d17dd5939b0f,0f96f3a21409894b1f03cee7c792ecb9d79ea0d6,b167674594bf0944f0b2afb877d2d8c8f5647c0e4e60c64ebb2a511a9f1f7729,d0ec6ff924ecc411b9a9d40786f057ec869076b98308e2ecb75da2756c308237,1,0
6500,20260721T045433955396Z_30c62ebc,runs/20260721T045433955396Z_30c62ebc/checkpoints/step_006500.pt,6d3aacdafcb8ee9c6b9cd340500fe83d906a16a5a3abf8a591fdb2f6947a8b36,adc46db130e8531b6069a53acdc02381ee86df0866769e990ec0b239bd68228b,0f96f3a21409894b1f03cee7c792ecb9d79ea0d6,b167674594bf0944f0b2afb877d2d8c8f5647c0e4e60c64ebb2a511a9f1f7729,d0ec6ff924ecc411b9a9d40786f057ec869076b98308e2ecb75da2756c308237,1,0
6600,20260721T045433955396Z_30c62ebc,runs/20260721T045433955396Z_30c62ebc/checkpoints/step_006600.pt,faf0e7e22a085640720525c28a008b65236c53cd4209d3c7a61be7298fedf3e4,c3dc006c871e7483212cd2926bc1c277e72af5558ae9a9554ea294183b44ab7c,0f96f3a21409894b1f03cee7c792ecb9d79ea0d6,b167674594bf0944f0b2afb877d2d8c8f5647c0e4e60c64ebb2a511a9f1f7729,d0ec6ff924ecc411b9a9d40786f057ec869076b98308e2ecb75da2756c308237,1,0
6700,20260721T045433955396Z_30c62ebc,runs/20260721T045433955396Z_30c62ebc/checkpoints/step_006700.pt,cf2577db9e8dd6b21ea83f95577de63d8e6f6dff8caf5dc760d3a2f94f2cab50,9b1ac9d58ae1095cc564254bb5a315d73c46967a9c21b7ad6b7367b68410bc19,0f96f3a21409894b1f03cee7c792ecb9d79ea0d6,b167674594bf0944f0b2afb877d2d8c8f5647c0e4e60c64ebb2a511a9f1f7729,d0ec6ff924ecc411b9a9d40786f057ec869076b98308e2ecb75da2756c308237,1,0
6800,20260721T045433955396Z_30c62ebc,runs/20260721T045433955396Z_30c62ebc/checkpoints/step_006800.pt,060667427e5b60c90724b2e2611928821ad9f9e711d6abdf11641bf02da68c72,417a183b103044eaf943302d9a8f340cb1ca25234eb589e40c1bf59baa6cdb4d,0f96f3a21409894b1f03cee7c792ecb9d79ea0d6,b167674594bf0944f0b2afb877d2d8c8f5647c0e4e60c64ebb2a511a9f1f7729,d0ec6ff924ecc411b9a9d40786f057ec869076b98308e2ecb75da2756c308237,1,0
6900,20260721T045433955396Z_30c62ebc,runs/20260721T045433955396Z_30c62ebc/checkpoints/step_006900.pt,e1ab68bfb27a7b4d99d14816fe3de4c6622c18564bd8e7a1719c4a46f59a1215,64fe31536538acf7c801121cb061e94610799f7bc93b23646439eabf8ac48333,0f96f3a21409894b1f03cee7c792ecb9d79ea0d6,b167674594bf0944f0b2afb877d2d8c8f5647c0e4e60c64ebb2a511a9f1f7729,d0ec6ff924ecc411b9a9d40786f057ec869076b98308e2ecb75da2756c308237,1,0
7000,20260721T045433955396Z_30c62ebc,runs/20260721T045433955396Z_30c62ebc/checkpoints/step_007000.pt,524ce670e93e352216049f513dd0651e6f7f750be05902505f3fe4efe176d207,e3ab9d6566373f3153f919443052d373a14ed84bc8c40e053a17193cf21c56db,0f96f3a21409894b1f03cee7c792ecb9d79ea0d6,b167674594bf0944f0b2afb877d2d8c8f5647c0e4e60c64ebb2a511a9f1f7729,d0ec6ff924ecc411b9a9d40786f057ec869076b98308e2ecb75da2756c308237,1,0
7100,20260721T045433955396Z_30c62ebc,runs/20260721T045433955396Z_30c62ebc/checkpoints/step_007100.pt,78f05a709376b28d51f59d111ae5f9ef47c9165f77962ca18866ca9a85387c93,31c04b0c7ae3b1304faa87afd9630be27d274222387a96bc9840ac2ccb2cc58e,0f96f3a21409894b1f03cee7c792ecb9d79ea0d6,b167674594bf0944f0b2afb877d2d8c8f5647c0e4e60c64ebb2a511a9f1f7729,d0ec6ff924ecc411b9a9d40786f057ec869076b98308e2ecb75da2756c308237,1,0
7200,20260721T045433955396Z_30c62ebc,runs/20260721T045433955396Z_30c62ebc/checkpoints/step_007200.pt,e236198f809694ece7d40a2f8435bc22bb665bb73ef936df782f2d87893a4af7,4ad6db6b35d1f3fda7f13eeace2d5e15c33c5822ac0db34691acf3cce1cf71a3,0f96f3a21409894b1f03cee7c792ecb9d79ea0d6,b167674594bf0944f0b2afb877d2d8c8f5647c0e4e60c64ebb2a511a9f1f7729,d0ec6ff924ecc411b9a9d40786f057ec869076b98308e2ecb75da2756c308237,1,0
7300,20260721T045433955396Z_30c62ebc,runs/20260721T045433955396Z_30c62ebc/checkpoints/step_007300.pt,6e31bbecbb004a2a312fd2f73ede0b67efd3f14775287c4e48a9bdb8729e025d,23674b8eac69c7636c2d33b17a1b099cd5accff3a5bf7432c2d2b6e6d9f5163f,0f96f3a21409894b1f03cee7c792ecb9d79ea0d6,b167674594bf0944f0b2afb877d2d8c8f5647c0e4e60c64ebb2a511a9f1f7729,d0ec6ff924ecc411b9a9d40786f057ec869076b98308e2ecb75da2756c308237,1,0
7400,20260721T045433955396Z_30c62ebc,runs/20260721T045433955396Z_30c62ebc/checkpoints/step_007400.pt,dfd301657253d49ef4357cb51448a0715a6850947ff50c25e4fe978fb9771175,efef1333ae0dc832054c4fe5bbcb3637a37b5c8e03f830072fc9ee79c33d1bc6,0f96f3a21409894b1f03cee7c792ecb9d79ea0d6,b167674594bf0944f0b2afb877d2d8c8f5647c0e4e60c64ebb2a511a9f1f7729,d0ec6ff924ecc411b9a9d40786f057ec869076b98308e2ecb75da2756c308237,1,0
7500,20260721T045433955396Z_30c62ebc,runs/20260721T045433955396Z_30c62ebc/checkpoints/step_007500.pt,e7b6562281a7a05dccdc94f32deda2c8ce14ac6c342759de984c8a573bcdc8d4,f3daa263c1e3484c7046a952c2d361f92f66426cde1d138487e50afb94182582,0f96f3a21409894b1f03cee7c792ecb9d79ea0d6,b167674594bf0944f0b2afb877d2d8c8f5647c0e4e60c64ebb2a511a9f1f7729,d0ec6ff924ecc411b9a9d40786f057ec869076b98308e2ecb75da2756c308237,1,0
7600,20260721T045433955396Z_30c62ebc,runs/20260721T045433955396Z_30c62ebc/checkpoints/step_007600.pt,a0c06e58224518f9649d384c15bb736349ed89234772338098bdec8dcaa98a76,3bfea486786c9a6fd83bdad7710cdcf70f7acefe02f1e418a51f891fa4f68ae3,0f96f3a21409894b1f03cee7c792ecb9d79ea0d6,b167674594bf0944f0b2afb877d2d8c8f5647c0e4e60c64ebb2a511a9f1f7729,d0ec6ff924ecc411b9a9d40786f057ec869076b98308e2ecb75da2756c308237,1,0
7700,20260721T045433955396Z_30c62ebc,runs/20260721T045433955396Z_30c62ebc/checkpoints/step_007700.pt,0e819249fb1999f6a5f58bd0133eb5f97f2f91a061c4a7c218fbf1b2f46f6383,a1d187c09c7b44e4c9597f17328193de361b3589f63f290ba296698fc49a4ef6,0f96f3a21409894b1f03cee7c792ecb9d79ea0d6,b167674594bf0944f0b2afb877d2d8c8f5647c0e4e60c64ebb2a511a9f1f7729,d0ec6ff924ecc411b9a9d40786f057ec869076b98308e2ecb75da2756c308237,1,0
7800,20260721T045433955396Z_30c62ebc,runs/20260721T045433955396Z_30c62ebc/checkpoints/step_007800.pt,0ae8c6f58120af4e0477f0260012e602616e511641c80a9d8210d984875f9871,3afbe61d48342fa6fba01dff03e85a939c4838cf47eb381582dfc1c36d3871f5,0f96f3a21409894b1f03cee7c792ecb9d79ea0d6,b167674594bf0944f0b2afb877d2d8c8f5647c0e4e60c64ebb2a511a9f1f7729,d0ec6ff924ecc411b9a9d40786f057ec869076b98308e2ecb75da2756c308237,1,0
7900,20260721T045433955396Z_30c62ebc,runs/20260721T045433955396Z_30c62ebc/checkpoints/step_007900.pt,366c38efbafcdb2401c1881982ef28ebdb5358389b887b1bb6ac359371a04c88,284b62261aa48bd3df637912dfdae3661d892bf4d58221e3d11bb0367eb919ce,0f96f3a21409894b1f03cee7c792ecb9d79ea0d6,b167674594bf0944f0b2afb877d2d8c8f5647c0e4e60c64ebb2a511a9f1f7729,d0ec6ff924ecc411b9a9d40786f057ec869076b98308e2ecb75da2756c308237,1,0
8000,20260721T045433955396Z_30c62ebc,runs/20260721T045433955396Z_30c62ebc/checkpoints/step_008000.pt,01bcaa287a04b7cc4b9330c4c6cb18a75e5cd9719e51b21d6b07c3d90ea20479,ece5e3290533847120c1c8afdeb5e01a305e5cd307dd6911dd125a1c4585c218,0f96f3a21409894b1f03cee7c792ecb9d79ea0d6,b167674594bf0944f0b2afb877d2d8c8f5647c0e4e60c64ebb2a511a9f1f7729,d0ec6ff924ecc411b9a9d40786f057ec869076b98308e2ecb75da2756c308237,1,0
8100,20260721T045433955396Z_30c62ebc,runs/20260721T045433955396Z_30c62ebc/checkpoints/step_008100.pt,a919975e51355857c7e0b7f9fba0b27162ba21a34f28bdf590ff26358ca146c8,1dc80959d8914b71b736dbbb962d41a1d8d261b8d113682cc4f019d992faf203,0f96f3a21409894b1f03cee7c792ecb9d79ea0d6,b167674594bf0944f0b2afb877d2d8c8f5647c0e4e60c64ebb2a511a9f1f7729,d0ec6ff924ecc411b9a9d40786f057ec869076b98308e2ecb75da2756c308237,1,0
8200,20260721T045433955396Z_30c62ebc,runs/20260721T045433955396Z_30c62ebc/checkpoints/step_008200.pt,23f55317c2e94a80dddb42e12cbe5f1d72a6d25dd5f1cbfcabe83804c4851849,f63482a993bed2e8aaa3db0e755e983b2c7fc9ab6003d3ac7e92ae317d2a6a41,0f96f3a21409894b1f03cee7c792ecb9d79ea0d6,b167674594bf0944f0b2afb877d2d8c8f5647c0e4e60c64ebb2a511a9f1f7729,d0ec6ff924ecc411b9a9d40786f057ec869076b98308e2ecb75da2756c308237,1,0
8300,20260721T045433955396Z_30c62ebc,runs/20260721T045433955396Z_30c62ebc/checkpoints/step_008300.pt,26ba471c90e37ced7f498710dca9a3aab6a82da1826749cf7a473cddbaefc49f,a129f0810e67d4abb27116eb7696a9547271e49fe1286abb7e3e118fdcb824be,0f96f3a21409894b1f03cee7c792ecb9d79ea0d6,b167674594bf0944f0b2afb877d2d8c8f5647c0e4e60c64ebb2a511a9f1f7729,d0ec6ff924ecc411b9a9d40786f057ec869076b98308e2ecb75da2756c308237,1,0
8400,20260721T045433955396Z_30c62ebc,runs/20260721T045433955396Z_30c62ebc/checkpoints/step_008400.pt,c43f1ec2c12c93d82c4a1ebc18b8d9f0f80cfeb66d97a668347fd4dd8466a7a5,e3e07e46cd8659ba3557617903c54bf9cb335dfaf2f2189b61eb777714bc5cd4,0f96f3a21409894b1f03cee7c792ecb9d79ea0d6,b167674594bf0944f0b2afb877d2d8c8f5647c0e4e60c64ebb2a511a9f1f7729,d0ec6ff924ecc411b9a9d40786f057ec869076b98308e2ecb75da2756c308237,1,0
8500,20260721T045433955396Z_30c62ebc,runs/20260721T045433955396Z_30c62ebc/checkpoints/step_008500.pt,2b40ec8778dd6fe3d8fa0534befafdb43872ec3ac75b47fa35a445192d8c6ba6,55aed34788424288f1c5747ce90b064d8d9ae42e753bebb83df32552d556f219,0f96f3a21409894b1f03cee7c792ecb9d79ea0d6,b167674594bf0944f0b2afb877d2d8c8f5647c0e4e60c64ebb2a511a9f1f7729,d0ec6ff924ecc411b9a9d40786f057ec869076b98308e2ecb75da2756c308237,1,0
8600,20260721T045433955396Z_30c62ebc,runs/20260721T045433955396Z_30c62ebc/checkpoints/step_008600.pt,3de2fa6701ed106a90e18e6679fdf3ff545ff0a3ffcaf80e7cc7484f4fa63db1,2702798030635141b86e0f88d114f072304e5a277b9925155ba3202b6469c3ee,0f96f3a21409894b1f03cee7c792ecb9d79ea0d6,b167674594bf0944f0b2afb877d2d8c8f5647c0e4e60c64ebb2a511a9f1f7729,d0ec6ff924ecc411b9a9d40786f057ec869076b98308e2ecb75da2756c308237,1,0
8700,20260721T045433955396Z_30c62ebc,runs/20260721T045433955396Z_30c62ebc/checkpoints/step_008700.pt,1b979200e61398bfa09a116b025441081c8fb432d158c36d60166cb949cc6690,ee01feccb7d128d403a189fda2cd77ce1aab81c5822f8138f56d3ca870eca6bf,0f96f3a21409894b1f03cee7c792ecb9d79ea0d6,b167674594bf0944f0b2afb877d2d8c8f5647c0e4e60c64ebb2a511a9f1f7729,d0ec6ff924ecc411b9a9d40786f057ec869076b98308e2ecb75da2756c308237,1,0
8800,20260721T045433955396Z_30c62ebc,runs/20260721T045433955396Z_30c62ebc/checkpoints/step_008800.pt,37c72376cced7bd4624feeb9152e12e1f96749bc6c74aa48b604e6db02a2359a,9ac64a28e9960277615a934772995032db801cd35722683066469e18706391d1,0f96f3a21409894b1f03cee7c792ecb9d79ea0d6,b167674594bf0944f0b2afb877d2d8c8f5647c0e4e60c64ebb2a511a9f1f7729,d0ec6ff924ecc411b9a9d40786f057ec869076b98308e2ecb75da2756c308237,1,0
8900,20260721T045433955396Z_30c62ebc,runs/20260721T045433955396Z_30c62ebc/checkpoints/step_008900.pt,c41cfee4b7d011bfd3ec7dc6a7e94d893f33cfb96ee2bcac6053f57afa0ec702,a98f40807ff59edbefbe48e53d28a5a0b6caa21c42090479aa58c571e0945007,0f96f3a21409894b1f03cee7c792ecb9d79ea0d6,b167674594bf0944f0b2afb877d2d8c8f5647c0e4e60c64ebb2a511a9f1f7729,d0ec6ff924ecc411b9a9d40786f057ec869076b98308e2ecb75da2756c308237,1,0
9000,20260721T045433955396Z_30c62ebc,runs/20260721T045433955396Z_30c62ebc/checkpoints/step_009000.pt,6e74d05bd9914403fc89e16095ad90cea5b049c1a2fd93bf7e595ff47e236395,1b1d917ed2f92f55c022e84046efbe5df8d4e03fdf4adf0a4ecb70c648122a9f,0f96f3a21409894b1f03cee7c792ecb9d79ea0d6,b167674594bf0944f0b2afb877d2d8c8f5647c0e4e60c64ebb2a511a9f1f7729,d0ec6ff924ecc411b9a9d40786f057ec869076b98308e2ecb75da2756c308237,1,0
9100,20260721T045433955396Z_30c62ebc,runs/20260721T045433955396Z_30c62ebc/checkpoints/step_009100.pt,f068b50fcd04e8dcabdddea5d0762d85e34335eb8a0047b167f8db39009d96e4,824bf859e8ab68b9d5656037d868bca35b1f0e387c99f588910bebffb8f6c320,0f96f3a21409894b1f03cee7c792ecb9d79ea0d6,b167674594bf0944f0b2afb877d2d8c8f5647c0e4e60c64ebb2a511a9f1f7729,d0ec6ff924ecc411b9a9d40786f057ec869076b98308e2ecb75da2756c308237,1,0
9200,20260721T045433955396Z_30c62ebc,runs/20260721T045433955396Z_30c62ebc/checkpoints/step_009200.pt,160a45d18aa5deaf27e5def0a5e20e800c9238b13be0936f97c650057a5cac75,c41d9f103d43e800c9032715d3aa7c8b2f3bc5ae484bee77f52091c706c91605,0f96f3a21409894b1f03cee7c792ecb9d79ea0d6,b167674594bf0944f0b2afb877d2d8c8f5647c0e4e60c64ebb2a511a9f1f7729,d0ec6ff924ecc411b9a9d40786f057ec869076b98308e2ecb75da2756c308237,1,0
9300,20260721T045433955396Z_30c62ebc,runs/20260721T045433955396Z_30c62ebc/checkpoints/step_009300.pt,bf9aacb5abeb6dfee54f81f0669ea76630d7f29299b5282277d62e552eef9c72,832d5b5c0f490ebe81c14cdc923f39d78674b80ba6adf4b2ac05c15d6ababb6f,0f96f3a21409894b1f03cee7c792ecb9d79ea0d6,b167674594bf0944f0b2afb877d2d8c8f5647c0e4e60c64ebb2a511a9f1f7729,d0ec6ff924ecc411b9a9d40786f057ec869076b98308e2ecb75da2756c308237,1,0
9400,20260721T045433955396Z_30c62ebc,runs/20260721T045433955396Z_30c62ebc/checkpoints/step_009400.pt,8de64bcb643d75041a434a03f003a4de968302be80b74fd9054b8573be6d1ab6,ccee78e1c35f119536c6cc33b36fbaf491c4d3bfc607fd83af665abb35d483eb,0f96f3a21409894b1f03cee7c792ecb9d79ea0d6,b167674594bf0944f0b2afb877d2d8c8f5647c0e4e60c64ebb2a511a9f1f7729,d0ec6ff924ecc411b9a9d40786f057ec869076b98308e2ecb75da2756c308237,1,0
9500,20260721T045433955396Z_30c62ebc,runs/20260721T045433955396Z_30c62ebc/checkpoints/step_009500.pt,3697e408931d738d89298a78d0b646f3cf66465c249085c842ead0dc1bf12152,6f212fe86d58037d30412d3720aa84d8bb2a0b976e64bb264fda08c16972a63c,0f96f3a21409894b1f03cee7c792ecb9d79ea0d6,b167674594bf0944f0b2afb877d2d8c8f5647c0e4e60c64ebb2a511a9f1f7729,d0ec6ff924ecc411b9a9d40786f057ec869076b98308e2ecb75da2756c308237,1,0
9600,20260721T045433955396Z_30c62ebc,runs/20260721T045433955396Z_30c62ebc/checkpoints/step_009600.pt,759e1e7f8e58f54c98bcc6f40cb582ae031c779531a93c871e1314bb03c3b7d0,a8b63fdab7a6e573df928b369b0e5e926381945ff9db4269b0ea8c60f5607c45,0f96f3a21409894b1f03cee7c792ecb9d79ea0d6,b167674594bf0944f0b2afb877d2d8c8f5647c0e4e60c64ebb2a511a9f1f7729,d0ec6ff924ecc411b9a9d40786f057ec869076b98308e2ecb75da2756c308237,1,0
9700,20260721T045433955396Z_30c62ebc,runs/20260721T045433955396Z_30c62ebc/checkpoints/step_009700.pt,20281025cc651f561b6680c49294359811fb3c254fc5deda4b48b2d2f55fdec1,6205fc84468a21be168ee5497fc6c8f74547ee303bbce788995d45b944bf20f5,0f96f3a21409894b1f03cee7c792ecb9d79ea0d6,b167674594bf0944f0b2afb877d2d8c8f5647c0e4e60c64ebb2a511a9f1f7729,d0ec6ff924ecc411b9a9d40786f057ec869076b98308e2ecb75da2756c308237,1,0
9800,20260721T045433955396Z_30c62ebc,runs/20260721T045433955396Z_30c62ebc/checkpoints/step_009800.pt,8da4f36776cfba380e8f315f0b7c7915bcd2d72051f24301d79f02a7ec850249,cb8f1e7ad8de08da06201731b2a9ebcd3577bf3bbe40130992a543c0ff4166ac,0f96f3a21409894b1f03cee7c792ecb9d79ea0d6,b167674594bf0944f0b2afb877d2d8c8f5647c0e4e60c64ebb2a511a9f1f7729,d0ec6ff924ecc411b9a9d40786f057ec869076b98308e2ecb75da2756c308237,1,0
9900,20260721T045433955396Z_30c62ebc,runs/20260721T045433955396Z_30c62ebc/checkpoints/step_009900.pt,781aeef3ff1ff19025c3e4cac8a558a2df55955b4ef9d0527fe2da17713f1468,761adc5f37c9b94cc0b9cbdeced4199ee7f442b6420ae1faf1bc37ed33dedafd,0f96f3a21409894b1f03cee7c792ecb9d79ea0d6,b167674594bf0944f0b2afb877d2d8c8f5647c0e4e60c64ebb2a511a9f1f7729,d0ec6ff924ecc411b9a9d40786f057ec869076b98308e2ecb75da2756c308237,1,0
10000,20260721T045433955396Z_30c62ebc,runs/20260721T045433955396Z_30c62ebc/checkpoints/step_010000.pt,a043013217acb6c59687d0362b43204b59cd110825a8d3703eddcc6f97b67cb8,782b7427d24afd47635d6f31020a2a43c5e909dad3522d77265ffc17f8b7f2c3,0f96f3a21409894b1f03cee7c792ecb9d79ea0d6,b167674594bf0944f0b2afb877d2d8c8f5647c0e4e60c64ebb2a511a9f1f7729,d0ec6ff924ecc411b9a9d40786f057ec869076b98308e2ecb75da2756c308237,1,0
10100,20260721T045433955396Z_30c62ebc,runs/20260721T045433955396Z_30c62ebc/checkpoints/step_010100.pt,0a26494ae671687eb1a5506744f6c1b1f01bef10bf041da2f25f0d0395ad6d92,7d7a0ee1649a289ec761622a49f6d9a1fd29cb7ef4a5d282533dafe41d99b56f,0f96f3a21409894b1f03cee7c792ecb9d79ea0d6,b167674594bf0944f0b2afb877d2d8c8f5647c0e4e60c64ebb2a511a9f1f7729,d0ec6ff924ecc411b9a9d40786f057ec869076b98308e2ecb75da2756c308237,1,0
10200,20260721T045433955396Z_30c62ebc,runs/20260721T045433955396Z_30c62ebc/checkpoints/step_010200.pt,b7fc6b3339ee66d73c80b36cd96f79bc5e0fe152517b5348ced81f8762b8a293,bb146cee246cd2be37effcf35dcc1dc126bc28c68ec976b92275ccf1ac0f977a,0f96f3a21409894b1f03cee7c792ecb9d79ea0d6,b167674594bf0944f0b2afb877d2d8c8f5647c0e4e60c64ebb2a511a9f1f7729,d0ec6ff924ecc411b9a9d40786f057ec869076b98308e2ecb75da2756c308237,1,0
10300,20260721T045433955396Z_30c62ebc,runs/20260721T045433955396Z_30c62ebc/checkpoints/step_010300.pt,3f1246aa6267b5639c1bcc98dc3e1e99ff6d25e19dd2d10348030a39d47784c7,30135024702e7f094fc9e003f9616bbcb8d5800968b892014b312b147f705ae4,0f96f3a21409894b1f03cee7c792ecb9d79ea0d6,b167674594bf0944f0b2afb877d2d8c8f5647c0e4e60c64ebb2a511a9f1f7729,d0ec6ff924ecc411b9a9d40786f057ec869076b98308e2ecb75da2756c308237,1,0
10400,20260721T045433955396Z_30c62ebc,runs/20260721T045433955396Z_30c62ebc/checkpoints/step_010400.pt,e8502e9d5737800f41e8852b301df6a5411086876c217ca0d06dabc4bd603931,7452a30bed18a80a153d16a9046afd32bfad6c51617b3143a653e831c9abaf31,0f96f3a21409894b1f03cee7c792ecb9d79ea0d6,b167674594bf0944f0b2afb877d2d8c8f5647c0e4e60c64ebb2a511a9f1f7729,d0ec6ff924ecc411b9a9d40786f057ec869076b98308e2ecb75da2756c308237,1,0
10500,20260721T045433955396Z_30c62ebc,runs/20260721T045433955396Z_30c62ebc/checkpoints/step_010500.pt,8a88050865f0aee09afaba1986881eacf4e7688641564596afec0b490f528c97,d9ac545e3d142c5213d043436eefcbef3ceca1693e3cd7d6817407c061220314,0f96f3a21409894b1f03cee7c792ecb9d79ea0d6,b167674594bf0944f0b2afb877d2d8c8f5647c0e4e60c64ebb2a511a9f1f7729,d0ec6ff924ecc411b9a9d40786f057ec869076b98308e2ecb75da2756c308237,1,0
10600,20260721T045433955396Z_30c62ebc,runs/20260721T045433955396Z_30c62ebc/checkpoints/step_010600.pt,ff20d94e9d4b1b6b741e19a76827aa7f3605dcbfe8d581ba0b2c8233b10cf7a3,f8fb250f022b4b6a3d4300abf38e6b562c66b930c8baec173deb80e9ecf7dd1f,0f96f3a21409894b1f03cee7c792ecb9d79ea0d6,b167674594bf0944f0b2afb877d2d8c8f5647c0e4e60c64ebb2a511a9f1f7729,d0ec6ff924ecc411b9a9d40786f057ec869076b98308e2ecb75da2756c308237,1,0
10700,20260721T045433955396Z_30c62ebc,runs/20260721T045433955396Z_30c62ebc/checkpoints/step_010700.pt,6056464de934c05c3adb3fc50b2c62795dd0a70091910405a9165343a775d2e8,f8038b8c1da0e4439a3234515167d5a38ddf2176eb883b64e7cf7701d13b53d1,0f96f3a21409894b1f03cee7c792ecb9d79ea0d6,b167674594bf0944f0b2afb877d2d8c8f5647c0e4e60c64ebb2a511a9f1f7729,d0ec6ff924ecc411b9a9d40786f057ec869076b98308e2ecb75da2756c308237,1,0
10800,20260721T045433955396Z_30c62ebc,runs/20260721T045433955396Z_30c62ebc/checkpoints/step_010800.pt,5d811195317db061377c28429b4902a0bfcbddbb531bd027a5a40bd742187cfc,7b6b1be47e383af8f99c92ee275db6369d5b644686b901891029a78d4a3af0b6,0f96f3a21409894b1f03cee7c792ecb9d79ea0d6,b167674594bf0944f0b2afb877d2d8c8f5647c0e4e60c64ebb2a511a9f1f7729,d0ec6ff924ecc411b9a9d40786f057ec869076b98308e2ecb75da2756c308237,1,0
10900,20260721T045433955396Z_30c62ebc,runs/20260721T045433955396Z_30c62ebc/checkpoints/step_010900.pt,9d95ebbe5b47cb5248f8d780c8366c51143ae32850c589ea7d68eb8e54f1b0d7,044aa860563bbed64653a47b0c1ed3b265397710575e7a266c8c3ff4a3571086,0f96f3a21409894b1f03cee7c792ecb9d79ea0d6,b167674594bf0944f0b2afb877d2d8c8f5647c0e4e60c64ebb2a511a9f1f7729,d0ec6ff924ecc411b9a9d40786f057ec869076b98308e2ecb75da2756c308237,1,0
11000,20260721T045433955396Z_30c62ebc,runs/20260721T045433955396Z_30c62ebc/checkpoints/step_011000.pt,e5aa8c02329899e624f4fedfbd9bf0983c351cbcb07fb3e3851d6c39d0512896,ca15c005cb69cb40f607c91de21eb8fb8b2074edf15d2d5e06c5211bad286a67,0f96f3a21409894b1f03cee7c792ecb9d79ea0d6,b167674594bf0944f0b2afb877d2d8c8f5647c0e4e60c64ebb2a511a9f1f7729,d0ec6ff924ecc411b9a9d40786f057ec869076b98308e2ecb75da2756c308237,1,0
11100,20260721T045433955396Z_30c62ebc,runs/20260721T045433955396Z_30c62ebc/checkpoints/step_011100.pt,d0cf4aacc6212e4d34508ecdfbe103bf3f3f26314fbd3b45b01c36e3af506afe,81e256e052e19462ff240de1908cfb29cb843f33528761c8cad3019c48defd75,0f96f3a21409894b1f03cee7c792ecb9d79ea0d6,b167674594bf0944f0b2afb877d2d8c8f5647c0e4e60c64ebb2a511a9f1f7729,d0ec6ff924ecc411b9a9d40786f057ec869076b98308e2ecb75da2756c308237,1,0
11200,20260721T045433955396Z_30c62ebc,runs/20260721T045433955396Z_30c62ebc/checkpoints/step_011200.pt,5ce574a47212cbf62700276d88f821eda5ee5f01f7972744ad95bffc6d96efc4,11de117f345e68c81b7ee0485e093db7862ef6a47614d85201cc9a5edb6c5cc7,0f96f3a21409894b1f03cee7c792ecb9d79ea0d6,b167674594bf0944f0b2afb877d2d8c8f5647c0e4e60c64ebb2a511a9f1f7729,d0ec6ff924ecc411b9a9d40786f057ec869076b98308e2ecb75da2756c308237,1,0
11300,20260721T045433955396Z_30c62ebc,runs/20260721T045433955396Z_30c62ebc/checkpoints/step_011300.pt,41150352f90ed9a3c3b567ce4aeffa5997c1a13066482b99e5c5d67152059264,802cca887653657279c3a95148372259d4c48da68de89286ef9f2b2747328bbe,0f96f3a21409894b1f03cee7c792ecb9d79ea0d6,b167674594bf0944f0b2afb877d2d8c8f5647c0e4e60c64ebb2a511a9f1f7729,d0ec6ff924ecc411b9a9d40786f057ec869076b98308e2ecb75da2756c308237,1,0
11400,20260721T045433955396Z_30c62ebc,runs/20260721T045433955396Z_30c62ebc/checkpoints/step_011400.pt,5768b9c9ab72d0ba18d4a6e774d295aa23306017ca44326b9a6fc3fa78be77bd,581d0cef3c7e5ddd508f9d1e9c07c6d9bfd3d0015fe1d2db09a393da7cf40b53,0f96f3a21409894b1f03cee7c792ecb9d79ea0d6,b167674594bf0944f0b2afb877d2d8c8f5647c0e4e60c64ebb2a511a9f1f7729,d0ec6ff924ecc411b9a9d40786f057ec869076b98308e2ecb75da2756c308237,1,0
11500,20260721T045433955396Z_30c62ebc,runs/20260721T045433955396Z_30c62ebc/checkpoints/step_011500.pt,87eac68e0a54c50bbccce6f81efc3161502b50a68c1678bc8659e3b093438d9b,80fc038599f4fb3f31c5f43d5359a567e22863084f90a48e705056662783e95d,0f96f3a21409894b1f03cee7c792ecb9d79ea0d6,b167674594bf0944f0b2afb877d2d8c8f5647c0e4e60c64ebb2a511a9f1f7729,d0ec6ff924ecc411b9a9d40786f057ec869076b98308e2ecb75da2756c308237,1,0
11600,20260721T045433955396Z_30c62ebc,runs/20260721T045433955396Z_30c62ebc/checkpoints/step_011600.pt,f3678354e8eb07b3c3579a252c09add55e9b10fde2fb86912c3eeae15b03d92b,a35f7efc152c99dfc5ad38c853f31363468151c6442114949f5eb8754f643d34,0f96f3a21409894b1f03cee7c792ecb9d79ea0d6,b167674594bf0944f0b2afb877d2d8c8f5647c0e4e60c64ebb2a511a9f1f7729,d0ec6ff924ecc411b9a9d40786f057ec869076b98308e2ecb75da2756c308237,1,0
11700,20260721T045433955396Z_30c62ebc,runs/20260721T045433955396Z_30c62ebc/checkpoints/step_011700.pt,0fb3988a808271c4f1db05d35e0149f8a741d24360a60928a1473aac4088a5ab,081a29322ed9bc17601913f314f42a809060f106ffc6e1dfe7c03e3897016d2c,0f96f3a21409894b1f03cee7c792ecb9d79ea0d6,b167674594bf0944f0b2afb877d2d8c8f5647c0e4e60c64ebb2a511a9f1f7729,d0ec6ff924ecc411b9a9d40786f057ec869076b98308e2ecb75da2756c308237,1,0
11800,20260721T045433955396Z_30c62ebc,runs/20260721T045433955396Z_30c62ebc/checkpoints/step_011800.pt,4c9780164165db37ad3e03c64232d05a33cd16b25b751ddb0bffe4eb9bc90a38,3d9fdc93acebf8e925a7e6f8c0492c5f3cad303bdfd6b245c9cc9542524d59c9,0f96f3a21409894b1f03cee7c792ecb9d79ea0d6,b167674594bf0944f0b2afb877d2d8c8f5647c0e4e60c64ebb2a511a9f1f7729,d0ec6ff924ecc411b9a9d40786f057ec869076b98308e2ecb75da2756c308237,1,0
11900,20260721T045433955396Z_30c62ebc,runs/20260721T045433955396Z_30c62ebc/checkpoints/step_011900.pt,6202764c1511439e3fa2bc1ca077eb9838986e0afde779c1e1eac8a1a8b70491,95569d1805fe257e5b1853a7f86b518bf17f0d9d859d7671e7e22adcb54a5ab3,0f96f3a21409894b1f03cee7c792ecb9d79ea0d6,b167674594bf0944f0b2afb877d2d8c8f5647c0e4e60c64ebb2a511a9f1f7729,d0ec6ff924ecc411b9a9d40786f057ec869076b98308e2ecb75da2756c308237,1,0
12000,20260721T045433955396Z_30c62ebc,runs/20260721T045433955396Z_30c62ebc/checkpoints/step_012000.pt,5f75523a9e6cb9035f771e4da06d0fa2f1676d14a6e565cdd0964c0b0bad4c17,739041461d394ee6c262af78a8708cbf7152d70ca49eab2f2564be169dfbb068,0f96f3a21409894b1f03cee7c792ecb9d79ea0d6,b167674594bf0944f0b2afb877d2d8c8f5647c0e4e60c64ebb2a511a9f1f7729,d0ec6ff924ecc411b9a9d40786f057ec869076b98308e2ecb75da2756c308237,1,0
12100,20260721T045433955396Z_30c62ebc,runs/20260721T045433955396Z_30c62ebc/checkpoints/step_012100.pt,8951f37782d2f4fc6394ad2e8cc7e54d74c669c59249ff46376ac68c9c30cc99,abcd2997e1002414f335ca2c9b2464fdf624849b6e71d5d7b69b04977c79f887,0f96f3a21409894b1f03cee7c792ecb9d79ea0d6,b167674594bf0944f0b2afb877d2d8c8f5647c0e4e60c64ebb2a511a9f1f7729,d0ec6ff924ecc411b9a9d40786f057ec869076b98308e2ecb75da2756c308237,1,0
12200,20260721T045433955396Z_30c62ebc,runs/20260721T045433955396Z_30c62ebc/checkpoints/step_012200.pt,38b0237b5956db169312e1a5d0559d867a882e9e8daa70307d2241160b28a147,2ebd343c96216093279f13e03433268a9dc64c1cc9b72593393b6f6d9ca88ac4,0f96f3a21409894b1f03cee7c792ecb9d79ea0d6,b167674594bf0944f0b2afb877d2d8c8f5647c0e4e60c64ebb2a511a9f1f7729,d0ec6ff924ecc411b9a9d40786f057ec869076b98308e2ecb75da2756c308237,1,0
12300,20260721T045433955396Z_30c62ebc,runs/20260721T045433955396Z_30c62ebc/checkpoints/step_012300.pt,50a559d1942c9cc19a88e5c136579621277da03c6006d51f558e20dab237a5c8,13537c334e4ca0ce4d77bd96f028afeff36488afb1ca6839e3eec7f5cdf3ad70,0f96f3a21409894b1f03cee7c792ecb9d79ea0d6,b167674594bf0944f0b2afb877d2d8c8f5647c0e4e60c64ebb2a511a9f1f7729,d0ec6ff924ecc411b9a9d40786f057ec869076b98308e2ecb75da2756c308237,1,0
12400,20260721T045433955396Z_30c62ebc,runs/20260721T045433955396Z_30c62ebc/checkpoints/step_012400.pt,724693ac3d6e968588ee72fab61d2215f23945e77a8a363d9298c07bc43c0238,4d00e7e2a34b3f98bfd454b36695988a6e97445fec158ae6c169783840dcad7d,0f96f3a21409894b1f03cee7c792ecb9d79ea0d6,b167674594bf0944f0b2afb877d2d8c8f5647c0e4e60c64ebb2a511a9f1f7729,d0ec6ff924ecc411b9a9d40786f057ec869076b98308e2ecb75da2756c308237,1,0
12500,20260721T045433955396Z_30c62ebc,runs/20260721T045433955396Z_30c62ebc/checkpoints/step_012500.pt,ac1c7eb65238e35aa78184dccbea7eb518a6680becb7ed9284522fc16135797d,8c1c31356d652dfd5f25ac9db461150d3c8bbe1e707102af1057301d84a614f0,0f96f3a21409894b1f03cee7c792ecb9d79ea0d6,b167674594bf0944f0b2afb877d2d8c8f5647c0e4e60c64ebb2a511a9f1f7729,d0ec6ff924ecc411b9a9d40786f057ec869076b98308e2ecb75da2756c308237,1,0
12600,20260721T045433955396Z_30c62ebc,runs/20260721T045433955396Z_30c62ebc/checkpoints/step_012600.pt,236a19e94dd03b784aab170bdf821cbf52a8eebcab103a6a9856e6901349c39f,52e2de1612b32673f4201503f585e0b5ca566a51fb22cf13f02893054c1fb971,0f96f3a21409894b1f03cee7c792ecb9d79ea0d6,b167674594bf0944f0b2afb877d2d8c8f5647c0e4e60c64ebb2a511a9f1f7729,d0ec6ff924ecc411b9a9d40786f057ec869076b98308e2ecb75da2756c308237,1,0
12700,20260721T045433955396Z_30c62ebc,runs/20260721T045433955396Z_30c62ebc/checkpoints/step_012700.pt,19645f59ef3dd8e81d7923a85492824539a5987c9a9731dbbdbfdee44921ca57,1b6eaa38370ad3d3f7b08de7c057c26d00ee198c597abc09a28087fb7d8a03cb,0f96f3a21409894b1f03cee7c792ecb9d79ea0d6,b167674594bf0944f0b2afb877d2d8c8f5647c0e4e60c64ebb2a511a9f1f7729,d0ec6ff924ecc411b9a9d40786f057ec869076b98308e2ecb75da2756c308237,1,0
12800,20260721T045433955396Z_30c62ebc,runs/20260721T045433955396Z_30c62ebc/checkpoints/step_012800.pt,9eaecebae6f1e486c2e100a82c15a98bebb932d49252425e8d2e8220ef004171,99ced39e76b5bc12646ff74937df73e41af0a94d6ff47d97cf8e8386d99673ef,0f96f3a21409894b1f03cee7c792ecb9d79ea0d6,b167674594bf0944f0b2afb877d2d8c8f5647c0e4e60c64ebb2a511a9f1f7729,d0ec6ff924ecc411b9a9d40786f057ec869076b98308e2ecb75da2756c308237,1,0
12900,20260721T045433955396Z_30c62ebc,runs/20260721T045433955396Z_30c62ebc/checkpoints/step_012900.pt,536a3138955e10cb3907bc6c789237e43a31a65e482df8dea3dae360756a2b81,1b06629e99081fc0f8e178bec7bb843550e11493afc15d970729cf974e5ccaff,0f96f3a21409894b1f03cee7c792ecb9d79ea0d6,b167674594bf0944f0b2afb877d2d8c8f5647c0e4e60c64ebb2a511a9f1f7729,d0ec6ff924ecc411b9a9d40786f057ec869076b98308e2ecb75da2756c308237,1,0
13000,20260721T045433955396Z_30c62ebc,runs/20260721T045433955396Z_30c62ebc/checkpoints/step_013000.pt,7e56ff1e85ed9f194811c162605e5343371cbfea0f7f33a9a7c20e40ec2c41d7,bc82a0df279628f1a8ccc269d44f91d846dac0f327b85e1aa8197b324b0a47cb,0f96f3a21409894b1f03cee7c792ecb9d79ea0d6,b167674594bf0944f0b2afb877d2d8c8f5647c0e4e60c64ebb2a511a9f1f7729,d0ec6ff924ecc411b9a9d40786f057ec869076b98308e2ecb75da2756c308237,1,0
13100,20260721T045433955396Z_30c62ebc,runs/20260721T045433955396Z_30c62ebc/checkpoints/step_013100.pt,891a791f86077493a6c5e9d6a121782ce7bb2aaf2602fb6a444ee515988aec87,df904baa8d77b823fcd39986ee56bb92815dc98f46b330c0b1098dbb5410f40c,0f96f3a21409894b1f03cee7c792ecb9d79ea0d6,b167674594bf0944f0b2afb877d2d8c8f5647c0e4e60c64ebb2a511a9f1f7729,d0ec6ff924ecc411b9a9d40786f057ec869076b98308e2ecb75da2756c308237,1,0
13200,20260721T045433955396Z_30c62ebc,runs/20260721T045433955396Z_30c62ebc/checkpoints/step_013200.pt,21995d8c61cdc9be17f0104eb1fa4746b361ba2351c2ebd00f9bbb1aa7153706,188421ac63e89e5a610b0b18cb04492d72795108d8555fc28f08f2644e5d12b3,0f96f3a21409894b1f03cee7c792ecb9d79ea0d6,b167674594bf0944f0b2afb877d2d8c8f5647c0e4e60c64ebb2a511a9f1f7729,d0ec6ff924ecc411b9a9d40786f057ec869076b98308e2ecb75da2756c308237,1,0
13300,20260721T045433955396Z_30c62ebc,runs/20260721T045433955396Z_30c62ebc/checkpoints/step_013300.pt,276d542898c91e4d7746fe0e6134017551b4df1a0d0b00f77eb0876649b60283,4559661dcd750c4a00b75292a06975366d136021698d67221250b6b004d66093,0f96f3a21409894b1f03cee7c792ecb9d79ea0d6,b167674594bf0944f0b2afb877d2d8c8f5647c0e4e60c64ebb2a511a9f1f7729,d0ec6ff924ecc411b9a9d40786f057ec869076b98308e2ecb75da2756c308237,1,0
13400,20260721T045433955396Z_30c62ebc,runs/20260721T045433955396Z_30c62ebc/checkpoints/step_013400.pt,f6be2718ddc813c189fb200ecd1aede2694f35abc5855d56a9558dbf61088f8d,ec975d62dce5569d0ba39e3a2bef7a46dba363c383bd791070858bc5b5773cba,0f96f3a21409894b1f03cee7c792ecb9d79ea0d6,b167674594bf0944f0b2afb877d2d8c8f5647c0e4e60c64ebb2a511a9f1f7729,d0ec6ff924ecc411b9a9d40786f057ec869076b98308e2ecb75da2756c308237,1,0
13500,20260721T045433955396Z_30c62ebc,runs/20260721T045433955396Z_30c62ebc/checkpoints/step_013500.pt,42f880ce93040044790fc4b2cee9498e8dd177446233ff1e69c7b77c9cf77ac6,706ef9cb6cd2e363d3778d8f425337cd2bd64a843b4f8bf13e357bc472e0b060,0f96f3a21409894b1f03cee7c792ecb9d79ea0d6,b167674594bf0944f0b2afb877d2d8c8f5647c0e4e60c64ebb2a511a9f1f7729,d0ec6ff924ecc411b9a9d40786f057ec869076b98308e2ecb75da2756c308237,1,0
13600,20260721T045433955396Z_30c62ebc,runs/20260721T045433955396Z_30c62ebc/checkpoints/step_013600.pt,8903f9bf410033bf30abd048d1dbe7bfbc22ed5914b7c4ae69dd6199d43ca5fa,26fd2641ef79d66c77250efcccd638f9a6d3fe122815b3382fa31c64e83b09c8,0f96f3a21409894b1f03cee7c792ecb9d79ea0d6,b167674594bf0944f0b2afb877d2d8c8f5647c0e4e60c64ebb2a511a9f1f7729,d0ec6ff924ecc411b9a9d40786f057ec869076b98308e2ecb75da2756c308237,1,0
13700,20260721T045433955396Z_30c62ebc,runs/20260721T045433955396Z_30c62ebc/checkpoints/step_013700.pt,1b3bcf369732a519101e9645b83201146c30632a6cc06b184921572e1506404a,962e20b86091a99558bf6ae2310356aca55cdab2d6c168f7867de0b04ee59c95,0f96f3a21409894b1f03cee7c792ecb9d79ea0d6,b167674594bf0944f0b2afb877d2d8c8f5647c0e4e60c64ebb2a511a9f1f7729,d0ec6ff924ecc411b9a9d40786f057ec869076b98308e2ecb75da2756c308237,1,0
13800,20260721T045433955396Z_30c62ebc,runs/20260721T045433955396Z_30c62ebc/checkpoints/step_013800.pt,550462173b9f5a0618172764b2e66119a6595b120980b1c132233c8a26d48447,4fd359655aad3d6768a0bc24c298c91ccf6b28d3bb06443d2fde9f38593a7e7e,0f96f3a21409894b1f03cee7c792ecb9d79ea0d6,b167674594bf0944f0b2afb877d2d8c8f5647c0e4e60c64ebb2a511a9f1f7729,d0ec6ff924ecc411b9a9d40786f057ec869076b98308e2ecb75da2756c308237,1,0
13900,20260721T045433955396Z_30c62ebc,runs/20260721T045433955396Z_30c62ebc/checkpoints/step_013900.pt,a656e62234682d9e781b0b866cf031aebe7720c6bea31536e6ad7e89013d9652,73053ab6887444dcf1321aa78fde92136f4330cc1f730c58bf706f5c25694e99,0f96f3a21409894b1f03cee7c792ecb9d79ea0d6,b167674594bf0944f0b2afb877d2d8c8f5647c0e4e60c64ebb2a511a9f1f7729,d0ec6ff924ecc411b9a9d40786f057ec869076b98308e2ecb75da2756c308237,1,0
14000,20260721T045433955396Z_30c62ebc,runs/20260721T045433955396Z_30c62ebc/checkpoints/step_014000.pt,467aec8c5592f36f818ea027868a432d8b2a2b50902fe2630dfc7f48c24d9766,f133507d546ab09aaf6e1cd66fa8b38564ee8dd63140805e04adb43ded9f0985,0f96f3a21409894b1f03cee7c792ecb9d79ea0d6,b167674594bf0944f0b2afb877d2d8c8f5647c0e4e60c64ebb2a511a9f1f7729,d0ec6ff924ecc411b9a9d40786f057ec869076b98308e2ecb75da2756c308237,1,0
14100,20260721T045433955396Z_30c62ebc,runs/20260721T045433955396Z_30c62ebc/checkpoints/step_014100.pt,cfe41550f80d04cd6c7f615f61d5e1bcf7f28e021f064e644e0821749cb40352,7ceb3441bd98a14a5b5c0de4c489fdfa1e33e35c40172d8662a82b0831d77087,0f96f3a21409894b1f03cee7c792ecb9d79ea0d6,b167674594bf0944f0b2afb877d2d8c8f5647c0e4e60c64ebb2a511a9f1f7729,d0ec6ff924ecc411b9a9d40786f057ec869076b98308e2ecb75da2756c308237,1,0
14200,20260721T045433955396Z_30c62ebc,runs/20260721T045433955396Z_30c62ebc/checkpoints/step_014200.pt,858cb52e56a436b3d7154bc341715e6f0d1acf9150a4bf1a3b64500f49c2767f,a475568eb6096b24da652c1a105795ae20fc04cf39447772fad56374b5c9d49c,0f96f3a21409894b1f03cee7c792ecb9d79ea0d6,b167674594bf0944f0b2afb877d2d8c8f5647c0e4e60c64ebb2a511a9f1f7729,d0ec6ff924ecc411b9a9d40786f057ec869076b98308e2ecb75da2756c308237,1,0
14300,20260721T045433955396Z_30c62ebc,runs/20260721T045433955396Z_30c62ebc/checkpoints/step_014300.pt,b9808c39c781343b9e7345dfa07cdc0f79fa1cd671864efd3a6c41714821eecc,446b3852eb871fcf118e6c9fabffe51925d15cf4bd0e6fc4a2f3871cf0b23c64,0f96f3a21409894b1f03cee7c792ecb9d79ea0d6,b167674594bf0944f0b2afb877d2d8c8f5647c0e4e60c64ebb2a511a9f1f7729,d0ec6ff924ecc411b9a9d40786f057ec869076b98308e2ecb75da2756c308237,1,0
14400,20260721T045433955396Z_30c62ebc,runs/20260721T045433955396Z_30c62ebc/checkpoints/step_014400.pt,9e796357132924ed731d99bd9b1e74fad7fb21af057b4e752d1fe783ecac0aa5,1d335be72b11840af285f3c8678f88eac590888cefe3164f608a4e1b4058b799,0f96f3a21409894b1f03cee7c792ecb9d79ea0d6,b167674594bf0944f0b2afb877d2d8c8f5647c0e4e60c64ebb2a511a9f1f7729,d0ec6ff924ecc411b9a9d40786f057ec869076b98308e2ecb75da2756c308237,1,0
14500,20260721T045433955396Z_30c62ebc,runs/20260721T045433955396Z_30c62ebc/checkpoints/step_014500.pt,5aa98c2e008f3ec86c5f28941f3642079a9e5c97c8cc26b53117eac04a309116,435102476ae1597c6efa9af56888319df25c5e0f013a4b67a7fe07f7cf024e0c,0f96f3a21409894b1f03cee7c792ecb9d79ea0d6,b167674594bf0944f0b2afb877d2d8c8f5647c0e4e60c64ebb2a511a9f1f7729,d0ec6ff924ecc411b9a9d40786f057ec869076b98308e2ecb75da2756c308237,1,0
14600,20260721T045433955396Z_30c62ebc,runs/20260721T045433955396Z_30c62ebc/checkpoints/step_014600.pt,1ff05358f80c30c926c18b1ca6b3791fc3f60953c517101729cc19cbc45c30b5,46cf2443a91a6f2c6419d3e30c447babb5f8ccd13eafc6cef667330631d8ba73,0f96f3a21409894b1f03cee7c792ecb9d79ea0d6,b167674594bf0944f0b2afb877d2d8c8f5647c0e4e60c64ebb2a511a9f1f7729,d0ec6ff924ecc411b9a9d40786f057ec869076b98308e2ecb75da2756c308237,1,0
14700,20260721T045433955396Z_30c62ebc,runs/20260721T045433955396Z_30c62ebc/checkpoints/step_014700.pt,2c59234ef95c4657deaa9c726ea27dedce0de6e0ffbb29fd0526c6b1f9b1f15b,6493f8285722b2d2700d84d351b636dbe4e2f03c091128f4bd5fd277766a8617,0f96f3a21409894b1f03cee7c792ecb9d79ea0d6,b167674594bf0944f0b2afb877d2d8c8f5647c0e4e60c64ebb2a511a9f1f7729,d0ec6ff924ecc411b9a9d40786f057ec869076b98308e2ecb75da2756c308237,1,0
14800,20260721T045433955396Z_30c62ebc,runs/20260721T045433955396Z_30c62ebc/checkpoints/step_014800.pt,20cb2fb2bd06eb1ce400d63b4ba3a50dc11ab1aaff1d40fb83a9c04f2e51dc3d,bb0f83696430bbc89e07033f753f109f15ce7dd4371a3aecc071c78a2b6dce0d,0f96f3a21409894b1f03cee7c792ecb9d79ea0d6,b167674594bf0944f0b2afb877d2d8c8f5647c0e4e60c64ebb2a511a9f1f7729,d0ec6ff924ecc411b9a9d40786f057ec869076b98308e2ecb75da2756c308237,1,0
14900,20260721T045433955396Z_30c62ebc,runs/20260721T045433955396Z_30c62ebc/checkpoints/step_014900.pt,7f784206f00e22d7374d19f1baedfa329101389be3414e901f32556c051893ca,9e24fc8b0ff631cb461da632ac456cf520bc83cef3e44279417227482d20a03f,0f96f3a21409894b1f03cee7c792ecb9d79ea0d6,b167674594bf0944f0b2afb877d2d8c8f5647c0e4e60c64ebb2a511a9f1f7729,d0ec6ff924ecc411b9a9d40786f057ec869076b98308e2ecb75da2756c308237,1,0
15000,20260721T045433955396Z_30c62ebc,runs/20260721T045433955396Z_30c62ebc/checkpoints/step_015000.pt,455f1a1157ef8ed7ad95cc777f2dd8cfa45e83f6d103a2edd07fc40667b18516,e7c6ed5e503364ad310ff316d97c2f09d035939aa94d78a036936a2b1aabd90a,0f96f3a21409894b1f03cee7c792ecb9d79ea0d6,b167674594bf0944f0b2afb877d2d8c8f5647c0e4e60c64ebb2a511a9f1f7729,d0ec6ff924ecc411b9a9d40786f057ec869076b98308e2ecb75da2756c308237,1,0
15100,20260721T045433955396Z_30c62ebc,runs/20260721T045433955396Z_30c62ebc/checkpoints/step_015100.pt,b4ae6f60fd45a896d3b1bf03a0192c3bf4f900d3cbc5d938f67da82ec38e4378,38c4de14dd2df841e41eb37fdc6efe56b844287636ba1454aeaa242216db3a2d,0f96f3a21409894b1f03cee7c792ecb9d79ea0d6,b167674594bf0944f0b2afb877d2d8c8f5647c0e4e60c64ebb2a511a9f1f7729,d0ec6ff924ecc411b9a9d40786f057ec869076b98308e2ecb75da2756c308237,1,0
15200,20260721T045433955396Z_30c62ebc,runs/20260721T045433955396Z_30c62ebc/checkpoints/step_015200.pt,61727bc99f7c28ba75ffb54d7908946d3b47bfb030a1cff67f22ee1696f47cdd,45585fcd711a7da10f30d84301bbf80e2db8f9fa05251428762f4e3dd81b539e,0f96f3a21409894b1f03cee7c792ecb9d79ea0d6,b167674594bf0944f0b2afb877d2d8c8f5647c0e4e60c64ebb2a511a9f1f7729,d0ec6ff924ecc411b9a9d40786f057ec869076b98308e2ecb75da2756c308237,1,0
15300,20260721T045433955396Z_30c62ebc,runs/20260721T045433955396Z_30c62ebc/checkpoints/step_015300.pt,dc64ef588a2ef3763ecebd0866cd90978478df0af1e878e2394489a17a5c8728,16b604b956ce5d99edf5cc47154e308f3c68953b385507a885fd37a3da767af4,0f96f3a21409894b1f03cee7c792ecb9d79ea0d6,b167674594bf0944f0b2afb877d2d8c8f5647c0e4e60c64ebb2a511a9f1f7729,d0ec6ff924ecc411b9a9d40786f057ec869076b98308e2ecb75da2756c308237,1,0
15400,20260721T045433955396Z_30c62ebc,runs/20260721T045433955396Z_30c62ebc/checkpoints/step_015400.pt,653130159a191a068241e88c9d8b1a1ab2354b00db58f9dc509d014a7646d3a3,06303a9bf349f90486abb3fa30010f4f1cf755ed871b2d372ebf3de5a8166206,0f96f3a21409894b1f03cee7c792ecb9d79ea0d6,b167674594bf0944f0b2afb877d2d8c8f5647c0e4e60c64ebb2a511a9f1f7729,d0ec6ff924ecc411b9a9d40786f057ec869076b98308e2ecb75da2756c308237,1,0
15500,20260721T045433955396Z_30c62ebc,runs/20260721T045433955396Z_30c62ebc/checkpoints/step_015500.pt,5d1fda0a86f0748a18106253f5c4bf3f593d3f4834195dc5a962a3ea4b723d98,5e7a8fd6319c22da6ffeff768ab14aa7d0228ec959a8146edc3024a4d30615b8,0f96f3a21409894b1f03cee7c792ecb9d79ea0d6,b167674594bf0944f0b2afb877d2d8c8f5647c0e4e60c64ebb2a511a9f1f7729,d0ec6ff924ecc411b9a9d40786f057ec869076b98308e2ecb75da2756c308237,1,0
15600,20260721T045433955396Z_30c62ebc,runs/20260721T045433955396Z_30c62ebc/checkpoints/step_015600.pt,69842364cda5c0c8c75eaf2f499b00dd189d9dbb871dc857b487943e986ba557,2b7c83bb7d1d3b6f573c0a1cc3f5402eb16a698ebb95dc5f6cc72c73ca6b4811,0f96f3a21409894b1f03cee7c792ecb9d79ea0d6,b167674594bf0944f0b2afb877d2d8c8f5647c0e4e60c64ebb2a511a9f1f7729,d0ec6ff924ecc411b9a9d40786f057ec869076b98308e2ecb75da2756c308237,1,0
15700,20260721T045433955396Z_30c62ebc,runs/20260721T045433955396Z_30c62ebc/checkpoints/step_015700.pt,a44b545998e1180570b8f836a872b5c0f93ae2fb83c9929777ab9f7f7d715601,126a9ac8a23e3e8ba08e85460fa6014166b3e939c4ae1092e332049e262df235,0f96f3a21409894b1f03cee7c792ecb9d79ea0d6,b167674594bf0944f0b2afb877d2d8c8f5647c0e4e60c64ebb2a511a9f1f7729,d0ec6ff924ecc411b9a9d40786f057ec869076b98308e2ecb75da2756c308237,1,0
15800,20260721T045433955396Z_30c62ebc,runs/20260721T045433955396Z_30c62ebc/checkpoints/step_015800.pt,bbb18e4985838c44d03ede43ced7a7484678de1cac1ffe170e8ce2b39b59d0c0,d20862dd2102a621aaf0a0d4005ef6c895f176e8e7407256e0cbf23874d5aa3b,0f96f3a21409894b1f03cee7c792ecb9d79ea0d6,b167674594bf0944f0b2afb877d2d8c8f5647c0e4e60c64ebb2a511a9f1f7729,d0ec6ff924ecc411b9a9d40786f057ec869076b98308e2ecb75da2756c308237,1,0
15900,20260721T045433955396Z_30c62ebc,runs/20260721T045433955396Z_30c62ebc/checkpoints/step_015900.pt,3a19abaa8434db718eefdd9c2073d3e0c81e534ace7c5db0a8f9f849d9348632,db05a139bd20f04a6651ba5a68e7414e0e11b708248bad7acb0e49e9c8f20dfe,0f96f3a21409894b1f03cee7c792ecb9d79ea0d6,b167674594bf0944f0b2afb877d2d8c8f5647c0e4e60c64ebb2a511a9f1f7729,d0ec6ff924ecc411b9a9d40786f057ec869076b98308e2ecb75da2756c308237,1,0
16000,20260721T045433955396Z_30c62ebc,runs/20260721T045433955396Z_30c62ebc/checkpoints/step_016000.pt,16f172d86cbae25db03c4616700d641b67db5b94b56ce309de71bef32bebb42f,0f8c1b0770e906891f2ff196f97e1ceeb649b9ed02140b3015160457387c7ff0,0f96f3a21409894b1f03cee7c792ecb9d79ea0d6,b167674594bf0944f0b2afb877d2d8c8f5647c0e4e60c64ebb2a511a9f1f7729,d0ec6ff924ecc411b9a9d40786f057ec869076b98308e2ecb75da2756c308237,1,0
16100,20260721T045433955396Z_30c62ebc,runs/20260721T045433955396Z_30c62ebc/checkpoints/step_016100.pt,3eebe898acaaff81a2ecd797756d212b2bd150b51268eb5d4d7d998bae6efa37,59a765b220b8aa130d468fcc21af0dd098f8e984e59c3fcc56e407a265f0ad33,0f96f3a21409894b1f03cee7c792ecb9d79ea0d6,b167674594bf0944f0b2afb877d2d8c8f5647c0e4e60c64ebb2a511a9f1f7729,d0ec6ff924ecc411b9a9d40786f057ec869076b98308e2ecb75da2756c308237,1,0
16200,20260721T045433955396Z_30c62ebc,runs/20260721T045433955396Z_30c62ebc/checkpoints/step_016200.pt,3af876ed494e8b9c85cb3ffde1d3c54d14b77e261bed54e34d85881999ed8454,bee5073b26457fa911189205de94ba1510bb9ac2c3027a1f21bac770da1791cc,0f96f3a21409894b1f03cee7c792ecb9d79ea0d6,b167674594bf0944f0b2afb877d2d8c8f5647c0e4e60c64ebb2a511a9f1f7729,d0ec6ff924ecc411b9a9d40786f057ec869076b98308e2ecb75da2756c308237,1,0
16300,20260721T045433955396Z_30c62ebc,runs/20260721T045433955396Z_30c62ebc/checkpoints/step_016300.pt,0cd0c96adfeaf221e8a424cc307762d0a76d769e1082842ff2ccc74879afacd7,8d40db8b13d8af3b434d7ac28e5e19faa155df04e2907e3417f84eff7f1bbd78,0f96f3a21409894b1f03cee7c792ecb9d79ea0d6,b167674594bf0944f0b2afb877d2d8c8f5647c0e4e60c64ebb2a511a9f1f7729,d0ec6ff924ecc411b9a9d40786f057ec869076b98308e2ecb75da2756c308237,1,0
16400,20260721T045433955396Z_30c62ebc,runs/20260721T045433955396Z_30c62ebc/checkpoints/step_016400.pt,da5d0132739fc300894e0f8e3322b6434d1353fbd6625cf9d90e6ef84cb1e07e,687cb63cbcddd1d84a2b91c0135698ae25969deafbb7b4afb418649340c97aa3,0f96f3a21409894b1f03cee7c792ecb9d79ea0d6,b167674594bf0944f0b2afb877d2d8c8f5647c0e4e60c64ebb2a511a9f1f7729,d0ec6ff924ecc411b9a9d40786f057ec869076b98308e2ecb75da2756c308237,1,0
16500,20260721T045433955396Z_30c62ebc,runs/20260721T045433955396Z_30c62ebc/checkpoints/step_016500.pt,b28be58058d98fb55c8727b54b5d43d4fc848e4079890be0bae9373b7a9f0b24,06e58b20fd142feea9d37611656c5570c49878f4f65f7bc3fedfc2f86ec8b488,0f96f3a21409894b1f03cee7c792ecb9d79ea0d6,b167674594bf0944f0b2afb877d2d8c8f5647c0e4e60c64ebb2a511a9f1f7729,d0ec6ff924ecc411b9a9d40786f057ec869076b98308e2ecb75da2756c308237,1,0
16600,20260721T045433955396Z_30c62ebc,runs/20260721T045433955396Z_30c62ebc/checkpoints/step_016600.pt,0ef483f4df01293ef4f69afefa71fe91c90d6922c3870e99f50298bd3dbcf593,e01627a5dabd9f14bcae60bb5f6c2eecc4b94e3edd804a9bd1bb9e6a876b154a,0f96f3a21409894b1f03cee7c792ecb9d79ea0d6,b167674594bf0944f0b2afb877d2d8c8f5647c0e4e60c64ebb2a511a9f1f7729,d0ec6ff924ecc411b9a9d40786f057ec869076b98308e2ecb75da2756c308237,1,0
16700,20260721T045433955396Z_30c62ebc,runs/20260721T045433955396Z_30c62ebc/checkpoints/step_016700.pt,9e4e4ea8c5fdaab154b23e347d7e794eacbae8d0b6151d83e183f993b08d5516,1cc4c6a347a3d8c92b55ecd94277813fa33f42f4c3239d9c9d372be49f6df902,0f96f3a21409894b1f03cee7c792ecb9d79ea0d6,b167674594bf0944f0b2afb877d2d8c8f5647c0e4e60c64ebb2a511a9f1f7729,d0ec6ff924ecc411b9a9d40786f057ec869076b98308e2ecb75da2756c308237,1,0
16800,20260721T045433955396Z_30c62ebc,runs/20260721T045433955396Z_30c62ebc/checkpoints/step_016800.pt,52b4a702d7d10eab80093b106b1f6e8f36f30026b176b23d8146128c5bfbe2dc,4d01300abe1c9f1bdaff6226ab8868db47e6679f479b00530b5f56ad5feb3057,0f96f3a21409894b1f03cee7c792ecb9d79ea0d6,b167674594bf0944f0b2afb877d2d8c8f5647c0e4e60c64ebb2a511a9f1f7729,d0ec6ff924ecc411b9a9d40786f057ec869076b98308e2ecb75da2756c308237,1,0
16900,20260721T045433955396Z_30c62ebc,runs/20260721T045433955396Z_30c62ebc/checkpoints/step_016900.pt,da1319b9c0c635f068324afbfd26f2685355230200b6edb617506542251277ac,b682854e9f43a71490f38e540b56a0a09151ac76597d4d9b1ac4abb1e5cbeb28,0f96f3a21409894b1f03cee7c792ecb9d79ea0d6,b167674594bf0944f0b2afb877d2d8c8f5647c0e4e60c64ebb2a511a9f1f7729,d0ec6ff924ecc411b9a9d40786f057ec869076b98308e2ecb75da2756c308237,1,0
17000,20260721T045433955396Z_30c62ebc,runs/20260721T045433955396Z_30c62ebc/checkpoints/step_017000.pt,6a62f97d3ac6c671b84466946fb75765d90fa7a19b04c751856b448f22a8c612,605759a6bf592a5b93ea215ea0406385872e14f546a6d81e135f8c616139f615,0f96f3a21409894b1f03cee7c792ecb9d79ea0d6,b167674594bf0944f0b2afb877d2d8c8f5647c0e4e60c64ebb2a511a9f1f7729,d0ec6ff924ecc411b9a9d40786f057ec869076b98308e2ecb75da2756c308237,1,0
17100,20260721T045433955396Z_30c62ebc,runs/20260721T045433955396Z_30c62ebc/checkpoints/step_017100.pt,71105e5a5d60e1d98c91c3688d3d6ee855f037b56152e33ab193ea668156c6d1,0dbe6c3ef3ce8feaa6fdf09831fb75377f0b2bacc2e9c969b4c6a3683e8a6ee2,0f96f3a21409894b1f03cee7c792ecb9d79ea0d6,b167674594bf0944f0b2afb877d2d8c8f5647c0e4e60c64ebb2a511a9f1f7729,d0ec6ff924ecc411b9a9d40786f057ec869076b98308e2ecb75da2756c308237,1,0
17200,20260721T045433955396Z_30c62ebc,runs/20260721T045433955396Z_30c62ebc/checkpoints/step_017200.pt,28f9df2439a5bb9aa6541cc49edb4284e1adb9d56abe4434dfcdeb0206906ce3,07cc2ecaac547fab6133944d5131687b6e0855a9ad3f24c0333b83121d8b67d3,0f96f3a21409894b1f03cee7c792ecb9d79ea0d6,b167674594bf0944f0b2afb877d2d8c8f5647c0e4e60c64ebb2a511a9f1f7729,d0ec6ff924ecc411b9a9d40786f057ec869076b98308e2ecb75da2756c308237,1,0
17300,20260721T045433955396Z_30c62ebc,runs/20260721T045433955396Z_30c62ebc/checkpoints/step_017300.pt,59b7320dd7325e7d84fe1693c7e69d4c7320a3ffe49dc9ba4e36b64acb6f142f,55756610c3596664fd0a2ae06a9dd52f24021d5bf4b15a6e33c2422b45cf39d4,0f96f3a21409894b1f03cee7c792ecb9d79ea0d6,b167674594bf0944f0b2afb877d2d8c8f5647c0e4e60c64ebb2a511a9f1f7729,d0ec6ff924ecc411b9a9d40786f057ec869076b98308e2ecb75da2756c308237,1,0
17400,20260721T045433955396Z_30c62ebc,runs/20260721T045433955396Z_30c62ebc/checkpoints/step_017400.pt,1f6a386066cd6a1fee2cd6582014f702718e061ea3a6ad4dd84844b6ee3af713,dba35f385f438280508fed761313f4d30bfe106f9bd90ef796e56a34a1e23250,0f96f3a21409894b1f03cee7c792ecb9d79ea0d6,b167674594bf0944f0b2afb877d2d8c8f5647c0e4e60c64ebb2a511a9f1f7729,d0ec6ff924ecc411b9a9d40786f057ec869076b98308e2ecb75da2756c308237,1,0
17500,20260721T045433955396Z_30c62ebc,runs/20260721T045433955396Z_30c62ebc/checkpoints/step_017500.pt,06cf90870a0ed1736406e05db5157cfe15237736aaff72480c2685f3e8d5af20,a2ef8fba3c8c5fed67f3d3293aebe03d74c904fba53e7a7f7de5037cc031899f,0f96f3a21409894b1f03cee7c792ecb9d79ea0d6,b167674594bf0944f0b2afb877d2d8c8f5647c0e4e60c64ebb2a511a9f1f7729,d0ec6ff924ecc411b9a9d40786f057ec869076b98308e2ecb75da2756c308237,1,0
17600,20260721T045433955396Z_30c62ebc,runs/20260721T045433955396Z_30c62ebc/checkpoints/step_017600.pt,f81fbc53f9187085a3d9a719fb536ac24293ffd128087219ca2b1039a22a6fbb,dbe77945e54dce37c69a10b34c388b0fe525531442cb6e2c2fb90e8c91c19d45,0f96f3a21409894b1f03cee7c792ecb9d79ea0d6,b167674594bf0944f0b2afb877d2d8c8f5647c0e4e60c64ebb2a511a9f1f7729,d0ec6ff924ecc411b9a9d40786f057ec869076b98308e2ecb75da2756c308237,1,0
17700,20260721T045433955396Z_30c62ebc,runs/20260721T045433955396Z_30c62ebc/checkpoints/step_017700.pt,5f0a011a54486c414ce22e369ba631a91b3647497994a4a11d6c5dab14283eb4,86c6ea1bd2daeead77758e1b34b68b47d68be4b211166cb92d62d69ea20554c6,0f96f3a21409894b1f03cee7c792ecb9d79ea0d6,b167674594bf0944f0b2afb877d2d8c8f5647c0e4e60c64ebb2a511a9f1f7729,d0ec6ff924ecc411b9a9d40786f057ec869076b98308e2ecb75da2756c308237,1,0
17800,20260721T045433955396Z_30c62ebc,runs/20260721T045433955396Z_30c62ebc/checkpoints/step_017800.pt,4011aa9439d39a14de1366abd4f2b4a2ada3fc89d68f716eb2c213d8f547e44a,460216772c0befcd3d803f099f03bbb6081669a9c445e05e22e327ce7703fdef,0f96f3a21409894b1f03cee7c792ecb9d79ea0d6,b167674594bf0944f0b2afb877d2d8c8f5647c0e4e60c64ebb2a511a9f1f7729,d0ec6ff924ecc411b9a9d40786f057ec869076b98308e2ecb75da2756c308237,1,0
17900,20260721T045433955396Z_30c62ebc,runs/20260721T045433955396Z_30c62ebc/checkpoints/step_017900.pt,1f55fd16756a98adecdae997af270d01c13e78f11eb583082624f6ddf7e26793,49cd9c8ca967521e75e332ee125c9bcfc4c734dda5b71ea8a07486780fd9182e,0f96f3a21409894b1f03cee7c792ecb9d79ea0d6,b167674594bf0944f0b2afb877d2d8c8f5647c0e4e60c64ebb2a511a9f1f7729,d0ec6ff924ecc411b9a9d40786f057ec869076b98308e2ecb75da2756c308237,1,0
18000,20260721T045433955396Z_30c62ebc,runs/20260721T045433955396Z_30c62ebc/checkpoints/step_018000.pt,a023976ecebc24ed9e4c1e56b475a4de5f8cd722f4df86f0965c7e7d41a622cb,2a96fa71220e5410b60a9df82c415e46f470a1e4358e8c794db8749749f0b287,0f96f3a21409894b1f03cee7c792ecb9d79ea0d6,b167674594bf0944f0b2afb877d2d8c8f5647c0e4e60c64ebb2a511a9f1f7729,d0ec6ff924ecc411b9a9d40786f057ec869076b98308e2ecb75da2756c308237,1,0
18100,20260721T045433955396Z_30c62ebc,runs/20260721T045433955396Z_30c62ebc/checkpoints/step_018100.pt,d62c5afe94196594ed37e6ea250ca9b94e6dc49335fc0679157b74ef426533b8,01050bcc69b160cba631c070e0078d26b30df30696e99c7e79b4f4c613bf17aa,0f96f3a21409894b1f03cee7c792ecb9d79ea0d6,b167674594bf0944f0b2afb877d2d8c8f5647c0e4e60c64ebb2a511a9f1f7729,d0ec6ff924ecc411b9a9d40786f057ec869076b98308e2ecb75da2756c308237,1,0
18200,20260721T045433955396Z_30c62ebc,runs/20260721T045433955396Z_30c62ebc/checkpoints/step_018200.pt,8c28f6cd589dd5557a24a9217564ba325f2e6c3b179bc1f3b902ffc5b2bda35f,87e359d78c6491d9842a7fdad311bede86709640f177e396c060637e51912b57,0f96f3a21409894b1f03cee7c792ecb9d79ea0d6,b167674594bf0944f0b2afb877d2d8c8f5647c0e4e60c64ebb2a511a9f1f7729,d0ec6ff924ecc411b9a9d40786f057ec869076b98308e2ecb75da2756c308237,1,0
18300,20260721T045433955396Z_30c62ebc,runs/20260721T045433955396Z_30c62ebc/checkpoints/step_018300.pt,8bbdd50184cbb81435ae63bcabad26a1999977c253132cf2984b4daf54a2d7f5,207cf5f7971ac06af1d1727c8ea730fc8e5b94194951f033513dc49b3d0a5df6,0f96f3a21409894b1f03cee7c792ecb9d79ea0d6,b167674594bf0944f0b2afb877d2d8c8f5647c0e4e60c64ebb2a511a9f1f7729,d0ec6ff924ecc411b9a9d40786f057ec869076b98308e2ecb75da2756c308237,1,0
18400,20260721T045433955396Z_30c62ebc,runs/20260721T045433955396Z_30c62ebc/checkpoints/step_018400.pt,f33559074bfe43ed9c1adab2826923f14ddcf59e653b0669e13a6c82d66478cf,ea4f2d5f10dbf962e4feeb3f0e7dd117af0bc3b6bcd7c2186159c757e7cc1687,0f96f3a21409894b1f03cee7c792ecb9d79ea0d6,b167674594bf0944f0b2afb877d2d8c8f5647c0e4e60c64ebb2a511a9f1f7729,d0ec6ff924ecc411b9a9d40786f057ec869076b98308e2ecb75da2756c308237,1,0
18500,20260721T045433955396Z_30c62ebc,runs/20260721T045433955396Z_30c62ebc/checkpoints/step_018500.pt,7f6844a230644eebc07651588453c9616006943571c71317617d9b3c9afa615a,a4af0161b7589a5d9c9180002bfb3dade618b3acce7afb73e5e63bd016c49857,0f96f3a21409894b1f03cee7c792ecb9d79ea0d6,b167674594bf0944f0b2afb877d2d8c8f5647c0e4e60c64ebb2a511a9f1f7729,d0ec6ff924ecc411b9a9d40786f057ec869076b98308e2ecb75da2756c308237,1,0
18600,20260721T045433955396Z_30c62ebc,runs/20260721T045433955396Z_30c62ebc/checkpoints/step_018600.pt,d9d81a38f609b9904643b2313a0f17f6d318fbcd837f8552f1b8f7dd77b25282,c3777885be6b7266722eef5ccbd0589987cef64500469f6c70f74453132ca9dc,0f96f3a21409894b1f03cee7c792ecb9d79ea0d6,b167674594bf0944f0b2afb877d2d8c8f5647c0e4e60c64ebb2a511a9f1f7729,d0ec6ff924ecc411b9a9d40786f057ec869076b98308e2ecb75da2756c308237,1,0
18700,20260721T045433955396Z_30c62ebc,runs/20260721T045433955396Z_30c62ebc/checkpoints/step_018700.pt,392d27b602ed54297ed4199a2f08adbaed7ebdcc90dc1507aab6dd2f1316a829,7c173d95cf2eff672ed9e250e36201c172aba16a2c7ea7921eb9699d3d650530,0f96f3a21409894b1f03cee7c792ecb9d79ea0d6,b167674594bf0944f0b2afb877d2d8c8f5647c0e4e60c64ebb2a511a9f1f7729,d0ec6ff924ecc411b9a9d40786f057ec869076b98308e2ecb75da2756c308237,1,0
18800,20260721T045433955396Z_30c62ebc,runs/20260721T045433955396Z_30c62ebc/checkpoints/step_018800.pt,bf2cb3c499c64a87a8deb52bdc819f717d5e6a9e18776227eeae92b2fd953539,4aeeafa0dde0796a9d313fcb61f9af84dba057a4a553011a4bb1ba242dde0430,0f96f3a21409894b1f03cee7c792ecb9d79ea0d6,b167674594bf0944f0b2afb877d2d8c8f5647c0e4e60c64ebb2a511a9f1f7729,d0ec6ff924ecc411b9a9d40786f057ec869076b98308e2ecb75da2756c308237,1,0
18900,20260721T045433955396Z_30c62ebc,runs/20260721T045433955396Z_30c62ebc/checkpoints/step_018900.pt,196a4a5fc7bf6a95b87de393bb650c53f25ffbbe9928abc37ad6cca9080e3230,125690a837f96607299b94a008727a856833374897d098483066bfede65fde49,0f96f3a21409894b1f03cee7c792ecb9d79ea0d6,b167674594bf0944f0b2afb877d2d8c8f5647c0e4e60c64ebb2a511a9f1f7729,d0ec6ff924ecc411b9a9d40786f057ec869076b98308e2ecb75da2756c308237,1,0
19000,20260721T045433955396Z_30c62ebc,runs/20260721T045433955396Z_30c62ebc/checkpoints/step_019000.pt,85b2adafb6e28f6c153c0b66cb9b419b6bb0d9b7c27a89fd3102952a279931aa,2ef45eeb843b8a13de420b573ace7297d9b9c99173169f87ed0e2b9fe04ea71a,0f96f3a21409894b1f03cee7c792ecb9d79ea0d6,b167674594bf0944f0b2afb877d2d8c8f5647c0e4e60c64ebb2a511a9f1f7729,d0ec6ff924ecc411b9a9d40786f057ec869076b98308e2ecb75da2756c308237,1,0
19100,20260721T045433955396Z_30c62ebc,runs/20260721T045433955396Z_30c62ebc/checkpoints/step_019100.pt,b2ff3cbac5caba5b1daaf2fd49951658bfedab0f444e792064b2218cc30c2547,f1fa4b8d6eac86533af4a1133a76815f85a248f8209e884e40e3a4de971e2b16,0f96f3a21409894b1f03cee7c792ecb9d79ea0d6,b167674594bf0944f0b2afb877d2d8c8f5647c0e4e60c64ebb2a511a9f1f7729,d0ec6ff924ecc411b9a9d40786f057ec869076b98308e2ecb75da2756c308237,1,0
19200,20260721T045433955396Z_30c62ebc,runs/20260721T045433955396Z_30c62ebc/checkpoints/step_019200.pt,8d6fe169cfeccd0101059244d3f1e2bab37efc0f785e9be15a4adaaa3685c441,a306a88e5077a177205a2639d4fe1d2d57062ea7ae1cf6a9e2beb4b65b8d0a46,0f96f3a21409894b1f03cee7c792ecb9d79ea0d6,b167674594bf0944f0b2afb877d2d8c8f5647c0e4e60c64ebb2a511a9f1f7729,d0ec6ff924ecc411b9a9d40786f057ec869076b98308e2ecb75da2756c308237,1,0
19300,20260721T045433955396Z_30c62ebc,runs/20260721T045433955396Z_30c62ebc/checkpoints/step_019300.pt,f48e18e05f256aa0a04ba6e7d4e0a7edecfb325a02b45146638e901386de9c3b,291da862925a95dff48cf5b923935f27052b70064da7e52d48ce1059b41efc57,0f96f3a21409894b1f03cee7c792ecb9d79ea0d6,b167674594bf0944f0b2afb877d2d8c8f5647c0e4e60c64ebb2a511a9f1f7729,d0ec6ff924ecc411b9a9d40786f057ec869076b98308e2ecb75da2756c308237,1,0
19400,20260721T045433955396Z_30c62ebc,runs/20260721T045433955396Z_30c62ebc/checkpoints/step_019400.pt,48f1840da408ae2e7c7c22574afe6554c5bf016c53301e8b26b2381f5286d1f1,1124758e2b9c0850935c2dc54aa054be787b0062339caa7097dfd30b1d5a2aa8,0f96f3a21409894b1f03cee7c792ecb9d79ea0d6,b167674594bf0944f0b2afb877d2d8c8f5647c0e4e60c64ebb2a511a9f1f7729,d0ec6ff924ecc411b9a9d40786f057ec869076b98308e2ecb75da2756c308237,1,0
19500,20260721T045433955396Z_30c62ebc,runs/20260721T045433955396Z_30c62ebc/checkpoints/step_019500.pt,4932bd326ef3d8f0ac9306dfdd1eee5fb848af1bb861d3e0f241e7969a499ac9,dde100327c5d75ff4856f7e785532adf476ce692d679a80047392693d2b36b69,0f96f3a21409894b1f03cee7c792ecb9d79ea0d6,b167674594bf0944f0b2afb877d2d8c8f5647c0e4e60c64ebb2a511a9f1f7729,d0ec6ff924ecc411b9a9d40786f057ec869076b98308e2ecb75da2756c308237,1,0
19600,20260721T045433955396Z_30c62ebc,runs/20260721T045433955396Z_30c62ebc/checkpoints/step_019600.pt,68155bd82a76318e1896a2b4cf0a5a249f2ee40adcd78fe1a529d56f38d07a2e,1e4e5f8399479733d449a23f2b940fb12c6075f98dd47019810dea39d1bca0f3,0f96f3a21409894b1f03cee7c792ecb9d79ea0d6,b167674594bf0944f0b2afb877d2d8c8f5647c0e4e60c64ebb2a511a9f1f7729,d0ec6ff924ecc411b9a9d40786f057ec869076b98308e2ecb75da2756c308237,1,0
19700,20260721T045433955396Z_30c62ebc,runs/20260721T045433955396Z_30c62ebc/checkpoints/step_019700.pt,3aa21a4014bbaf95a20457bea4cb4f27924efbca4418a41012a1b9cf4131de9e,d783e39e839d789969d3bc5de92c38a141dae3bb8f4e723b1c1970614918d9b0,0f96f3a21409894b1f03cee7c792ecb9d79ea0d6,b167674594bf0944f0b2afb877d2d8c8f5647c0e4e60c64ebb2a511a9f1f7729,d0ec6ff924ecc411b9a9d40786f057ec869076b98308e2ecb75da2756c308237,1,0
19800,20260721T045433955396Z_30c62ebc,runs/20260721T045433955396Z_30c62ebc/checkpoints/step_019800.pt,27f7c8c6fdabc4e67ee7e7144c6285fe1ada7135539bceb9985578b92ecde204,205410d956251b48bf4fe60d73b0b8959e32ed9a02b7253946b9776bd4c63eb1,0f96f3a21409894b1f03cee7c792ecb9d79ea0d6,b167674594bf0944f0b2afb877d2d8c8f5647c0e4e60c64ebb2a511a9f1f7729,d0ec6ff924ecc411b9a9d40786f057ec869076b98308e2ecb75da2756c308237,1,0
19900,20260721T045433955396Z_30c62ebc,runs/20260721T045433955396Z_30c62ebc/checkpoints/step_019900.pt,0f49c303884820457359e790617102c5ae7c2a6927fd4e922b039bb86cb1d0c8,94c8de526c29045f276e054c48e63f58c5d0e421b5664e8b5f1595ef344593f4,0f96f3a21409894b1f03cee7c792ecb9d79ea0d6,b167674594bf0944f0b2afb877d2d8c8f5647c0e4e60c64ebb2a511a9f1f7729,d0ec6ff924ecc411b9a9d40786f057ec869076b98308e2ecb75da2756c308237,1,0
20000,20260721T045433955396Z_30c62ebc,runs/20260721T045433955396Z_30c62ebc/checkpoints/step_020000.pt,7d3ee179b44e6bf7c97880cd1ce3bbf2025d27451afd508f13f913d0b01e647a,1b451678915326f92c9f4ffdf6e493d7647c74e452900430d238e41d49e5cf77,0f96f3a21409894b1f03cee7c792ecb9d79ea0d6,b167674594bf0944f0b2afb877d2d8c8f5647c0e4e60c64ebb2a511a9f1f7729,d0ec6ff924ecc411b9a9d40786f057ec869076b98308e2ecb75da2756c308237,1,1
20100,20260724T091041024473Z_c6434d8a,runs/20260724T091041024473Z_c6434d8a/checkpoints/step_020100.pt,658e9aee5a60fae617e07bbd69c065f543ae1ea05136807e0a5fe05aee1e6a2f,e02367f4b2f3432a8acd169b99702126a8b2f74c8f571c16799a66e6184ab6c8,8d620a84930c85d617131d1062a01e640b667a32,b167674594bf0944f0b2afb877d2d8c8f5647c0e4e60c64ebb2a511a9f1f7729,d0ec6ff924ecc411b9a9d40786f057ec869076b98308e2ecb75da2756c308237,2,0
20200,20260724T091041024473Z_c6434d8a,runs/20260724T091041024473Z_c6434d8a/checkpoints/step_020200.pt,f553418b1680ace8b9ca2e8bd80d01fa8c60fb96007d54d03e7cd07fb0837d39,768a813602659369831a19df6e061ca51ec8502424d569e9626d40734783dd50,8d620a84930c85d617131d1062a01e640b667a32,b167674594bf0944f0b2afb877d2d8c8f5647c0e4e60c64ebb2a511a9f1f7729,d0ec6ff924ecc411b9a9d40786f057ec869076b98308e2ecb75da2756c308237,2,0
20300,20260724T091041024473Z_c6434d8a,runs/20260724T091041024473Z_c6434d8a/checkpoints/step_020300.pt,9e12940189aab39393e33572f251669decc32e5f4e6d25427f714821cef79a99,cd5fc4a028fd594ed89c04c900cfd81cf02fa75b266fab00c66f554f49761984,8d620a84930c85d617131d1062a01e640b667a32,b167674594bf0944f0b2afb877d2d8c8f5647c0e4e60c64ebb2a511a9f1f7729,d0ec6ff924ecc411b9a9d40786f057ec869076b98308e2ecb75da2756c308237,2,0
20400,20260724T091041024473Z_c6434d8a,runs/20260724T091041024473Z_c6434d8a/checkpoints/step_020400.pt,cb87c48528a08e0d2924b1838ffe73f5d0d4f7bbf22788c46a0b3336684026b5,2e23dc49a91e5d8e57955b8b8349ffd5a026df5fb6a98f82e1eb4fc638b57a6b,8d620a84930c85d617131d1062a01e640b667a32,b167674594bf0944f0b2afb877d2d8c8f5647c0e4e60c64ebb2a511a9f1f7729,d0ec6ff924ecc411b9a9d40786f057ec869076b98308e2ecb75da2756c308237,2,0
20500,20260724T091041024473Z_c6434d8a,runs/20260724T091041024473Z_c6434d8a/checkpoints/step_020500.pt,8556376f35ee670e236e6593056aed1e432adf16c18f182faedb16a05bc4b401,6f89cfe47f96c624d3349c8b168d675cbc23326749fc55dc67ac6ae432e2c48c,8d620a84930c85d617131d1062a01e640b667a32,b167674594bf0944f0b2afb877d2d8c8f5647c0e4e60c64ebb2a511a9f1f7729,d0ec6ff924ecc411b9a9d40786f057ec869076b98308e2ecb75da2756c308237,2,0
20600,20260724T091041024473Z_c6434d8a,runs/20260724T091041024473Z_c6434d8a/checkpoints/step_020600.pt,ff43325405e459e95ed621ce3aa235a9ddba3d721ef50dc7153b4a5f87a6eae3,0bfbed29d34cf37f5508b27238f856685731a33a6422c41261f0d27290281760,8d620a84930c85d617131d1062a01e640b667a32,b167674594bf0944f0b2afb877d2d8c8f5647c0e4e60c64ebb2a511a9f1f7729,d0ec6ff924ecc411b9a9d40786f057ec869076b98308e2ecb75da2756c308237,2,0
20700,20260724T091041024473Z_c6434d8a,runs/20260724T091041024473Z_c6434d8a/checkpoints/step_020700.pt,6511881c84a88882efcee148b54ba49c0aa10f373b26f3da3dabe63ccceeda90,909551749e01f4816e8d35b0f6e0574c402f780bc74045c1a8ed80002d96a3eb,8d620a84930c85d617131d1062a01e640b667a32,b167674594bf0944f0b2afb877d2d8c8f5647c0e4e60c64ebb2a511a9f1f7729,d0ec6ff924ecc411b9a9d40786f057ec869076b98308e2ecb75da2756c308237,2,0
20800,20260724T091041024473Z_c6434d8a,runs/20260724T091041024473Z_c6434d8a/checkpoints/step_020800.pt,01fb2c8d935151d0c75daf37cfbfed7649cf963d32d43ebb85641f1acbc26da9,d6cb8be313e9e7b16503f388ba6f3b251c568bcc987d245aa635c9249d018c2b,8d620a84930c85d617131d1062a01e640b667a32,b167674594bf0944f0b2afb877d2d8c8f5647c0e4e60c64ebb2a511a9f1f7729,d0ec6ff924ecc411b9a9d40786f057ec869076b98308e2ecb75da2756c308237,2,0
20900,20260724T091041024473Z_c6434d8a,runs/20260724T091041024473Z_c6434d8a/checkpoints/step_020900.pt,d123aa883e6738e401b43a0a92af7bfc66cbfab6e064e9d45d7d4fe4f1d200ac,67eefea1c5eeac1e03144cb3ec4e13972c695f10241d2983f098ce62972a97bd,8d620a84930c85d617131d1062a01e640b667a32,b167674594bf0944f0b2afb877d2d8c8f5647c0e4e60c64ebb2a511a9f1f7729,d0ec6ff924ecc411b9a9d40786f057ec869076b98308e2ecb75da2756c308237,2,0
21000,20260724T091041024473Z_c6434d8a,runs/20260724T091041024473Z_c6434d8a/checkpoints/step_021000.pt,5d9a4b2a671d7b9e6f8c1ad3de5b36740661d83312890e68d94294ab057247a5,58c059dd296f59056d765c49dc68d9499c45892887238250e99c4d52b49c312a,8d620a84930c85d617131d1062a01e640b667a32,b167674594bf0944f0b2afb877d2d8c8f5647c0e4e60c64ebb2a511a9f1f7729,d0ec6ff924ecc411b9a9d40786f057ec869076b98308e2ecb75da2756c308237,2,0
21100,20260724T091041024473Z_c6434d8a,runs/20260724T091041024473Z_c6434d8a/checkpoints/step_021100.pt,b051580a8a54066e35e745cb472e4edbe34d3350440af3bd289c0f9d72d88fd1,a3a329f3b178835f6d6c7d574fe9ad94f8904bd5e644d288b941752d3ab9eb9c,8d620a84930c85d617131d1062a01e640b667a32,b167674594bf0944f0b2afb877d2d8c8f5647c0e4e60c64ebb2a511a9f1f7729,d0ec6ff924ecc411b9a9d40786f057ec869076b98308e2ecb75da2756c308237,2,0
21200,20260724T091041024473Z_c6434d8a,runs/20260724T091041024473Z_c6434d8a/checkpoints/step_021200.pt,af9134794f5a4e33c448af42d5396bf6a7671e0aed15714f13640dfd01d72ad2,641490876802a2258911c8b998f18c94953b2bff639dcd597a142745c71e980c,8d620a84930c85d617131d1062a01e640b667a32,b167674594bf0944f0b2afb877d2d8c8f5647c0e4e60c64ebb2a511a9f1f7729,d0ec6ff924ecc411b9a9d40786f057ec869076b98308e2ecb75da2756c308237,2,0
21300,20260724T091041024473Z_c6434d8a,runs/20260724T091041024473Z_c6434d8a/checkpoints/step_021300.pt,b86e484ce7858c69da4321d28fc3af9ee8af3aac25911cfe703773380ddcb499,1b006cf959a449fd08d31e93ba434783d608b8ce08b321ddcc7a82785f91b9e0,8d620a84930c85d617131d1062a01e640b667a32,b167674594bf0944f0b2afb877d2d8c8f5647c0e4e60c64ebb2a511a9f1f7729,d0ec6ff924ecc411b9a9d40786f057ec869076b98308e2ecb75da2756c308237,2,0
21400,20260724T091041024473Z_c6434d8a,runs/20260724T091041024473Z_c6434d8a/checkpoints/step_021400.pt,f487badd1d1b0616607e4dab7be2b22f9ab483eeb98d9a6fc481d36bb5acb553,c182e74f90b396da50c52a32081e3a56bc441cbb98bae46580f7d70cb98b069d,8d620a84930c85d617131d1062a01e640b667a32,b167674594bf0944f0b2afb877d2d8c8f5647c0e4e60c64ebb2a511a9f1f7729,d0ec6ff924ecc411b9a9d40786f057ec869076b98308e2ecb75da2756c308237,2,0
21500,20260724T091041024473Z_c6434d8a,runs/20260724T091041024473Z_c6434d8a/checkpoints/step_021500.pt,0cb79ff908485c3bf153abc2176fe6367356543ddc17360cc024bb541da8ed27,37e94e2dd6c232e2bf7ac2616aa9836a79427485508d0b8f2e3120f10a81f7b1,8d620a84930c85d617131d1062a01e640b667a32,b167674594bf0944f0b2afb877d2d8c8f5647c0e4e60c64ebb2a511a9f1f7729,d0ec6ff924ecc411b9a9d40786f057ec869076b98308e2ecb75da2756c308237,2,0
21600,20260724T091041024473Z_c6434d8a,runs/20260724T091041024473Z_c6434d8a/checkpoints/step_021600.pt,3dcead9e15000e2e9a720e6f95fa3eab34af1ab00df418d3d12251c0922d69c6,679ce8d7a1679b1bfb96116cfe985e859cc552592f64d5dce8e33dc40489635e,8d620a84930c85d617131d1062a01e640b667a32,b167674594bf0944f0b2afb877d2d8c8f5647c0e4e60c64ebb2a511a9f1f7729,d0ec6ff924ecc411b9a9d40786f057ec869076b98308e2ecb75da2756c308237,2,0
21700,20260724T091041024473Z_c6434d8a,runs/20260724T091041024473Z_c6434d8a/checkpoints/step_021700.pt,0a3572d03151322abc51a107589e1c2bff536bb3377c35c33660c4f032b24c3e,b46da8cc6cddd735ffde9c71544cf5e5734914056ca75f9f6c2830cdf1345c5f,8d620a84930c85d617131d1062a01e640b667a32,b167674594bf0944f0b2afb877d2d8c8f5647c0e4e60c64ebb2a511a9f1f7729,d0ec6ff924ecc411b9a9d40786f057ec869076b98308e2ecb75da2756c308237,2,0
21800,20260724T091041024473Z_c6434d8a,runs/20260724T091041024473Z_c6434d8a/checkpoints/step_021800.pt,824acf183d85721d2f789706c843c92305b650f1a513912b6db84bec5049e2ed,e1ca22704a97d27e5df9702c1fb3fe5d89df941ea58373827bbc3867ff157f5c,8d620a84930c85d617131d1062a01e640b667a32,b167674594bf0944f0b2afb877d2d8c8f5647c0e4e60c64ebb2a511a9f1f7729,d0ec6ff924ecc411b9a9d40786f057ec869076b98308e2ecb75da2756c308237,2,0
21900,20260724T091041024473Z_c6434d8a,runs/20260724T091041024473Z_c6434d8a/checkpoints/step_021900.pt,f2d19e2c254e4efbdd3821ebebd32c4a65aed7ee3bc9b82f8cfc16724011f74a,006c29f7494e361d744b17853c28fd677b68e02c9184835c2003f55e8318b63c,8d620a84930c85d617131d1062a01e640b667a32,b167674594bf0944f0b2afb877d2d8c8f5647c0e4e60c64ebb2a511a9f1f7729,d0ec6ff924ecc411b9a9d40786f057ec869076b98308e2ecb75da2756c308237,2,0
22000,20260724T091041024473Z_c6434d8a,runs/20260724T091041024473Z_c6434d8a/checkpoints/step_022000.pt,39dac7d549c5a9570ebc2cd629b94da030c4130c5d81910822a86c902e14cb5d,e8fe5f6afa4ebd0912cd259bd510543a2816f40b4b4b75976fe703e1dde734ec,8d620a84930c85d617131d1062a01e640b667a32,b167674594bf0944f0b2afb877d2d8c8f5647c0e4e60c64ebb2a511a9f1f7729,d0ec6ff924ecc411b9a9d40786f057ec869076b98308e2ecb75da2756c308237,2,0
22100,20260724T091041024473Z_c6434d8a,runs/20260724T091041024473Z_c6434d8a/checkpoints/step_022100.pt,f3ad28567bfc55622b73b8b5cee50f80958730e2fd82c9d8404486e6cda5cbca,881b90ff7fcdc82cab5e8a45cb9c5e19338ca2b38fe0a5d21995af16c1783309,8d620a84930c85d617131d1062a01e640b667a32,b167674594bf0944f0b2afb877d2d8c8f5647c0e4e60c64ebb2a511a9f1f7729,d0ec6ff924ecc411b9a9d40786f057ec869076b98308e2ecb75da2756c308237,2,0
22200,20260724T091041024473Z_c6434d8a,runs/20260724T091041024473Z_c6434d8a/checkpoints/step_022200.pt,785149d741e3d4e80e218bae14d392809b139d9c1536bf36fd3f1ca4036ae538,2bc5ea7e4e01fb556b6cc1979fd4effb3882921c29f77645b71d3290ed08a180,8d620a84930c85d617131d1062a01e640b667a32,b167674594bf0944f0b2afb877d2d8c8f5647c0e4e60c64ebb2a511a9f1f7729,d0ec6ff924ecc411b9a9d40786f057ec869076b98308e2ecb75da2756c308237,2,0
22300,20260724T091041024473Z_c6434d8a,runs/20260724T091041024473Z_c6434d8a/checkpoints/step_022300.pt,a3265cf4e30b0c2e12c7a552a01221b5a4e4885628ed2c04a4d7338d1de18522,ee519ca0eae61ed0ba6efb712a40200aa7134de142209e8591ee9ed89739361c,8d620a84930c85d617131d1062a01e640b667a32,b167674594bf0944f0b2afb877d2d8c8f5647c0e4e60c64ebb2a511a9f1f7729,d0ec6ff924ecc411b9a9d40786f057ec869076b98308e2ecb75da2756c308237,2,0
22400,20260724T091041024473Z_c6434d8a,runs/20260724T091041024473Z_c6434d8a/checkpoints/step_022400.pt,563e654947a2f0736abbd2d5bcd9c0df6e0410b406da7ab1e5cdbf5941e75092,1721c145b2fb7fa8875cd60abc96f9b2074883cdb85de8d18f4d5f8ce310f9a9,8d620a84930c85d617131d1062a01e640b667a32,b167674594bf0944f0b2afb877d2d8c8f5647c0e4e60c64ebb2a511a9f1f7729,d0ec6ff924ecc411b9a9d40786f057ec869076b98308e2ecb75da2756c308237,2,0
22500,20260724T091041024473Z_c6434d8a,runs/20260724T091041024473Z_c6434d8a/checkpoints/step_022500.pt,2399e471f75a8f25456c3aa3e4ddac555d243b97ee6f401e6d9c756102931804,62943a1d23e62bb11e9c89e32c2435772c7381e39d120eedd183e7b8f53d9d23,8d620a84930c85d617131d1062a01e640b667a32,b167674594bf0944f0b2afb877d2d8c8f5647c0e4e60c64ebb2a511a9f1f7729,d0ec6ff924ecc411b9a9d40786f057ec869076b98308e2ecb75da2756c308237,2,0
22600,20260724T091041024473Z_c6434d8a,runs/20260724T091041024473Z_c6434d8a/checkpoints/step_022600.pt,4ba73db17ecf655c5f1bbfe9e37a7a0a5c50bdda740de344c0ef276239fc5ac9,95656914aecd1608fd89c96d9309c7030049249003564deaef6502e7a910c685,8d620a84930c85d617131d1062a01e640b667a32,b167674594bf0944f0b2afb877d2d8c8f5647c0e4e60c64ebb2a511a9f1f7729,d0ec6ff924ecc411b9a9d40786f057ec869076b98308e2ecb75da2756c308237,2,0
22700,20260724T091041024473Z_c6434d8a,runs/20260724T091041024473Z_c6434d8a/checkpoints/step_022700.pt,6d23b55f4a79d28c81cbad38d56014b9ced0e51cbba6322a67e4a1836598a931,4d84a90d6792308da1e48aaa6732aecd85a27c03832587f0573f754c7a952e73,8d620a84930c85d617131d1062a01e640b667a32,b167674594bf0944f0b2afb877d2d8c8f5647c0e4e60c64ebb2a511a9f1f7729,d0ec6ff924ecc411b9a9d40786f057ec869076b98308e2ecb75da2756c308237,2,0
22800,20260724T091041024473Z_c6434d8a,runs/20260724T091041024473Z_c6434d8a/checkpoints/step_022800.pt,2973c7447c394fc86170b6613f0b3c31d23ec7f2f4d87a16ac0e14a057f8b8d4,9711af8cf026d07f6869a2ac2b06f63d6093e35d6e3fd3746580f4dcfa2861b9,8d620a84930c85d617131d1062a01e640b667a32,b167674594bf0944f0b2afb877d2d8c8f5647c0e4e60c64ebb2a511a9f1f7729,d0ec6ff924ecc411b9a9d40786f057ec869076b98308e2ecb75da2756c308237,2,0
22900,20260724T091041024473Z_c6434d8a,runs/20260724T091041024473Z_c6434d8a/checkpoints/step_022900.pt,429584b83f4042f1a23dbd736b0bb67a34ab93da3f63e9e9d0314dd996e14192,73e2ab1daf4b9751fb0ae4ab25b9859bd43729debe4c98c0b3dc9b0a6c751ca4,8d620a84930c85d617131d1062a01e640b667a32,b167674594bf0944f0b2afb877d2d8c8f5647c0e4e60c64ebb2a511a9f1f7729,d0ec6ff924ecc411b9a9d40786f057ec869076b98308e2ecb75da2756c308237,2,0
23000,20260724T091041024473Z_c6434d8a,runs/20260724T091041024473Z_c6434d8a/checkpoints/step_023000.pt,627be98fad7909bc63e77e896509a1304a2bd1e2242dbe13110b2d75e1b53c3a,2315122e3071644e67a865d140e7010b454faf7aa8b3481cf5a0c0eb03b3d53b,8d620a84930c85d617131d1062a01e640b667a32,b167674594bf0944f0b2afb877d2d8c8f5647c0e4e60c64ebb2a511a9f1f7729,d0ec6ff924ecc411b9a9d40786f057ec869076b98308e2ecb75da2756c308237,2,0
23100,20260724T091041024473Z_c6434d8a,runs/20260724T091041024473Z_c6434d8a/checkpoints/step_023100.pt,5672ca3a0c96bd0ce59aba7a50e8f9716e90fdc69d0458622e321095d83a6547,f57dfa560c9e488e0d4f2574a497624159a39b46e969000329e221097bc88187,8d620a84930c85d617131d1062a01e640b667a32,b167674594bf0944f0b2afb877d2d8c8f5647c0e4e60c64ebb2a511a9f1f7729,d0ec6ff924ecc411b9a9d40786f057ec869076b98308e2ecb75da2756c308237,2,0
23200,20260724T091041024473Z_c6434d8a,runs/20260724T091041024473Z_c6434d8a/checkpoints/step_023200.pt,f8cc7afb3a17bcc211ddbeaa255d601951344b24ee9a08ffaa4f1f4191b75c53,1a88fcc4162fdc614d6823ef01eb10d9a0101d92268ab130cf0e4376063ac81d,8d620a84930c85d617131d1062a01e640b667a32,b167674594bf0944f0b2afb877d2d8c8f5647c0e4e60c64ebb2a511a9f1f7729,d0ec6ff924ecc411b9a9d40786f057ec869076b98308e2ecb75da2756c308237,2,0
23300,20260724T091041024473Z_c6434d8a,runs/20260724T091041024473Z_c6434d8a/checkpoints/step_023300.pt,b823c600219cf4e8ec982b1d8860dfbd5aa444bef389d2e05b33a08beac4a7c3,7a88fb5e3ad5c17535aa2966c99ae2dcaab09f2c571f85380f7332d595d3658a,8d620a84930c85d617131d1062a01e640b667a32,b167674594bf0944f0b2afb877d2d8c8f5647c0e4e60c64ebb2a511a9f1f7729,d0ec6ff924ecc411b9a9d40786f057ec869076b98308e2ecb75da2756c308237,2,0
23400,20260724T091041024473Z_c6434d8a,runs/20260724T091041024473Z_c6434d8a/checkpoints/step_023400.pt,65bc87ead22736e11099f47230373103236d5d3a6f627a5485c14bc69aa3ce5f,ce1d641b3c2a4bf43a71b1000007e6c88a99e4d3e5fa25c8742637b12c8af7c3,8d620a84930c85d617131d1062a01e640b667a32,b167674594bf0944f0b2afb877d2d8c8f5647c0e4e60c64ebb2a511a9f1f7729,d0ec6ff924ecc411b9a9d40786f057ec869076b98308e2ecb75da2756c308237,2,0
23500,20260724T091041024473Z_c6434d8a,runs/20260724T091041024473Z_c6434d8a/checkpoints/step_023500.pt,aaf2878cd1effce059857d90203b947ba21793f91aa7f7ca2c508b4c36a1ed37,ee9f1bdc7b9072db97e2338d79b47e7206623350c0169fb2e2309dd660c82faa,8d620a84930c85d617131d1062a01e640b667a32,b167674594bf0944f0b2afb877d2d8c8f5647c0e4e60c64ebb2a511a9f1f7729,d0ec6ff924ecc411b9a9d40786f057ec869076b98308e2ecb75da2756c308237,2,0
23600,20260724T091041024473Z_c6434d8a,runs/20260724T091041024473Z_c6434d8a/checkpoints/step_023600.pt,0b6666e854aac4116f32a5203dc0b0035d9085783ebe677a1c8421b93a003953,7b2961e83b2c1dd66b4874fa4191109d9fac5784ea67d1b228d784e382ce8fba,8d620a84930c85d617131d1062a01e640b667a32,b167674594bf0944f0b2afb877d2d8c8f5647c0e4e60c64ebb2a511a9f1f7729,d0ec6ff924ecc411b9a9d40786f057ec869076b98308e2ecb75da2756c308237,2,0
23700,20260724T091041024473Z_c6434d8a,runs/20260724T091041024473Z_c6434d8a/checkpoints/step_023700.pt,b527e45895250f81565b386e93b6a6cb1f099ec5ee7c7f4710a196f7bb7f2339,70a9e3865e0662fa639b9bbfb27b207d1e29232391269d51fc619ed936027e08,8d620a84930c85d617131d1062a01e640b667a32,b167674594bf0944f0b2afb877d2d8c8f5647c0e4e60c64ebb2a511a9f1f7729,d0ec6ff924ecc411b9a9d40786f057ec869076b98308e2ecb75da2756c308237,2,0
23800,20260724T091041024473Z_c6434d8a,runs/20260724T091041024473Z_c6434d8a/checkpoints/step_023800.pt,8df0faa50aa7cbafbd7ca4719f82c4139ba4f2932856006c19a9d1c9c593d4d4,42fa9513babd48bab44212b4b41ec478cbf4cc3c9660d86c1830d03a1d2844ac,8d620a84930c85d617131d1062a01e640b667a32,b167674594bf0944f0b2afb877d2d8c8f5647c0e4e60c64ebb2a511a9f1f7729,d0ec6ff924ecc411b9a9d40786f057ec869076b98308e2ecb75da2756c308237,2,0
23900,20260724T091041024473Z_c6434d8a,runs/20260724T091041024473Z_c6434d8a/checkpoints/step_023900.pt,6cf972143c1fac5b6a6a810e87091d438805a068f8dd0eafee8b80560ecc466e,167b2e81e0bbd545b9e0ec22a094f9a2bebcfd925e98bcdc22ab79a84c9e8737,8d620a84930c85d617131d1062a01e640b667a32,b167674594bf0944f0b2afb877d2d8c8f5647c0e4e60c64ebb2a511a9f1f7729,d0ec6ff924ecc411b9a9d40786f057ec869076b98308e2ecb75da2756c308237,2,0
24000,20260724T091041024473Z_c6434d8a,runs/20260724T091041024473Z_c6434d8a/checkpoints/step_024000.pt,b771708e0c1290d1f82abf7bd2aca35b4da009dfed8ec3b3aa644b7f9923d3c2,450c3ed74f0611226b8b98b2be262402194379c5ed56bb1b006b051bf3b80f5b,8d620a84930c85d617131d1062a01e640b667a32,b167674594bf0944f0b2afb877d2d8c8f5647c0e4e60c64ebb2a511a9f1f7729,d0ec6ff924ecc411b9a9d40786f057ec869076b98308e2ecb75da2756c308237,2,0
24100,20260724T091041024473Z_c6434d8a,runs/20260724T091041024473Z_c6434d8a/checkpoints/step_024100.pt,390ccd7830e5443dfa09a74c39c4a428447fb165135f9573f127ed9cbb6e176b,3afd11c859f07338a4ee1f1769e89b952905b7e56e6892197f615210aae16fed,8d620a84930c85d617131d1062a01e640b667a32,b167674594bf0944f0b2afb877d2d8c8f5647c0e4e60c64ebb2a511a9f1f7729,d0ec6ff924ecc411b9a9d40786f057ec869076b98308e2ecb75da2756c308237,2,0
24200,20260724T091041024473Z_c6434d8a,runs/20260724T091041024473Z_c6434d8a/checkpoints/step_024200.pt,964d6887d5226b55939f07da5aeb3541570d379041f8bbcc3969ac731f6b4586,40e532e357327bcc6ac7773cd06f7aa8789a114053138b170247cc4219d13959,8d620a84930c85d617131d1062a01e640b667a32,b167674594bf0944f0b2afb877d2d8c8f5647c0e4e60c64ebb2a511a9f1f7729,d0ec6ff924ecc411b9a9d40786f057ec869076b98308e2ecb75da2756c308237,2,0
24300,20260724T091041024473Z_c6434d8a,runs/20260724T091041024473Z_c6434d8a/checkpoints/step_024300.pt,35c6fca58bfd981bd7433446bb2e72d4a2b9a6a940d108b1b6dc83ae02cad40c,1a763acde01e253ab65e547117c98e99e3b6b64c5206b113f8b27c4713548e86,8d620a84930c85d617131d1062a01e640b667a32,b167674594bf0944f0b2afb877d2d8c8f5647c0e4e60c64ebb2a511a9f1f7729,d0ec6ff924ecc411b9a9d40786f057ec869076b98308e2ecb75da2756c308237,2,0
24400,20260724T091041024473Z_c6434d8a,runs/20260724T091041024473Z_c6434d8a/checkpoints/step_024400.pt,0731259ea4976500379cdebba2506a687ad1b8a80467e8658850c412946665bf,ad15c1689ff1ad83acfe54ed777695d058419ac80c9d757c7f26b8043f5dbc25,8d620a84930c85d617131d1062a01e640b667a32,b167674594bf0944f0b2afb877d2d8c8f5647c0e4e60c64ebb2a511a9f1f7729,d0ec6ff924ecc411b9a9d40786f057ec869076b98308e2ecb75da2756c308237,2,0
24500,20260724T091041024473Z_c6434d8a,runs/20260724T091041024473Z_c6434d8a/checkpoints/step_024500.pt,60e7baa9a4301dce76a750ed04a8a356013524c56c5cf53a6850289c0073d083,293ba17eb08de771a62d5551887d761726f5e33010b9d6e9760789a9eec91f25,8d620a84930c85d617131d1062a01e640b667a32,b167674594bf0944f0b2afb877d2d8c8f5647c0e4e60c64ebb2a511a9f1f7729,d0ec6ff924ecc411b9a9d40786f057ec869076b98308e2ecb75da2756c308237,2,0
24600,20260724T091041024473Z_c6434d8a,runs/20260724T091041024473Z_c6434d8a/checkpoints/step_024600.pt,280b223d88e8bfb2c94eb54d58e07b80162933dd4c383182499c1c3c93b2f97d,6fffee396543713a6c980fdbf8b3e7d4f461909093fba1e6d9962f3a04648da1,8d620a84930c85d617131d1062a01e640b667a32,b167674594bf0944f0b2afb877d2d8c8f5647c0e4e60c64ebb2a511a9f1f7729,d0ec6ff924ecc411b9a9d40786f057ec869076b98308e2ecb75da2756c308237,2,0
24700,20260724T091041024473Z_c6434d8a,runs/20260724T091041024473Z_c6434d8a/checkpoints/step_024700.pt,0323dc5e8b422d293613fb95dcabfe96f09fd6ef1247b9e2b7a1afbcd3a524c2,cf74385f2885b564bf3273acc5cfc27da6fba817479dd7887c517dd52898e613,8d620a84930c85d617131d1062a01e640b667a32,b167674594bf0944f0b2afb877d2d8c8f5647c0e4e60c64ebb2a511a9f1f7729,d0ec6ff924ecc411b9a9d40786f057ec869076b98308e2ecb75da2756c308237,2,0
24800,20260724T091041024473Z_c6434d8a,runs/20260724T091041024473Z_c6434d8a/checkpoints/step_024800.pt,e68c21a5e2093f4595a8a38ff073bb3c214a50068d433af65a3dccb6896057c0,f0bb0391bc04874427cdd2a8eb389dab72599901b91e49d2761c66848dabcb51,8d620a84930c85d617131d1062a01e640b667a32,b167674594bf0944f0b2afb877d2d8c8f5647c0e4e60c64ebb2a511a9f1f7729,d0ec6ff924ecc411b9a9d40786f057ec869076b98308e2ecb75da2756c308237,2,0
24900,20260724T091041024473Z_c6434d8a,runs/20260724T091041024473Z_c6434d8a/checkpoints/step_024900.pt,7ff21adad4f6cee593b6f13273774c18eacf1d352713654a1998c7ce752adb7e,7e47084696cfb71d9f6e4328022eef1845faf57dc564e64be8fd415eff6f78d9,8d620a84930c85d617131d1062a01e640b667a32,b167674594bf0944f0b2afb877d2d8c8f5647c0e4e60c64ebb2a511a9f1f7729,d0ec6ff924ecc411b9a9d40786f057ec869076b98308e2ecb75da2756c308237,2,0
25000,20260724T091041024473Z_c6434d8a,runs/20260724T091041024473Z_c6434d8a/checkpoints/step_025000.pt,efa2f60796bf6061270a0aa8236af32c68c34c4b5568d119bdfdc606886c1d4d,71af75d8ee634d2230fa13745641e8b5c99a64be1cd08de7fb447cf8f0ed8e60,8d620a84930c85d617131d1062a01e640b667a32,b167674594bf0944f0b2afb877d2d8c8f5647c0e4e60c64ebb2a511a9f1f7729,d0ec6ff924ecc411b9a9d40786f057ec869076b98308e2ecb75da2756c308237,2,0
25100,20260724T091041024473Z_c6434d8a,runs/20260724T091041024473Z_c6434d8a/checkpoints/step_025100.pt,ac8eeb06e4cbf5b0352e9db299b6307e835db2d077fec278695be9dfd24935da,e175a4c460159b3140e334d83e5f3c3c80e162ee5d51b9d797114e0ca9d596f6,8d620a84930c85d617131d1062a01e640b667a32,b167674594bf0944f0b2afb877d2d8c8f5647c0e4e60c64ebb2a511a9f1f7729,d0ec6ff924ecc411b9a9d40786f057ec869076b98308e2ecb75da2756c308237,2,0
25200,20260724T091041024473Z_c6434d8a,runs/20260724T091041024473Z_c6434d8a/checkpoints/step_025200.pt,4084536935eecbb2fa2f017e5791b24291eab6e6bb72934b32d2de78eba0793f,ba52267d09097d293f1c1434cc32eba6d53e40c8aaed5f0c72746dc27fb53367,8d620a84930c85d617131d1062a01e640b667a32,b167674594bf0944f0b2afb877d2d8c8f5647c0e4e60c64ebb2a511a9f1f7729,d0ec6ff924ecc411b9a9d40786f057ec869076b98308e2ecb75da2756c308237,2,0
25300,20260724T091041024473Z_c6434d8a,runs/20260724T091041024473Z_c6434d8a/checkpoints/step_025300.pt,878d7552d771a8f5525fc1d5e253a700ae76789b58cb83d461be977dcb2c1a9b,6fc1116afaf1573888888619693f7ae6669fbc4b89e59cac4096582eae29fb9e,8d620a84930c85d617131d1062a01e640b667a32,b167674594bf0944f0b2afb877d2d8c8f5647c0e4e60c64ebb2a511a9f1f7729,d0ec6ff924ecc411b9a9d40786f057ec869076b98308e2ecb75da2756c308237,2,0
25400,20260724T091041024473Z_c6434d8a,runs/20260724T091041024473Z_c6434d8a/checkpoints/step_025400.pt,93ee2fe158bc01b2d4365fa34f65f2ee3a11a0dae00378f4ed8bafa488946129,bf0fdc55c9920296fc2e78efa0b713452a07ec5d68b0b1603dceaff0015d44f6,8d620a84930c85d617131d1062a01e640b667a32,b167674594bf0944f0b2afb877d2d8c8f5647c0e4e60c64ebb2a511a9f1f7729,d0ec6ff924ecc411b9a9d40786f057ec869076b98308e2ecb75da2756c308237,2,0
25500,20260724T091041024473Z_c6434d8a,runs/20260724T091041024473Z_c6434d8a/checkpoints/step_025500.pt,80adf6b0b23fca4151b193e2ad93a53a2b968a20260cfcef1207ba5ca2977cb7,2b31ac82cc7e56d6647cffd782ee2fdbf2fcf50062acabb4d33af1558dc125dd,8d620a84930c85d617131d1062a01e640b667a32,b167674594bf0944f0b2afb877d2d8c8f5647c0e4e60c64ebb2a511a9f1f7729,d0ec6ff924ecc411b9a9d40786f057ec869076b98308e2ecb75da2756c308237,2,0
25600,20260724T091041024473Z_c6434d8a,runs/20260724T091041024473Z_c6434d8a/checkpoints/step_025600.pt,9e05f87f4691e95983ad2e32e37f6595fa3ff50a75f0dfa77807d843452b092e,c33d37521574c1c435b359ea7dd4ed8501ff1ba44dc475391454377c34afdcfc,8d620a84930c85d617131d1062a01e640b667a32,b167674594bf0944f0b2afb877d2d8c8f5647c0e4e60c64ebb2a511a9f1f7729,d0ec6ff924ecc411b9a9d40786f057ec869076b98308e2ecb75da2756c308237,2,0
25700,20260724T091041024473Z_c6434d8a,runs/20260724T091041024473Z_c6434d8a/checkpoints/step_025700.pt,662b2a4e9633adde1009704de3af5ff0a55490b1c12234883f25a7ff9bb12cf1,60c6bffaed6e47d51f83297935d8e00f90460ed3b586a0cf36b946fef2c8d137,8d620a84930c85d617131d1062a01e640b667a32,b167674594bf0944f0b2afb877d2d8c8f5647c0e4e60c64ebb2a511a9f1f7729,d0ec6ff924ecc411b9a9d40786f057ec869076b98308e2ecb75da2756c308237,2,0
25800,20260724T091041024473Z_c6434d8a,runs/20260724T091041024473Z_c6434d8a/checkpoints/step_025800.pt,5ee720171be6df8814efdfdfabcc5fcd8ea29c2f4d4bf6c046dbe933fb3b165c,ba3ce0eb2cedb8175f225623e053558b4968cbe788757c35d6a317e036fce2d8,8d620a84930c85d617131d1062a01e640b667a32,b167674594bf0944f0b2afb877d2d8c8f5647c0e4e60c64ebb2a511a9f1f7729,d0ec6ff924ecc411b9a9d40786f057ec869076b98308e2ecb75da2756c308237,2,0
25900,20260724T091041024473Z_c6434d8a,runs/20260724T091041024473Z_c6434d8a/checkpoints/step_025900.pt,1813c9c1b90abe630c9e10cd7eda7f9648e628fc62ed3898128fb4f48f63fffc,fec7cd72d7d1d78ef05320d6ca0553ae6055775b5cac10b63e722145c6100da0,8d620a84930c85d617131d1062a01e640b667a32,b167674594bf0944f0b2afb877d2d8c8f5647c0e4e60c64ebb2a511a9f1f7729,d0ec6ff924ecc411b9a9d40786f057ec869076b98308e2ecb75da2756c308237,2,0
26000,20260724T091041024473Z_c6434d8a,runs/20260724T091041024473Z_c6434d8a/checkpoints/step_026000.pt,4e2209d28491cd3a5400700603565f3b1bf9a8b1550002c75ff95e2f1e8fa571,2b2888e06c6dc9005fdf69f168d15db3ba5a0871489b1a3a517e9c69c5117a50,8d620a84930c85d617131d1062a01e640b667a32,b167674594bf0944f0b2afb877d2d8c8f5647c0e4e60c64ebb2a511a9f1f7729,d0ec6ff924ecc411b9a9d40786f057ec869076b98308e2ecb75da2756c308237,2,0
26100,20260724T091041024473Z_c6434d8a,runs/20260724T091041024473Z_c6434d8a/checkpoints/step_026100.pt,71dab931a8a510e42a719c80c729f9dc7dc326b62b4dd277cbe28a0aa2eb33de,aa026f1834ffc00b2368000f8a3e2b91ac0cde8567f6bc4eedbebb485b71c0b1,8d620a84930c85d617131d1062a01e640b667a32,b167674594bf0944f0b2afb877d2d8c8f5647c0e4e60c64ebb2a511a9f1f7729,d0ec6ff924ecc411b9a9d40786f057ec869076b98308e2ecb75da2756c308237,2,0
26200,20260724T091041024473Z_c6434d8a,runs/20260724T091041024473Z_c6434d8a/checkpoints/step_026200.pt,cd6f8d4f931d41244d1f29140998daac36332584284b27807260b0d0ff983c45,4bfa2e1593f7c771daba4aa9c7498c5c11966a2358aa5370026a8e6329731cdd,8d620a84930c85d617131d1062a01e640b667a32,b167674594bf0944f0b2afb877d2d8c8f5647c0e4e60c64ebb2a511a9f1f7729,d0ec6ff924ecc411b9a9d40786f057ec869076b98308e2ecb75da2756c308237,2,0
26300,20260724T091041024473Z_c6434d8a,runs/20260724T091041024473Z_c6434d8a/checkpoints/step_026300.pt,fe52caca360a0eece0e5e5c276084e76c65e353e47b2e96a7d792d89b5ec3ccf,e25a6a1344b33f54122317ea766d50a0114f07eb273304153687b0f989f958bf,8d620a84930c85d617131d1062a01e640b667a32,b167674594bf0944f0b2afb877d2d8c8f5647c0e4e60c64ebb2a511a9f1f7729,d0ec6ff924ecc411b9a9d40786f057ec869076b98308e2ecb75da2756c308237,2,0
26400,20260724T091041024473Z_c6434d8a,runs/20260724T091041024473Z_c6434d8a/checkpoints/step_026400.pt,bb79e7307c3bb1e094f05c3fe00c8d37791ccf52edbd6f76aaf71a91185303e1,3f2f56f0d819b51b268f74ab7867aa9d05a0ef06bb86307751056baa1c92cfc3,8d620a84930c85d617131d1062a01e640b667a32,b167674594bf0944f0b2afb877d2d8c8f5647c0e4e60c64ebb2a511a9f1f7729,d0ec6ff924ecc411b9a9d40786f057ec869076b98308e2ecb75da2756c308237,2,0
26500,20260724T091041024473Z_c6434d8a,runs/20260724T091041024473Z_c6434d8a/checkpoints/step_026500.pt,c4391a6b0e41cecbbb006015b483908c8d8e6a8e4370da3ee3d54fef837f9935,55cf65010ebdee8d3f8930437718ebb50c7beac28a245660592dc576d546c361,8d620a84930c85d617131d1062a01e640b667a32,b167674594bf0944f0b2afb877d2d8c8f5647c0e4e60c64ebb2a511a9f1f7729,d0ec6ff924ecc411b9a9d40786f057ec869076b98308e2ecb75da2756c308237,2,0
26600,20260724T091041024473Z_c6434d8a,runs/20260724T091041024473Z_c6434d8a/checkpoints/step_026600.pt,a4c2b9d309d10aaa8ec201ac5d0d366f472b918b32ec6f2c69acacd4d6eed390,897fdb5e2902783cc7fd6658f61e8773b3a672481ed648054e778078b79c03db,8d620a84930c85d617131d1062a01e640b667a32,b167674594bf0944f0b2afb877d2d8c8f5647c0e4e60c64ebb2a511a9f1f7729,d0ec6ff924ecc411b9a9d40786f057ec869076b98308e2ecb75da2756c308237,2,0
26700,20260724T091041024473Z_c6434d8a,runs/20260724T091041024473Z_c6434d8a/checkpoints/step_026700.pt,2a692913cba91431cf3851001a9d9d2080537dd163a62237837fcef00bca34c6,ae1925c5c9f7aa0533543130d3b6aaa6209cfdbf4c64ec7d5e98be221f6aa1c1,8d620a84930c85d617131d1062a01e640b667a32,b167674594bf0944f0b2afb877d2d8c8f5647c0e4e60c64ebb2a511a9f1f7729,d0ec6ff924ecc411b9a9d40786f057ec869076b98308e2ecb75da2756c308237,2,0
26800,20260724T091041024473Z_c6434d8a,runs/20260724T091041024473Z_c6434d8a/checkpoints/step_026800.pt,594379dba2055f5c4be281f620b775e3e805e1ac70ba7a99ff65c64980d10c60,642e0e2a73fbf461b319e19062ce9520c7ee6f697f23a7b885731928d5b32345,8d620a84930c85d617131d1062a01e640b667a32,b167674594bf0944f0b2afb877d2d8c8f5647c0e4e60c64ebb2a511a9f1f7729,d0ec6ff924ecc411b9a9d40786f057ec869076b98308e2ecb75da2756c308237,2,0
26900,20260724T091041024473Z_c6434d8a,runs/20260724T091041024473Z_c6434d8a/checkpoints/step_026900.pt,950cbd961fe77449457431407efdc5f927e10366b34e22d24d132f2326a25bdd,c9d3f1e279327bfcc10ec6d2b0c69ff985771f4100d16440a2eee38f45ce870d,8d620a84930c85d617131d1062a01e640b667a32,b167674594bf0944f0b2afb877d2d8c8f5647c0e4e60c64ebb2a511a9f1f7729,d0ec6ff924ecc411b9a9d40786f057ec869076b98308e2ecb75da2756c308237,2,0
27000,20260724T091041024473Z_c6434d8a,runs/20260724T091041024473Z_c6434d8a/checkpoints/step_027000.pt,aaa109ebfbb4bc9985f8763809ed0c1b0364f5a560267036da9f760c272cf31c,ddedff0e85f7e4492ac40adefb0e393e3516b450d2e8d747aacb4961455b3c9d,8d620a84930c85d617131d1062a01e640b667a32,b167674594bf0944f0b2afb877d2d8c8f5647c0e4e60c64ebb2a511a9f1f7729,d0ec6ff924ecc411b9a9d40786f057ec869076b98308e2ecb75da2756c308237,2,0
27100,20260724T091041024473Z_c6434d8a,runs/20260724T091041024473Z_c6434d8a/checkpoints/step_027100.pt,8d9af72a706d12559c3776d3fa58213bd1650ede8c182cee0a46e011367738fd,0a24b59daa719ff99af30108528c525eef8aa4ade192538fe63fe75a540c14e3,8d620a84930c85d617131d1062a01e640b667a32,b167674594bf0944f0b2afb877d2d8c8f5647c0e4e60c64ebb2a511a9f1f7729,d0ec6ff924ecc411b9a9d40786f057ec869076b98308e2ecb75da2756c308237,2,0
27200,20260724T091041024473Z_c6434d8a,runs/20260724T091041024473Z_c6434d8a/checkpoints/step_027200.pt,559dd904f6a4f52be3c2576b4caabc58a7d5be3fcd9f653fe6ac90c8616d6d94,f8524d500dd1fd32c6cdc3f98978c29dacd14627efbd8037365caa480ed81979,8d620a84930c85d617131d1062a01e640b667a32,b167674594bf0944f0b2afb877d2d8c8f5647c0e4e60c64ebb2a511a9f1f7729,d0ec6ff924ecc411b9a9d40786f057ec869076b98308e2ecb75da2756c308237,2,0
27300,20260724T091041024473Z_c6434d8a,runs/20260724T091041024473Z_c6434d8a/checkpoints/step_027300.pt,8c6056cb942c3b9a0521863b9825e143f64a2af798cd73aa750c7d0fea4f7758,3d730aca7bc06701856ddad04e7fbb943740a3463cd550323b2b639384fcaa72,8d620a84930c85d617131d1062a01e640b667a32,b167674594bf0944f0b2afb877d2d8c8f5647c0e4e60c64ebb2a511a9f1f7729,d0ec6ff924ecc411b9a9d40786f057ec869076b98308e2ecb75da2756c308237,2,0
27400,20260724T091041024473Z_c6434d8a,runs/20260724T091041024473Z_c6434d8a/checkpoints/step_027400.pt,ee0604c060e9ac855eae78f195dba3399aa0d753a587c058ba3abac9327cc387,fc456f5a6e8c9184cd09e9a6f15df600a278fb436d93c77a54dbdc75cf9df656,8d620a84930c85d617131d1062a01e640b667a32,b167674594bf0944f0b2afb877d2d8c8f5647c0e4e60c64ebb2a511a9f1f7729,d0ec6ff924ecc411b9a9d40786f057ec869076b98308e2ecb75da2756c308237,2,0
27500,20260724T091041024473Z_c6434d8a,runs/20260724T091041024473Z_c6434d8a/checkpoints/step_027500.pt,33fa4f6bf9c6a7fa59e4c984df30d5be628a358d12a40936137fd4e01a810f94,ffe1df81e80bcabce21fab53004a91d9cb381d0d240e047d90ed9b573a8a3af5,8d620a84930c85d617131d1062a01e640b667a32,b167674594bf0944f0b2afb877d2d8c8f5647c0e4e60c64ebb2a511a9f1f7729,d0ec6ff924ecc411b9a9d40786f057ec869076b98308e2ecb75da2756c308237,2,0
27600,20260724T091041024473Z_c6434d8a,runs/20260724T091041024473Z_c6434d8a/checkpoints/step_027600.pt,c9619f5c38b2649bcee897dcc38a4f0cba38b5b28da8d257758c3076e160adfb,d8d6ac23e4c095bf632aca8104033e78c68aab3622fd38fe46839995a4099824,8d620a84930c85d617131d1062a01e640b667a32,b167674594bf0944f0b2afb877d2d8c8f5647c0e4e60c64ebb2a511a9f1f7729,d0ec6ff924ecc411b9a9d40786f057ec869076b98308e2ecb75da2756c308237,2,0
27700,20260724T091041024473Z_c6434d8a,runs/20260724T091041024473Z_c6434d8a/checkpoints/step_027700.pt,38d82873c01639d2a5b890ad65f65015daabc512ff58c3acd5264982e3b9d75c,262a23c27eccf63e0c39963de516280dd2861e4d03e9afc90c25c14917e91198,8d620a84930c85d617131d1062a01e640b667a32,b167674594bf0944f0b2afb877d2d8c8f5647c0e4e60c64ebb2a511a9f1f7729,d0ec6ff924ecc411b9a9d40786f057ec869076b98308e2ecb75da2756c308237,2,0
27800,20260724T091041024473Z_c6434d8a,runs/20260724T091041024473Z_c6434d8a/checkpoints/step_027800.pt,79ac6e29b387a3826f1e4b40e27357421dc63e389cca99cc4af81c8e05439db0,22b714f06ecfac65960948292e3db160d4dfd7f435a2c1911f5f93b822452254,8d620a84930c85d617131d1062a01e640b667a32,b167674594bf0944f0b2afb877d2d8c8f5647c0e4e60c64ebb2a511a9f1f7729,d0ec6ff924ecc411b9a9d40786f057ec869076b98308e2ecb75da2756c308237,2,0
27900,20260724T091041024473Z_c6434d8a,runs/20260724T091041024473Z_c6434d8a/checkpoints/step_027900.pt,a21c180ec279dc230bc37049e96c75a00bc89c3093debb2fa637ee0603545ea7,565c9c6ae201f4e258522eafbcd2c5ae3b8562a9a94c1f7e876d0094f20ebbe0,8d620a84930c85d617131d1062a01e640b667a32,b167674594bf0944f0b2afb877d2d8c8f5647c0e4e60c64ebb2a511a9f1f7729,d0ec6ff924ecc411b9a9d40786f057ec869076b98308e2ecb75da2756c308237,2,0
28000,20260724T091041024473Z_c6434d8a,runs/20260724T091041024473Z_c6434d8a/checkpoints/step_028000.pt,0002783b57675a181f44491fb60c8d45a2c9f7e0443db75e4679a1d617d431fb,fd24900f28efa37727bbec94138783ca635a1b3f550a0d856a16de24b753b566,8d620a84930c85d617131d1062a01e640b667a32,b167674594bf0944f0b2afb877d2d8c8f5647c0e4e60c64ebb2a511a9f1f7729,d0ec6ff924ecc411b9a9d40786f057ec869076b98308e2ecb75da2756c308237,2,0
28100,20260724T091041024473Z_c6434d8a,runs/20260724T091041024473Z_c6434d8a/checkpoints/step_028100.pt,049bcbe3fbf152a0ccf913dfd3fdd9712cf78128c51db0c4144cfcb075d7123c,26903b82e1003b4cf205a4c2b5603f42b42c5233e09a0525a279fd071a8a9345,8d620a84930c85d617131d1062a01e640b667a32,b167674594bf0944f0b2afb877d2d8c8f5647c0e4e60c64ebb2a511a9f1f7729,d0ec6ff924ecc411b9a9d40786f057ec869076b98308e2ecb75da2756c308237,2,0
28200,20260724T091041024473Z_c6434d8a,runs/20260724T091041024473Z_c6434d8a/checkpoints/step_028200.pt,8dc8797bd6488792da0e5cc8f30649cf2732c0c379864646b92837b5d82d3a0c,afc489a2ab55fd5ef0f2dd4a1b504d7ed3adeb7a8ff1302e58a6e3af92e7e829,8d620a84930c85d617131d1062a01e640b667a32,b167674594bf0944f0b2afb877d2d8c8f5647c0e4e60c64ebb2a511a9f1f7729,d0ec6ff924ecc411b9a9d40786f057ec869076b98308e2ecb75da2756c308237,2,0
28300,20260724T091041024473Z_c6434d8a,runs/20260724T091041024473Z_c6434d8a/checkpoints/step_028300.pt,d85f09b7d425d09132668aabc759a6446964fd38784488054d6519c14cc58b61,96144e758da720f0ca5c3548e2a34499a52fa0cfbbd2ac1c48848fd00ae78a98,8d620a84930c85d617131d1062a01e640b667a32,b167674594bf0944f0b2afb877d2d8c8f5647c0e4e60c64ebb2a511a9f1f7729,d0ec6ff924ecc411b9a9d40786f057ec869076b98308e2ecb75da2756c308237,2,0
28400,20260724T091041024473Z_c6434d8a,runs/20260724T091041024473Z_c6434d8a/checkpoints/step_028400.pt,a93ec8184df1a4d8801ac97ba025cc3f90c9fe91d43c9932fc3430a8d5b6aefb,192db9c3f7242513979c5e084d38eb8bb2b4b9d6b751e62ad9cdaa62eb6b86a2,8d620a84930c85d617131d1062a01e640b667a32,b167674594bf0944f0b2afb877d2d8c8f5647c0e4e60c64ebb2a511a9f1f7729,d0ec6ff924ecc411b9a9d40786f057ec869076b98308e2ecb75da2756c308237,2,0
28500,20260724T091041024473Z_c6434d8a,runs/20260724T091041024473Z_c6434d8a/checkpoints/step_028500.pt,9f53083a48b73fbf75540ea328c062ccb70d5afb17e02e564fdac65f76cd1c0c,d815092a0de7e882f613515d7f2902369565170a82fc76be2e0d90f5cfd3a439,8d620a84930c85d617131d1062a01e640b667a32,b167674594bf0944f0b2afb877d2d8c8f5647c0e4e60c64ebb2a511a9f1f7729,d0ec6ff924ecc411b9a9d40786f057ec869076b98308e2ecb75da2756c308237,2,0
28600,20260724T091041024473Z_c6434d8a,runs/20260724T091041024473Z_c6434d8a/checkpoints/step_028600.pt,919e6f64a40c5171b0b748fafc1b0821e04a9d9e7aaafd8ac5348dbf752893dd,113636e3f5aed047bb1e6397c1824454493d382d20cdda163c84eb7d7a38a5f2,8d620a84930c85d617131d1062a01e640b667a32,b167674594bf0944f0b2afb877d2d8c8f5647c0e4e60c64ebb2a511a9f1f7729,d0ec6ff924ecc411b9a9d40786f057ec869076b98308e2ecb75da2756c308237,2,0
28700,20260724T091041024473Z_c6434d8a,runs/20260724T091041024473Z_c6434d8a/checkpoints/step_028700.pt,62239053986c10714eafc26ae72cfb8d8669da5df56445ecbf26f25dffcc6682,afae3ed1d251253100e708fb03d7f5f47ba60f5b7016446afabb1ed6887080f0,8d620a84930c85d617131d1062a01e640b667a32,b167674594bf0944f0b2afb877d2d8c8f5647c0e4e60c64ebb2a511a9f1f7729,d0ec6ff924ecc411b9a9d40786f057ec869076b98308e2ecb75da2756c308237,2,0
28800,20260724T091041024473Z_c6434d8a,runs/20260724T091041024473Z_c6434d8a/checkpoints/step_028800.pt,09582d5284419bc5d58cf94fab3f418db41543f345cc95571a9e6e81a31071a3,90525cf46586d3a479a2c711ffae5a4da9c566b1d6c730a682159ff906283064,8d620a84930c85d617131d1062a01e640b667a32,b167674594bf0944f0b2afb877d2d8c8f5647c0e4e60c64ebb2a511a9f1f7729,d0ec6ff924ecc411b9a9d40786f057ec869076b98308e2ecb75da2756c308237,2,0
28900,20260724T091041024473Z_c6434d8a,runs/20260724T091041024473Z_c6434d8a/checkpoints/step_028900.pt,37a8ac59246fbdd29c4ee532dd01e879e9dd11aaf81d8d4067f69a871d0bd2c9,79227e4e24dca4524aaf485b2fab4f397b43ca2bd88ef21c7bca10e0145c7096,8d620a84930c85d617131d1062a01e640b667a32,b167674594bf0944f0b2afb877d2d8c8f5647c0e4e60c64ebb2a511a9f1f7729,d0ec6ff924ecc411b9a9d40786f057ec869076b98308e2ecb75da2756c308237,2,0
29000,20260724T091041024473Z_c6434d8a,runs/20260724T091041024473Z_c6434d8a/checkpoints/step_029000.pt,30a06574db49f9993595e2317af90a99a35a0fa0f967408ac4db4ee8592d9b14,bd9b38357edcda3aaf32392f65fd0977b423f2f4bb45de206475c6349fb3330c,8d620a84930c85d617131d1062a01e640b667a32,b167674594bf0944f0b2afb877d2d8c8f5647c0e4e60c64ebb2a511a9f1f7729,d0ec6ff924ecc411b9a9d40786f057ec869076b98308e2ecb75da2756c308237,2,0
29100,20260724T091041024473Z_c6434d8a,runs/20260724T091041024473Z_c6434d8a/checkpoints/step_029100.pt,bf998f8424b5b56bad2cc99f238cbae31e1b924aa5d6b1d3f6af48d3ef0cd7ae,7359ac91cf6367e081b5772fb4aa462db29d97f395889c67faf9f9a9191be79e,8d620a84930c85d617131d1062a01e640b667a32,b167674594bf0944f0b2afb877d2d8c8f5647c0e4e60c64ebb2a511a9f1f7729,d0ec6ff924ecc411b9a9d40786f057ec869076b98308e2ecb75da2756c308237,2,0
29200,20260724T091041024473Z_c6434d8a,runs/20260724T091041024473Z_c6434d8a/checkpoints/step_029200.pt,cb791900fde5042c4292bc90e82377b13ca33011c317382ed7b6049ec0fe7d0b,426c93b2d8948acad57e7dbb74e823d30b2f459fefd63feb5072a66e62101db8,8d620a84930c85d617131d1062a01e640b667a32,b167674594bf0944f0b2afb877d2d8c8f5647c0e4e60c64ebb2a511a9f1f7729,d0ec6ff924ecc411b9a9d40786f057ec869076b98308e2ecb75da2756c308237,2,0
29300,20260724T091041024473Z_c6434d8a,runs/20260724T091041024473Z_c6434d8a/checkpoints/step_029300.pt,edbaf74dec53a871b5fc7055e27d1ae16a3fc1f5c40d4da5062bdb4254172c58,7c4c65777865f31a0ddb5c6c07f900afd36931ea013a0492f485068c19370b8e,8d620a84930c85d617131d1062a01e640b667a32,b167674594bf0944f0b2afb877d2d8c8f5647c0e4e60c64ebb2a511a9f1f7729,d0ec6ff924ecc411b9a9d40786f057ec869076b98308e2ecb75da2756c308237,2,0
29400,20260724T091041024473Z_c6434d8a,runs/20260724T091041024473Z_c6434d8a/checkpoints/step_029400.pt,57410f84737a97b13853f25e35f725a1e6a65622a6c99000f03fbf75526dcc10,f5dc4c9beaf7b20e210edc461735b0a2b0c8977433e6de33ebca0f9c769bd208,8d620a84930c85d617131d1062a01e640b667a32,b167674594bf0944f0b2afb877d2d8c8f5647c0e4e60c64ebb2a511a9f1f7729,d0ec6ff924ecc411b9a9d40786f057ec869076b98308e2ecb75da2756c308237,2,0
29500,20260724T091041024473Z_c6434d8a,runs/20260724T091041024473Z_c6434d8a/checkpoints/step_029500.pt,401affdba0d3a788ef61ed0f12ebc3293f91620e04be9b83540038724ee3011d,b1780c31e2e8920e3ff8291fa2446b76cdc2d206db78a77d5896e765cfd4029d,8d620a84930c85d617131d1062a01e640b667a32,b167674594bf0944f0b2afb877d2d8c8f5647c0e4e60c64ebb2a511a9f1f7729,d0ec6ff924ecc411b9a9d40786f057ec869076b98308e2ecb75da2756c308237,2,0
29600,20260724T091041024473Z_c6434d8a,runs/20260724T091041024473Z_c6434d8a/checkpoints/step_029600.pt,b61718df9a824cd465484eb22a6e096eba615043bf4b1e77e9355c8936c650d5,e4fcc5da6bf7f8716697057ddd753033cdc5f2edf699a80bed7956b3501ee098,8d620a84930c85d617131d1062a01e640b667a32,b167674594bf0944f0b2afb877d2d8c8f5647c0e4e60c64ebb2a511a9f1f7729,d0ec6ff924ecc411b9a9d40786f057ec869076b98308e2ecb75da2756c308237,2,0
29700,20260724T091041024473Z_c6434d8a,runs/20260724T091041024473Z_c6434d8a/checkpoints/step_029700.pt,2d70b5abed4fe494ba6e5f91b81447cac0fbe6f57d257beaf8c2a255bdc7f817,ed9dd0cda68c8c0767e205ec6ba119711429665959d4eb0c91053cc30f554f1a,8d620a84930c85d617131d1062a01e640b667a32,b167674594bf0944f0b2afb877d2d8c8f5647c0e4e60c64ebb2a511a9f1f7729,d0ec6ff924ecc411b9a9d40786f057ec869076b98308e2ecb75da2756c308237,2,0
29800,20260724T091041024473Z_c6434d8a,runs/20260724T091041024473Z_c6434d8a/checkpoints/step_029800.pt,ff7d0a6f71a4d2997e14398eee06579b98612d95caa23b005827fe0a32c647b0,7adb165fad08a52f3366e349cc37190d7b2af8daef70d457015c2ca05e8384cc,8d620a84930c85d617131d1062a01e640b667a32,b167674594bf0944f0b2afb877d2d8c8f5647c0e4e60c64ebb2a511a9f1f7729,d0ec6ff924ecc411b9a9d40786f057ec869076b98308e2ecb75da2756c308237,2,0
29900,20260724T091041024473Z_c6434d8a,runs/20260724T091041024473Z_c6434d8a/checkpoints/step_029900.pt,39399d370ee1e5511470b19bd2213ff74d11836ec5769078bbf34b7e885c9956,048b29cff6d6867de501459cdfe56d59df820b23b07fdc2b3729476acb90ceb3,8d620a84930c85d617131d1062a01e640b667a32,b167674594bf0944f0b2afb877d2d8c8f5647c0e4e60c64ebb2a511a9f1f7729,d0ec6ff924ecc411b9a9d40786f057ec869076b98308e2ecb75da2756c308237,2,0
30000,20260724T091041024473Z_c6434d8a,runs/20260724T091041024473Z_c6434d8a/checkpoints/step_030000.pt,33a361ef34a779eb7bc7008ccfe3c22c07f5f23971aaa6d258ec772c14282f3c,ddab48cfc7b1e2bdb180054b80b776e090c7f5b28c82751d0a120f6510911c21,8d620a84930c85d617131d1062a01e640b667a32,b167674594bf0944f0b2afb877d2d8c8f5647c0e4e60c64ebb2a511a9f1f7729,d0ec6ff924ecc411b9a9d40786f057ec869076b98308e2ecb75da2756c308237,2,0
30100,20260724T091041024473Z_c6434d8a,runs/20260724T091041024473Z_c6434d8a/checkpoints/step_030100.pt,a2ed566a4e16f04dd70c57874fd1bcf8452b4749d4557a2597ae75b12f9a58d3,90d0b0735147771a2c5da153c53b3114323f341064e33255f4963c793b6f8951,8d620a84930c85d617131d1062a01e640b667a32,b167674594bf0944f0b2afb877d2d8c8f5647c0e4e60c64ebb2a511a9f1f7729,d0ec6ff924ecc411b9a9d40786f057ec869076b98308e2ecb75da2756c308237,2,0
30200,20260724T091041024473Z_c6434d8a,runs/20260724T091041024473Z_c6434d8a/checkpoints/step_030200.pt,d914839f287d5ba9083ac0560cf97d9831a8e4d823dd65ca11fae4334b0615e3,e526e5fb8d07868887688a6ff30472ecb15c8471b18bb5278a9edbaed40dd10a,8d620a84930c85d617131d1062a01e640b667a32,b167674594bf0944f0b2afb877d2d8c8f5647c0e4e60c64ebb2a511a9f1f7729,d0ec6ff924ecc411b9a9d40786f057ec869076b98308e2ecb75da2756c308237,2,0
30300,20260724T091041024473Z_c6434d8a,runs/20260724T091041024473Z_c6434d8a/checkpoints/step_030300.pt,df4dcfc556e26f4da7f8bc4f1241e418a382a2bccf83f4392237950d19144f01,1761c3013356fb205f71af5debe9578a3db61cde4aab3bb63d8f158cbbd3600e,8d620a84930c85d617131d1062a01e640b667a32,b167674594bf0944f0b2afb877d2d8c8f5647c0e4e60c64ebb2a511a9f1f7729,d0ec6ff924ecc411b9a9d40786f057ec869076b98308e2ecb75da2756c308237,2,0
30400,20260724T091041024473Z_c6434d8a,runs/20260724T091041024473Z_c6434d8a/checkpoints/step_030400.pt,9cdcefe0bbca207fb8c6182e7cd01e215169e1e3773ea95c09df0662e9946597,e0ad1311a2576858a2ef47fd456258f2b042984d88a8575c2d67034ac195c97a,8d620a84930c85d617131d1062a01e640b667a32,b167674594bf0944f0b2afb877d2d8c8f5647c0e4e60c64ebb2a511a9f1f7729,d0ec6ff924ecc411b9a9d40786f057ec869076b98308e2ecb75da2756c308237,2,0
30500,20260724T091041024473Z_c6434d8a,runs/20260724T091041024473Z_c6434d8a/checkpoints/step_030500.pt,1a5667b35fe1e6db9c73fe1ceea0483df2cbff4fea44771469101e946b6a609d,0ffd375de268fe521082202b23e4f50ed8e71f5da905b17018159c4852345fb3,8d620a84930c85d617131d1062a01e640b667a32,b167674594bf0944f0b2afb877d2d8c8f5647c0e4e60c64ebb2a511a9f1f7729,d0ec6ff924ecc411b9a9d40786f057ec869076b98308e2ecb75da2756c308237,2,0
30600,20260724T091041024473Z_c6434d8a,runs/20260724T091041024473Z_c6434d8a/checkpoints/step_030600.pt,1b8dfa7a24dba6d646153458a59f36929fb4faadb564acff6b4d2787dbe3f87d,9490e328bc2af6164efa4384dd3fad30c80e6f50ad70f02d19eae6318ec72d9d,8d620a84930c85d617131d1062a01e640b667a32,b167674594bf0944f0b2afb877d2d8c8f5647c0e4e60c64ebb2a511a9f1f7729,d0ec6ff924ecc411b9a9d40786f057ec869076b98308e2ecb75da2756c308237,2,0
30700,20260724T091041024473Z_c6434d8a,runs/20260724T091041024473Z_c6434d8a/checkpoints/step_030700.pt,ee320b5dddbd0ecdfb0ef3a0cb2e8117cd4f46d205709c738816bc8f2fe29e3e,36d803598477f1ba14ed03feb7e29dd956243a3e0ec93bd7623bc0027762c168,8d620a84930c85d617131d1062a01e640b667a32,b167674594bf0944f0b2afb877d2d8c8f5647c0e4e60c64ebb2a511a9f1f7729,d0ec6ff924ecc411b9a9d40786f057ec869076b98308e2ecb75da2756c308237,2,0
30800,20260724T091041024473Z_c6434d8a,runs/20260724T091041024473Z_c6434d8a/checkpoints/step_030800.pt,b76659e76a222a5feab99b35b95719dbc14ce346aa21f24315d549e034e1c4e8,cbb00fbfa47e400f6e45b6412f1cec44eb9bff1c571b7a402b17e4178e1af991,8d620a84930c85d617131d1062a01e640b667a32,b167674594bf0944f0b2afb877d2d8c8f5647c0e4e60c64ebb2a511a9f1f7729,d0ec6ff924ecc411b9a9d40786f057ec869076b98308e2ecb75da2756c308237,2,0
30900,20260724T091041024473Z_c6434d8a,runs/20260724T091041024473Z_c6434d8a/checkpoints/step_030900.pt,b414eaabd8b06483e288061ec0d10f45355bf8220acdb631859dc2e17d86c2af,1c1f8ed4da4da0025d3f6b2001474c86d17b1c73629653a534c06bb11100c17b,8d620a84930c85d617131d1062a01e640b667a32,b167674594bf0944f0b2afb877d2d8c8f5647c0e4e60c64ebb2a511a9f1f7729,d0ec6ff924ecc411b9a9d40786f057ec869076b98308e2ecb75da2756c308237,2,0
31000,20260724T091041024473Z_c6434d8a,runs/20260724T091041024473Z_c6434d8a/checkpoints/step_031000.pt,1290ae85f1ab7183170456cd008e23982a475ec60593f462e9da32932d7dba64,9ca1a450da194c44814f44a1120b77e4eb4b5ff0c00a705135e727a587d14cc8,8d620a84930c85d617131d1062a01e640b667a32,b167674594bf0944f0b2afb877d2d8c8f5647c0e4e60c64ebb2a511a9f1f7729,d0ec6ff924ecc411b9a9d40786f057ec869076b98308e2ecb75da2756c308237,2,0
31100,20260724T091041024473Z_c6434d8a,runs/20260724T091041024473Z_c6434d8a/checkpoints/step_031100.pt,54265a77466e6bf464f7af8754083c19286bf02c41a51be819d05a59cfd239b2,fc14d01c40421a4d4a32cac37e8f991a9be57800ff7a295617c1681048e7fb7d,8d620a84930c85d617131d1062a01e640b667a32,b167674594bf0944f0b2afb877d2d8c8f5647c0e4e60c64ebb2a511a9f1f7729,d0ec6ff924ecc411b9a9d40786f057ec869076b98308e2ecb75da2756c308237,2,0
31200,20260724T091041024473Z_c6434d8a,runs/20260724T091041024473Z_c6434d8a/checkpoints/step_031200.pt,7dba4843da61255665d9588b61763bfff9205f94221374fc4b633b227d8dc460,410f2fcaab3a4d18a4aafca7d200b2fc9381ba577606cc3e9472009f3b31e2d9,8d620a84930c85d617131d1062a01e640b667a32,b167674594bf0944f0b2afb877d2d8c8f5647c0e4e60c64ebb2a511a9f1f7729,d0ec6ff924ecc411b9a9d40786f057ec869076b98308e2ecb75da2756c308237,2,0
31300,20260724T091041024473Z_c6434d8a,runs/20260724T091041024473Z_c6434d8a/checkpoints/step_031300.pt,954c23c39f025f8c8d8e67de1959fec1c5823c24e837ff82d765f30cdcf81626,2beae859ebbe37335dbdb4fd1998e17529192401117a865de91237a68f99b186,8d620a84930c85d617131d1062a01e640b667a32,b167674594bf0944f0b2afb877d2d8c8f5647c0e4e60c64ebb2a511a9f1f7729,d0ec6ff924ecc411b9a9d40786f057ec869076b98308e2ecb75da2756c308237,2,0
31400,20260724T091041024473Z_c6434d8a,runs/20260724T091041024473Z_c6434d8a/checkpoints/step_031400.pt,f20cc13d1dd4a5495139bdd959735e5efd62a09a66766d8aa141ad1fad6a2f3f,38bd3a1bf3138f13638919975d66ce06be0d8f11f1124bab6f437a5c603b83cf,8d620a84930c85d617131d1062a01e640b667a32,b167674594bf0944f0b2afb877d2d8c8f5647c0e4e60c64ebb2a511a9f1f7729,d0ec6ff924ecc411b9a9d40786f057ec869076b98308e2ecb75da2756c308237,2,0
31500,20260724T091041024473Z_c6434d8a,runs/20260724T091041024473Z_c6434d8a/checkpoints/step_031500.pt,bb2c14a96ebd376ffc2096e21198efb2065855d766a70f96a76ac606e7ee0e17,5b756c1f9ed5b71d3d52eaff80df45c9410d3eb3940edbf3ae8526337b2cc36f,8d620a84930c85d617131d1062a01e640b667a32,b167674594bf0944f0b2afb877d2d8c8f5647c0e4e60c64ebb2a511a9f1f7729,d0ec6ff924ecc411b9a9d40786f057ec869076b98308e2ecb75da2756c308237,2,0
31600,20260724T091041024473Z_c6434d8a,runs/20260724T091041024473Z_c6434d8a/checkpoints/step_031600.pt,58289f48daf4cff5c790540f170c400a4fca6557cd108b45e2a5530fef140dfb,1a794e7a55b4f93a0b9ee50a667a981c037ee60b38df0ef5a5f089645f1fc0be,8d620a84930c85d617131d1062a01e640b667a32,b167674594bf0944f0b2afb877d2d8c8f5647c0e4e60c64ebb2a511a9f1f7729,d0ec6ff924ecc411b9a9d40786f057ec869076b98308e2ecb75da2756c308237,2,0
31700,20260724T091041024473Z_c6434d8a,runs/20260724T091041024473Z_c6434d8a/checkpoints/step_031700.pt,21f833556b36e78da781490da7573a113ba277b43ef938ba5260d4e5fd12d8f4,ea216098dcace239b7199990f658a9540aa5dbaf707f6bd48973111bdffada4b,8d620a84930c85d617131d1062a01e640b667a32,b167674594bf0944f0b2afb877d2d8c8f5647c0e4e60c64ebb2a511a9f1f7729,d0ec6ff924ecc411b9a9d40786f057ec869076b98308e2ecb75da2756c308237,2,0
31800,20260724T091041024473Z_c6434d8a,runs/20260724T091041024473Z_c6434d8a/checkpoints/step_031800.pt,9baea62781126ed3b092951443e7dbfaee6a1f38e61a58352a42b871381d708a,2585f4d92094f8a30ee7f44914acc830c24b7cfdb7b719fab04e65c9df03f4d2,8d620a84930c85d617131d1062a01e640b667a32,b167674594bf0944f0b2afb877d2d8c8f5647c0e4e60c64ebb2a511a9f1f7729,d0ec6ff924ecc411b9a9d40786f057ec869076b98308e2ecb75da2756c308237,2,0
31900,20260724T091041024473Z_c6434d8a,runs/20260724T091041024473Z_c6434d8a/checkpoints/step_031900.pt,1d91c77b1e90be97e5f477d3471561817dca806a428c21677b9b757fd34e6163,6eb1cc49f5df23d12a7ba258f1b9bcc616b0a9c232eae0da9916bbba4aaf0612,8d620a84930c85d617131d1062a01e640b667a32,b167674594bf0944f0b2afb877d2d8c8f5647c0e4e60c64ebb2a511a9f1f7729,d0ec6ff924ecc411b9a9d40786f057ec869076b98308e2ecb75da2756c308237,2,0
32000,20260724T091041024473Z_c6434d8a,runs/20260724T091041024473Z_c6434d8a/checkpoints/step_032000.pt,7eafa094a2bbe9bfceac4cdf0ade0dd7abc59c80afa35e6303652aba0fd8d260,8a1076545189173e68734d769519d21599cee2002534d073685ebeb807d3a600,8d620a84930c85d617131d1062a01e640b667a32,b167674594bf0944f0b2afb877d2d8c8f5647c0e4e60c64ebb2a511a9f1f7729,d0ec6ff924ecc411b9a9d40786f057ec869076b98308e2ecb75da2756c308237,2,0
32100,20260724T091041024473Z_c6434d8a,runs/20260724T091041024473Z_c6434d8a/checkpoints/step_032100.pt,3ce122a89cdfedc31d03ebb8dfadf437d4acb67467e59c2924f0c89d75103f2f,ee3e3ffb08702a5d8763243a9fa1edb175ee8521d74b93e851f39ba27dd88e00,8d620a84930c85d617131d1062a01e640b667a32,b167674594bf0944f0b2afb877d2d8c8f5647c0e4e60c64ebb2a511a9f1f7729,d0ec6ff924ecc411b9a9d40786f057ec869076b98308e2ecb75da2756c308237,2,0
32200,20260724T091041024473Z_c6434d8a,runs/20260724T091041024473Z_c6434d8a/checkpoints/step_032200.pt,5e32f3afa8c5af14899f68d0b0529ca5ad839ca65e4aecb9639118c709b5bca8,b4352a1ae90de01edfb1fc060d05d1ea50a285633eab796538c8bc2f5e47c954,8d620a84930c85d617131d1062a01e640b667a32,b167674594bf0944f0b2afb877d2d8c8f5647c0e4e60c64ebb2a511a9f1f7729,d0ec6ff924ecc411b9a9d40786f057ec869076b98308e2ecb75da2756c308237,2,0
32300,20260724T091041024473Z_c6434d8a,runs/20260724T091041024473Z_c6434d8a/checkpoints/step_032300.pt,41dfa45df86216f9839a547acfe0431b959b479d53c0a8a112b670b914206507,fb19056b2ea2b938943ebbcd9311ba715bbca1d61ca741c7402bd12d895b6dcb,8d620a84930c85d617131d1062a01e640b667a32,b167674594bf0944f0b2afb877d2d8c8f5647c0e4e60c64ebb2a511a9f1f7729,d0ec6ff924ecc411b9a9d40786f057ec869076b98308e2ecb75da2756c308237,2,0
32400,20260724T091041024473Z_c6434d8a,runs/20260724T091041024473Z_c6434d8a/checkpoints/step_032400.pt,d4714c9d398935b6c913e7863ec1093e8085321f172a56d482b2b18299bf6fa1,7abbdfff45afa41e098479080202d64fa795501d3af46e0f1dc5a590cc5486f4,8d620a84930c85d617131d1062a01e640b667a32,b167674594bf0944f0b2afb877d2d8c8f5647c0e4e60c64ebb2a511a9f1f7729,d0ec6ff924ecc411b9a9d40786f057ec869076b98308e2ecb75da2756c308237,2,0
32500,20260724T091041024473Z_c6434d8a,runs/20260724T091041024473Z_c6434d8a/checkpoints/step_032500.pt,16341fa0b42ad25c0f05ce2640be2789789602217ee5cce2b9cbfb488494ce95,f57b9c3772d78c2a13662551e4bf0192144178e9662db60948bc6701d0d8b9d0,8d620a84930c85d617131d1062a01e640b667a32,b167674594bf0944f0b2afb877d2d8c8f5647c0e4e60c64ebb2a511a9f1f7729,d0ec6ff924ecc411b9a9d40786f057ec869076b98308e2ecb75da2756c308237,2,0
32600,20260724T091041024473Z_c6434d8a,runs/20260724T091041024473Z_c6434d8a/checkpoints/step_032600.pt,d58e8bb26fea6611629b5df5e179ed68c007aba1f3aed11a0bdae1b348626fd3,2700e40d1d8928f87aa2d5ceb29cf7c4405cbd8ee9fa18f1ceed92fed1371f05,8d620a84930c85d617131d1062a01e640b667a32,b167674594bf0944f0b2afb877d2d8c8f5647c0e4e60c64ebb2a511a9f1f7729,d0ec6ff924ecc411b9a9d40786f057ec869076b98308e2ecb75da2756c308237,2,0
32700,20260724T091041024473Z_c6434d8a,runs/20260724T091041024473Z_c6434d8a/checkpoints/step_032700.pt,319c9b53b51fa426792c3d51e1cb1446c72f420fe27b589e229047fcf9ab1dd2,012723b0814d6723d5367c2c31b9867be841cb1bf5b03bf6e76eed1f6ad6e799,8d620a84930c85d617131d1062a01e640b667a32,b167674594bf0944f0b2afb877d2d8c8f5647c0e4e60c64ebb2a511a9f1f7729,d0ec6ff924ecc411b9a9d40786f057ec869076b98308e2ecb75da2756c308237,2,0
32800,20260724T091041024473Z_c6434d8a,runs/20260724T091041024473Z_c6434d8a/checkpoints/step_032800.pt,cb341bd6536287e8b72cb4ccfd9442fbd512a10c32b8f8d61590eb37486eae4a,91bb5d7d1e3d82b19468f3c089402b2f507d4025aa36077218d7acde3556d7d3,8d620a84930c85d617131d1062a01e640b667a32,b167674594bf0944f0b2afb877d2d8c8f5647c0e4e60c64ebb2a511a9f1f7729,d0ec6ff924ecc411b9a9d40786f057ec869076b98308e2ecb75da2756c308237,2,0
32900,20260724T091041024473Z_c6434d8a,runs/20260724T091041024473Z_c6434d8a/checkpoints/step_032900.pt,ce1fb92e2b3cb4bf49e4d7293a4e5ea16e5b682b21a4cbd357081fa6a93a4324,59b0910fb1ac69a81e76f87d3ae60e73137630a44cf6c3ff7372fc0754297566,8d620a84930c85d617131d1062a01e640b667a32,b167674594bf0944f0b2afb877d2d8c8f5647c0e4e60c64ebb2a511a9f1f7729,d0ec6ff924ecc411b9a9d40786f057ec869076b98308e2ecb75da2756c308237,2,0
33000,20260724T091041024473Z_c6434d8a,runs/20260724T091041024473Z_c6434d8a/checkpoints/step_033000.pt,65fb7058ae42341a633c1c43112db4e1d1e2ac75bad08383ec45a90d706832b0,18251084eb86925a5adad8f52ab077afcdb6e094fd31ae4b0172cbebb0a4bf2b,8d620a84930c85d617131d1062a01e640b667a32,b167674594bf0944f0b2afb877d2d8c8f5647c0e4e60c64ebb2a511a9f1f7729,d0ec6ff924ecc411b9a9d40786f057ec869076b98308e2ecb75da2756c308237,2,0
33100,20260724T091041024473Z_c6434d8a,runs/20260724T091041024473Z_c6434d8a/checkpoints/step_033100.pt,a488923881d14c6b11c02656770394847ddd3c645dd73e85f66a8b604e08eb19,27d4305003e323c2b5822d3a1bc1c2bc485cdcbfc560d1fb73db829105eb0939,8d620a84930c85d617131d1062a01e640b667a32,b167674594bf0944f0b2afb877d2d8c8f5647c0e4e60c64ebb2a511a9f1f7729,d0ec6ff924ecc411b9a9d40786f057ec869076b98308e2ecb75da2756c308237,2,0
33200,20260724T091041024473Z_c6434d8a,runs/20260724T091041024473Z_c6434d8a/checkpoints/step_033200.pt,4fea30e26c8cfc8e10e4f96650c73ca6e529fd9906bb9b650f293f4fda61f0a4,31e8d7f6dd13e1f0621eedf3aca82737c4c9ca7f08c90b880e911550c0ded0b2,8d620a84930c85d617131d1062a01e640b667a32,b167674594bf0944f0b2afb877d2d8c8f5647c0e4e60c64ebb2a511a9f1f7729,d0ec6ff924ecc411b9a9d40786f057ec869076b98308e2ecb75da2756c308237,2,0
33300,20260724T091041024473Z_c6434d8a,runs/20260724T091041024473Z_c6434d8a/checkpoints/step_033300.pt,2ba1eefd23bb2187bef7b6197aed340b14e86f1b83d38c8e44a7fecbe04fe599,0154b02126f68a81fe957bdbd49d32629cdf2f6747bc49153494524205eace86,8d620a84930c85d617131d1062a01e640b667a32,b167674594bf0944f0b2afb877d2d8c8f5647c0e4e60c64ebb2a511a9f1f7729,d0ec6ff924ecc411b9a9d40786f057ec869076b98308e2ecb75da2756c308237,2,0
33400,20260724T091041024473Z_c6434d8a,runs/20260724T091041024473Z_c6434d8a/checkpoints/step_033400.pt,75e37570f6964917741c6c6fd1c1c161490bd71bf9481510d14b84dd62d5d031,ba68a77654fe5a35f0b6b964d2c8f3968d920e18f83da27e55225246719c68e1,8d620a84930c85d617131d1062a01e640b667a32,b167674594bf0944f0b2afb877d2d8c8f5647c0e4e60c64ebb2a511a9f1f7729,d0ec6ff924ecc411b9a9d40786f057ec869076b98308e2ecb75da2756c308237,2,0
33500,20260724T091041024473Z_c6434d8a,runs/20260724T091041024473Z_c6434d8a/checkpoints/step_033500.pt,2222315a72d5c34c2698d496a40e3ed5402e5eadcaa2ff11f0ec094e2f68126c,116a5fe7f038398603183082a1ed4483707d7a54246c67688e861e7c057bd891,8d620a84930c85d617131d1062a01e640b667a32,b167674594bf0944f0b2afb877d2d8c8f5647c0e4e60c64ebb2a511a9f1f7729,d0ec6ff924ecc411b9a9d40786f057ec869076b98308e2ecb75da2756c308237,2,0
33600,20260724T091041024473Z_c6434d8a,runs/20260724T091041024473Z_c6434d8a/checkpoints/step_033600.pt,93dd1f0e8be024de1bea718429b39dc1c2fbd75fc86fca843372406f8426bdd2,3e5d4e0d51df1954c25153e98f2447a2bc1058ac71adfb1d6d11261fe588624e,8d620a84930c85d617131d1062a01e640b667a32,b167674594bf0944f0b2afb877d2d8c8f5647c0e4e60c64ebb2a511a9f1f7729,d0ec6ff924ecc411b9a9d40786f057ec869076b98308e2ecb75da2756c308237,2,0
33700,20260724T091041024473Z_c6434d8a,runs/20260724T091041024473Z_c6434d8a/checkpoints/step_033700.pt,7420eb514529361cf187e42041d90414760dde6b47f632275f2f6324c6ffe9d3,2c790a25467291957e98109750681f0bb4bdaf162a09a8f8c5f0b142cbab9f92,8d620a84930c85d617131d1062a01e640b667a32,b167674594bf0944f0b2afb877d2d8c8f5647c0e4e60c64ebb2a511a9f1f7729,d0ec6ff924ecc411b9a9d40786f057ec869076b98308e2ecb75da2756c308237,2,0
33800,20260724T091041024473Z_c6434d8a,runs/20260724T091041024473Z_c6434d8a/checkpoints/step_033800.pt,f38e172b9c013860796d149e4e8edb9a262c781dfddef0cd00d1d6bc1b9fd64f,ffa31be2b239c4a3cc31335901d329f5f57b2f4028ad464e01b16fff469f6284,8d620a84930c85d617131d1062a01e640b667a32,b167674594bf0944f0b2afb877d2d8c8f5647c0e4e60c64ebb2a511a9f1f7729,d0ec6ff924ecc411b9a9d40786f057ec869076b98308e2ecb75da2756c308237,2,0
33900,20260724T091041024473Z_c6434d8a,runs/20260724T091041024473Z_c6434d8a/checkpoints/step_033900.pt,3653ab4c58a390f39d27f79b13258c9b53063e4c4f38f9b492a68fdaf79e5cc1,994a0dbeb904a8d5f3db77badf9b33547ec4de6e6d82fb551cbfe06c4dc3fc81,8d620a84930c85d617131d1062a01e640b667a32,b167674594bf0944f0b2afb877d2d8c8f5647c0e4e60c64ebb2a511a9f1f7729,d0ec6ff924ecc411b9a9d40786f057ec869076b98308e2ecb75da2756c308237,2,0
34000,20260724T091041024473Z_c6434d8a,runs/20260724T091041024473Z_c6434d8a/checkpoints/step_034000.pt,e576e4a7361370d88ea3f6b986fed9a85001af2e518cea77ac04e35a603c9866,9a2deca88f02d2d7c9a4b71379223f75a5d731d402d721a96940b0887fa1e693,8d620a84930c85d617131d1062a01e640b667a32,b167674594bf0944f0b2afb877d2d8c8f5647c0e4e60c64ebb2a511a9f1f7729,d0ec6ff924ecc411b9a9d40786f057ec869076b98308e2ecb75da2756c308237,2,0
34100,20260724T091041024473Z_c6434d8a,runs/20260724T091041024473Z_c6434d8a/checkpoints/step_034100.pt,2570a40f625dc8823402e490c9d6da7f44f6daa71ae6091126a371e0db881440,620a68b5d7b45caca027fcfa46f273fdfe6dd28d0f8f38670fe3880088fa028b,8d620a84930c85d617131d1062a01e640b667a32,b167674594bf0944f0b2afb877d2d8c8f5647c0e4e60c64ebb2a511a9f1f7729,d0ec6ff924ecc411b9a9d40786f057ec869076b98308e2ecb75da2756c308237,2,0
34200,20260724T091041024473Z_c6434d8a,runs/20260724T091041024473Z_c6434d8a/checkpoints/step_034200.pt,28f5c002faf11c7393cfc817234688f98831782831c759cca544b637cc154775,fa4c4c295f3207104d8b249d20d753405eb84f40fd62e7adf2b42f384ce736f2,8d620a84930c85d617131d1062a01e640b667a32,b167674594bf0944f0b2afb877d2d8c8f5647c0e4e60c64ebb2a511a9f1f7729,d0ec6ff924ecc411b9a9d40786f057ec869076b98308e2ecb75da2756c308237,2,0
34300,20260724T091041024473Z_c6434d8a,runs/20260724T091041024473Z_c6434d8a/checkpoints/step_034300.pt,f8415c68a2480e8d85e30a39a7b4a8cd51e159ed9c41fdfd9c4a1f7aba14d558,1c83bca6f14c66f18557a9fcd2c5e2d736cf75f3d49e680e6916c5221a37e1d3,8d620a84930c85d617131d1062a01e640b667a32,b167674594bf0944f0b2afb877d2d8c8f5647c0e4e60c64ebb2a511a9f1f7729,d0ec6ff924ecc411b9a9d40786f057ec869076b98308e2ecb75da2756c308237,2,0
34400,20260724T091041024473Z_c6434d8a,runs/20260724T091041024473Z_c6434d8a/checkpoints/step_034400.pt,35df03f1708563e8392ed75bc29c299c5352e493ae9d4d2e8061740cc5ef8be1,6c7782fa0d0929af45f0f75a9fac9152a20275bb9cc6e79440706914b214aeee,8d620a84930c85d617131d1062a01e640b667a32,b167674594bf0944f0b2afb877d2d8c8f5647c0e4e60c64ebb2a511a9f1f7729,d0ec6ff924ecc411b9a9d40786f057ec869076b98308e2ecb75da2756c308237,2,0
34500,20260724T091041024473Z_c6434d8a,runs/20260724T091041024473Z_c6434d8a/checkpoints/step_034500.pt,c07f1fad5b58d9713d894749abc8406229537eb29fc5bc4734a4c0cbe6e32398,32d6bc54651015a1fff318d683042ebf39843c4cd5eead31bd7fb7a5e089f99c,8d620a84930c85d617131d1062a01e640b667a32,b167674594bf0944f0b2afb877d2d8c8f5647c0e4e60c64ebb2a511a9f1f7729,d0ec6ff924ecc411b9a9d40786f057ec869076b98308e2ecb75da2756c308237,2,0
34600,20260724T091041024473Z_c6434d8a,runs/20260724T091041024473Z_c6434d8a/checkpoints/step_034600.pt,8975e432d9b0a13447370bed22315207b7448ec0f837419f66b82e46ff596901,69fd965fe871986cad65e5f59a4356a4b6fe345dee73ddc346c163be07cf678f,8d620a84930c85d617131d1062a01e640b667a32,b167674594bf0944f0b2afb877d2d8c8f5647c0e4e60c64ebb2a511a9f1f7729,d0ec6ff924ecc411b9a9d40786f057ec869076b98308e2ecb75da2756c308237,2,0
34700,20260724T091041024473Z_c6434d8a,runs/20260724T091041024473Z_c6434d8a/checkpoints/step_034700.pt,6521dd0ff66fec4240945c545ef528ec00f837dcfdfe56682713f663a894b344,4af60a1a0601e1c63cb8d2606a0091fdd5b0bb693a7e8798ab8f5fdb08b8b6ad,8d620a84930c85d617131d1062a01e640b667a32,b167674594bf0944f0b2afb877d2d8c8f5647c0e4e60c64ebb2a511a9f1f7729,d0ec6ff924ecc411b9a9d40786f057ec869076b98308e2ecb75da2756c308237,2,0
34800,20260724T091041024473Z_c6434d8a,runs/20260724T091041024473Z_c6434d8a/checkpoints/step_034800.pt,35afabcf619f89abadfd71241bf8283526ae683d56bab8e6f31cab44b0d76a11,ccf09d6532078670a449799528f7b1d78c397b815278cd1a38498052c68a6662,8d620a84930c85d617131d1062a01e640b667a32,b167674594bf0944f0b2afb877d2d8c8f5647c0e4e60c64ebb2a511a9f1f7729,d0ec6ff924ecc411b9a9d40786f057ec869076b98308e2ecb75da2756c308237,2,0
34900,20260724T091041024473Z_c6434d8a,runs/20260724T091041024473Z_c6434d8a/checkpoints/step_034900.pt,0a98594fc4da701fcf2a60c2fb841c7cbc577c6245d603e231b3de73d4c95f44,89dc6b057ed7229fde65231595d87ee04ce5a8e711d372794a33f22d229bd72e,8d620a84930c85d617131d1062a01e640b667a32,b167674594bf0944f0b2afb877d2d8c8f5647c0e4e60c64ebb2a511a9f1f7729,d0ec6ff924ecc411b9a9d40786f057ec869076b98308e2ecb75da2756c308237,2,0
35000,20260724T091041024473Z_c6434d8a,runs/20260724T091041024473Z_c6434d8a/checkpoints/step_035000.pt,5e1f09a729c6be1d4f93156de24f67b64cf6470f30232ab153f9e8e0f0cd8f8f,210f9d3027055f3ecfc45d2c6eb27a79c13f4de7017b538cd4ffb684628bf907,8d620a84930c85d617131d1062a01e640b667a32,b167674594bf0944f0b2afb877d2d8c8f5647c0e4e60c64ebb2a511a9f1f7729,d0ec6ff924ecc411b9a9d40786f057ec869076b98308e2ecb75da2756c308237,2,0
35100,20260724T091041024473Z_c6434d8a,runs/20260724T091041024473Z_c6434d8a/checkpoints/step_035100.pt,0ccd33961192f51e9605445bb10d5d61d0adc4f8cac90e8ac02cd7c737e165ab,ea32ddb9df889a412e672eff3ee9397500419b8336076acbc901a834b12c0aac,8d620a84930c85d617131d1062a01e640b667a32,b167674594bf0944f0b2afb877d2d8c8f5647c0e4e60c64ebb2a511a9f1f7729,d0ec6ff924ecc411b9a9d40786f057ec869076b98308e2ecb75da2756c308237,2,0
35200,20260724T091041024473Z_c6434d8a,runs/20260724T091041024473Z_c6434d8a/checkpoints/step_035200.pt,740742002ef34bc4d56848e502b3a1b637c5e35959a07970c4a6b184d654f547,4c0f0d6946d3fbcb45a5f89c2d5a15e9339ee29eb180d0c1d788b83a0b18a9e7,8d620a84930c85d617131d1062a01e640b667a32,b167674594bf0944f0b2afb877d2d8c8f5647c0e4e60c64ebb2a511a9f1f7729,d0ec6ff924ecc411b9a9d40786f057ec869076b98308e2ecb75da2756c308237,2,0
35300,20260724T091041024473Z_c6434d8a,runs/20260724T091041024473Z_c6434d8a/checkpoints/step_035300.pt,5e80cfda00bb7ff3866bece763cf0d6456e3ec441446b4f83bea7d37a560d898,d600a75d12098062aab2bdcf71b24ad135e71d493719455380e3d29bdfee3354,8d620a84930c85d617131d1062a01e640b667a32,b167674594bf0944f0b2afb877d2d8c8f5647c0e4e60c64ebb2a511a9f1f7729,d0ec6ff924ecc411b9a9d40786f057ec869076b98308e2ecb75da2756c308237,2,0
35400,20260724T091041024473Z_c6434d8a,runs/20260724T091041024473Z_c6434d8a/checkpoints/step_035400.pt,1b8c41cd666fa6899b3aac29a07ccdb59ba6ce9340e179191273f2b43a2508b7,d35dec8c46134c90ac61561f2bda502f66bc94a97c6183fde54a94f4c5cc9249,8d620a84930c85d617131d1062a01e640b667a32,b167674594bf0944f0b2afb877d2d8c8f5647c0e4e60c64ebb2a511a9f1f7729,d0ec6ff924ecc411b9a9d40786f057ec869076b98308e2ecb75da2756c308237,2,0
35500,20260724T091041024473Z_c6434d8a,runs/20260724T091041024473Z_c6434d8a/checkpoints/step_035500.pt,d59a4d59f04bdb0b20f3f627c3f678c1a4b6f7da9e3e7df0fbcdf11466bd24b4,0877a01acb2937a985c9e765a0e3e73bfb3f6d99eec37a057be07607134d5c0a,8d620a84930c85d617131d1062a01e640b667a32,b167674594bf0944f0b2afb877d2d8c8f5647c0e4e60c64ebb2a511a9f1f7729,d0ec6ff924ecc411b9a9d40786f057ec869076b98308e2ecb75da2756c308237,2,0
35600,20260724T091041024473Z_c6434d8a,runs/20260724T091041024473Z_c6434d8a/checkpoints/step_035600.pt,d954acb377315127675d26c89006774e0a2180e5d0c6cf5f4fe6593307d2e6f8,4fcb47a0e1a905b500b554aec84b1f0505bdcb3fb9f5cd652a8bcf262084ccf5,8d620a84930c85d617131d1062a01e640b667a32,b167674594bf0944f0b2afb877d2d8c8f5647c0e4e60c64ebb2a511a9f1f7729,d0ec6ff924ecc411b9a9d40786f057ec869076b98308e2ecb75da2756c308237,2,0
35700,20260724T091041024473Z_c6434d8a,runs/20260724T091041024473Z_c6434d8a/checkpoints/step_035700.pt,883d534e396cb4c62e8caf225e8ade7c86ca793624253a691503088289a8f901,bfe1b40a334d15b451f5bdf51a73999a03cf6efb1eb58b27bd6134b1f9c7ee14,8d620a84930c85d617131d1062a01e640b667a32,b167674594bf0944f0b2afb877d2d8c8f5647c0e4e60c64ebb2a511a9f1f7729,d0ec6ff924ecc411b9a9d40786f057ec869076b98308e2ecb75da2756c308237,2,0
35800,20260724T091041024473Z_c6434d8a,runs/20260724T091041024473Z_c6434d8a/checkpoints/step_035800.pt,4cb641a64e107b90cdebc184216cca59c88299c6258a7b3908d11857532ba2f4,27bfe041c42652071a0fd7c8c1f37577477fc3d7baf649c46c3b253cf1cca5c8,8d620a84930c85d617131d1062a01e640b667a32,b167674594bf0944f0b2afb877d2d8c8f5647c0e4e60c64ebb2a511a9f1f7729,d0ec6ff924ecc411b9a9d40786f057ec869076b98308e2ecb75da2756c308237,2,0
35900,20260724T091041024473Z_c6434d8a,runs/20260724T091041024473Z_c6434d8a/checkpoints/step_035900.pt,366120ea40f293c3fc9e5945b719bade439d6d9e1c8ce27b6e8a8373c9cccfd2,2d600e057e16f750a85478d028acdf60a2b7b01fdafa4b88b587e638965aaa61,8d620a84930c85d617131d1062a01e640b667a32,b167674594bf0944f0b2afb877d2d8c8f5647c0e4e60c64ebb2a511a9f1f7729,d0ec6ff924ecc411b9a9d40786f057ec869076b98308e2ecb75da2756c308237,2,0
36000,20260724T091041024473Z_c6434d8a,runs/20260724T091041024473Z_c6434d8a/checkpoints/step_036000.pt,f8b85ef385b7f574dc8c7e427c9812b7c5c50a72a15cf62d4b5657512c503acc,40cd471ce8de993407b4ee95b45f506db542d2ff36b4db7cfb31b60677d8003b,8d620a84930c85d617131d1062a01e640b667a32,b167674594bf0944f0b2afb877d2d8c8f5647c0e4e60c64ebb2a511a9f1f7729,d0ec6ff924ecc411b9a9d40786f057ec869076b98308e2ecb75da2756c308237,2,0
36100,20260724T091041024473Z_c6434d8a,runs/20260724T091041024473Z_c6434d8a/checkpoints/step_036100.pt,6a2d87d4ab42b28726c260a96eb33bd158a9e8463a6f84dcc913958e01c82cc2,50b5d81c4a9b58beea5dfecc1ac35b3bd3ed1e8276c2add19401b0df2680f444,8d620a84930c85d617131d1062a01e640b667a32,b167674594bf0944f0b2afb877d2d8c8f5647c0e4e60c64ebb2a511a9f1f7729,d0ec6ff924ecc411b9a9d40786f057ec869076b98308e2ecb75da2756c308237,2,0
36200,20260724T091041024473Z_c6434d8a,runs/20260724T091041024473Z_c6434d8a/checkpoints/step_036200.pt,b36fde621cca0c76046bad68b0e2a797441b3e8cc37218a853a4be553c8a8c0b,fe643f6f1ff24aa34351942a134bad893b77f460e4d2ee2505897b56d980d446,8d620a84930c85d617131d1062a01e640b667a32,b167674594bf0944f0b2afb877d2d8c8f5647c0e4e60c64ebb2a511a9f1f7729,d0ec6ff924ecc411b9a9d40786f057ec869076b98308e2ecb75da2756c308237,2,0
36300,20260724T091041024473Z_c6434d8a,runs/20260724T091041024473Z_c6434d8a/checkpoints/step_036300.pt,e951c28a0f292e8d8aa258adce69f72629b90f5267f3de7057bd33ad1a42f850,00f1ab23b2330464877c0d771d6bf0b47f6726feabc9fbe97dbc0b886ef75641,8d620a84930c85d617131d1062a01e640b667a32,b167674594bf0944f0b2afb877d2d8c8f5647c0e4e60c64ebb2a511a9f1f7729,d0ec6ff924ecc411b9a9d40786f057ec869076b98308e2ecb75da2756c308237,2,0
36400,20260724T091041024473Z_c6434d8a,runs/20260724T091041024473Z_c6434d8a/checkpoints/step_036400.pt,224500c59fa8b88cd9214af70f9d90cf34baf3e4b8e084c03f38e7a866b4f69f,88ee5e5bfb8e511ed80bcbf482e7166d98763f7ec0a44c1c493de22251315827,8d620a84930c85d617131d1062a01e640b667a32,b167674594bf0944f0b2afb877d2d8c8f5647c0e4e60c64ebb2a511a9f1f7729,d0ec6ff924ecc411b9a9d40786f057ec869076b98308e2ecb75da2756c308237,2,0
36500,20260724T091041024473Z_c6434d8a,runs/20260724T091041024473Z_c6434d8a/checkpoints/step_036500.pt,6132cdd74ee4de3c8de46dd1f2b7e6b9af6f7fecb96c47922d9aaa468b1d1588,0ab2dd45bef3dcd34dcb2fcb7e95eb5a4056e24f3bf54ec9949d6ef784f7b493,8d620a84930c85d617131d1062a01e640b667a32,b167674594bf0944f0b2afb877d2d8c8f5647c0e4e60c64ebb2a511a9f1f7729,d0ec6ff924ecc411b9a9d40786f057ec869076b98308e2ecb75da2756c308237,2,0
36600,20260724T091041024473Z_c6434d8a,runs/20260724T091041024473Z_c6434d8a/checkpoints/step_036600.pt,b8a8b6be623d2497d822ac389331b1cf723379d0a3d1c829d2c61392349a9517,9dacbabbd5e9fd4291ebda7f0fd2008437289164e4da9cc622f488ba1c3c1926,8d620a84930c85d617131d1062a01e640b667a32,b167674594bf0944f0b2afb877d2d8c8f5647c0e4e60c64ebb2a511a9f1f7729,d0ec6ff924ecc411b9a9d40786f057ec869076b98308e2ecb75da2756c308237,2,0
36700,20260724T091041024473Z_c6434d8a,runs/20260724T091041024473Z_c6434d8a/checkpoints/step_036700.pt,88cb64b431f8ca6276d55d3609f14d93c90bbafb23335aa6bee5c685617b1c6f,b5c4e5fb299a83dcde4845c28e5b07cd7338dcacc7de8d4f7b6e3d42473488f6,8d620a84930c85d617131d1062a01e640b667a32,b167674594bf0944f0b2afb877d2d8c8f5647c0e4e60c64ebb2a511a9f1f7729,d0ec6ff924ecc411b9a9d40786f057ec869076b98308e2ecb75da2756c308237,2,0
36800,20260724T091041024473Z_c6434d8a,runs/20260724T091041024473Z_c6434d8a/checkpoints/step_036800.pt,d413a6d7230454c2abaa586cb478091d8a48ca507cd8ef76e5253511d9bb162a,43626bf8b33fb10d732942f2af3b1bd921235737ecbe27a9849aa83645e69fc3,8d620a84930c85d617131d1062a01e640b667a32,b167674594bf0944f0b2afb877d2d8c8f5647c0e4e60c64ebb2a511a9f1f7729,d0ec6ff924ecc411b9a9d40786f057ec869076b98308e2ecb75da2756c308237,2,0
36900,20260724T091041024473Z_c6434d8a,runs/20260724T091041024473Z_c6434d8a/checkpoints/step_036900.pt,facbc2ddfabe4cd877e5421d003f9fed10d17562d5e16817749faa5c8df0b479,6d7d5743591a31e09459957f4130e9524cfe0496cc40f12a5c13d8d5cd2afde5,8d620a84930c85d617131d1062a01e640b667a32,b167674594bf0944f0b2afb877d2d8c8f5647c0e4e60c64ebb2a511a9f1f7729,d0ec6ff924ecc411b9a9d40786f057ec869076b98308e2ecb75da2756c308237,2,0
37000,20260724T091041024473Z_c6434d8a,runs/20260724T091041024473Z_c6434d8a/checkpoints/step_037000.pt,72326de074d9f3cee81f9af0b343082ba8ce9ad841109863c06ae47600e69a92,1d99f7a403623a77b5ba928da63805e6eaf2b218c7d8185d418b682c53569d3f,8d620a84930c85d617131d1062a01e640b667a32,b167674594bf0944f0b2afb877d2d8c8f5647c0e4e60c64ebb2a511a9f1f7729,d0ec6ff924ecc411b9a9d40786f057ec869076b98308e2ecb75da2756c308237,2,0
37100,20260724T091041024473Z_c6434d8a,runs/20260724T091041024473Z_c6434d8a/checkpoints/step_037100.pt,c2dc7de80d9ae3a6bac1b88ba816b3eae7297c843c69ee8874a3c72775777143,7fe93b4b3e4a13f6110d85cf4e25fa35a352f47d7b5394eb1a0bd4d86b6fffee,8d620a84930c85d617131d1062a01e640b667a32,b167674594bf0944f0b2afb877d2d8c8f5647c0e4e60c64ebb2a511a9f1f7729,d0ec6ff924ecc411b9a9d40786f057ec869076b98308e2ecb75da2756c308237,2,0
37200,20260724T091041024473Z_c6434d8a,runs/20260724T091041024473Z_c6434d8a/checkpoints/step_037200.pt,08c48c43c995173d82ca03f83eb3fdd900aaacb446a52ff404bfea39b328e953,e472511bf265718012baef3544066c0e308fa3b042df4b80e9ea31b5a49b1b29,8d620a84930c85d617131d1062a01e640b667a32,b167674594bf0944f0b2afb877d2d8c8f5647c0e4e60c64ebb2a511a9f1f7729,d0ec6ff924ecc411b9a9d40786f057ec869076b98308e2ecb75da2756c308237,2,0
37300,20260724T091041024473Z_c6434d8a,runs/20260724T091041024473Z_c6434d8a/checkpoints/step_037300.pt,2c9371d889c8138bdfb3c8b06f98844ef11658e9d795470bfa605f9d81991d50,34a6c0a473e40ea21ed60397b946b788a5bb99d10677023c3c93268e3f751afe,8d620a84930c85d617131d1062a01e640b667a32,b167674594bf0944f0b2afb877d2d8c8f5647c0e4e60c64ebb2a511a9f1f7729,d0ec6ff924ecc411b9a9d40786f057ec869076b98308e2ecb75da2756c308237,2,0
37400,20260724T091041024473Z_c6434d8a,runs/20260724T091041024473Z_c6434d8a/checkpoints/step_037400.pt,492fc97abf2a2976c91c591d116ef65fd6fe75aa6d92b54f411b5c4b0243abf6,0a089fa939a1c97f4f7c5154679bfc2789ea538a06cb3f7fc46e1d4f9b9c74d2,8d620a84930c85d617131d1062a01e640b667a32,b167674594bf0944f0b2afb877d2d8c8f5647c0e4e60c64ebb2a511a9f1f7729,d0ec6ff924ecc411b9a9d40786f057ec869076b98308e2ecb75da2756c308237,2,0
37500,20260724T091041024473Z_c6434d8a,runs/20260724T091041024473Z_c6434d8a/checkpoints/step_037500.pt,7d2f51b4ace0ec46056e6d913b9a0a85d80fac7091b63a4512a4f1074894b8f0,f1b6a4f2f796904031dd54e2fa1d8d12b3a657fd2064fbfdf00a708050aeb797,8d620a84930c85d617131d1062a01e640b667a32,b167674594bf0944f0b2afb877d2d8c8f5647c0e4e60c64ebb2a511a9f1f7729,d0ec6ff924ecc411b9a9d40786f057ec869076b98308e2ecb75da2756c308237,2,0
37600,20260724T091041024473Z_c6434d8a,runs/20260724T091041024473Z_c6434d8a/checkpoints/step_037600.pt,88c18f7255aa37803c07633a897be15b367256072996b5206f53cdb3abd8e259,7886546ec24155181a1d2adb1fb5154282f78652ddc86bc8d4b40861052b476d,8d620a84930c85d617131d1062a01e640b667a32,b167674594bf0944f0b2afb877d2d8c8f5647c0e4e60c64ebb2a511a9f1f7729,d0ec6ff924ecc411b9a9d40786f057ec869076b98308e2ecb75da2756c308237,2,0
37700,20260724T091041024473Z_c6434d8a,runs/20260724T091041024473Z_c6434d8a/checkpoints/step_037700.pt,6e36a32be8aa99c333dae10abdf4071ff31d2c8f195fb8f519cc8917cc999287,dbca6f83948bbe33fc6d5425756c98b1b15eb07560b7731e63ad9d798e5bcd32,8d620a84930c85d617131d1062a01e640b667a32,b167674594bf0944f0b2afb877d2d8c8f5647c0e4e60c64ebb2a511a9f1f7729,d0ec6ff924ecc411b9a9d40786f057ec869076b98308e2ecb75da2756c308237,2,0
37800,20260724T091041024473Z_c6434d8a,runs/20260724T091041024473Z_c6434d8a/checkpoints/step_037800.pt,780e82d808732f2dbc6e4a32fe57c1d1b26653fc1a09c615ad85ad9d1e1ee5c2,8793668cf258065a6acadf62559b031da66b4a3fe1c4677ce2618adb5be52aed,8d620a84930c85d617131d1062a01e640b667a32,b167674594bf0944f0b2afb877d2d8c8f5647c0e4e60c64ebb2a511a9f1f7729,d0ec6ff924ecc411b9a9d40786f057ec869076b98308e2ecb75da2756c308237,2,0
37900,20260724T091041024473Z_c6434d8a,runs/20260724T091041024473Z_c6434d8a/checkpoints/step_037900.pt,6097de2ab89d2047bc9e054e33d763fad0bc34eaefe70072d05a83aa4af1b438,48820732f08de8c1e419fe49490505c306cf2e7ae70f692f5356771ce2fe9c84,8d620a84930c85d617131d1062a01e640b667a32,b167674594bf0944f0b2afb877d2d8c8f5647c0e4e60c64ebb2a511a9f1f7729,d0ec6ff924ecc411b9a9d40786f057ec869076b98308e2ecb75da2756c308237,2,0
38000,20260724T091041024473Z_c6434d8a,runs/20260724T091041024473Z_c6434d8a/checkpoints/step_038000.pt,9732af44d469a13f3d59836d1f91e8b28a1502a3c30354f837a0184d30d9c9bf,83ab4cafb0b543d03beac4c96d1a998ecc5e5feb9493599dea24bc322b66de77,8d620a84930c85d617131d1062a01e640b667a32,b167674594bf0944f0b2afb877d2d8c8f5647c0e4e60c64ebb2a511a9f1f7729,d0ec6ff924ecc411b9a9d40786f057ec869076b98308e2ecb75da2756c308237,2,0
38100,20260724T091041024473Z_c6434d8a,runs/20260724T091041024473Z_c6434d8a/checkpoints/step_038100.pt,3d397c289ad515790d8e32be56c396a417e31bf545425674f4e020632f880fdf,1610e5abc77047722e0aa711a9a93b228d6deaa62bb6d8ad0cd82e333bd22e5f,8d620a84930c85d617131d1062a01e640b667a32,b167674594bf0944f0b2afb877d2d8c8f5647c0e4e60c64ebb2a511a9f1f7729,d0ec6ff924ecc411b9a9d40786f057ec869076b98308e2ecb75da2756c308237,2,0
38200,20260724T091041024473Z_c6434d8a,runs/20260724T091041024473Z_c6434d8a/checkpoints/step_038200.pt,c1db8aa5b5450e629d801503488802bf6f60d55c38427469d54216dbe7795f02,d99912af688db885fd17c036a3ff3fdb8cd751750544ef2f4db15ab1a046e060,8d620a84930c85d617131d1062a01e640b667a32,b167674594bf0944f0b2afb877d2d8c8f5647c0e4e60c64ebb2a511a9f1f7729,d0ec6ff924ecc411b9a9d40786f057ec869076b98308e2ecb75da2756c308237,2,0
38300,20260724T091041024473Z_c6434d8a,runs/20260724T091041024473Z_c6434d8a/checkpoints/step_038300.pt,a39ed87cecad7235bc0ff48568b61dc261bc9d5faf8e27d24b9de2d16c4e3e41,283e280c8518307fa8186eac532fd1a5ce521753840d51529525d922e2a1fde8,8d620a84930c85d617131d1062a01e640b667a32,b167674594bf0944f0b2afb877d2d8c8f5647c0e4e60c64ebb2a511a9f1f7729,d0ec6ff924ecc411b9a9d40786f057ec869076b98308e2ecb75da2756c308237,2,0
38400,20260724T091041024473Z_c6434d8a,runs/20260724T091041024473Z_c6434d8a/checkpoints/step_038400.pt,01b914c13c6ef3b01f1ca0740dff8667ece575d95cec7a092919eaf3a10d85c9,1777a5afd65b4cdfa9ce5a795a14b4bdfd16a38061719494eb1ebdf51b974de5,8d620a84930c85d617131d1062a01e640b667a32,b167674594bf0944f0b2afb877d2d8c8f5647c0e4e60c64ebb2a511a9f1f7729,d0ec6ff924ecc411b9a9d40786f057ec869076b98308e2ecb75da2756c308237,2,0
38500,20260724T091041024473Z_c6434d8a,runs/20260724T091041024473Z_c6434d8a/checkpoints/step_038500.pt,c2067085a36c61d73469438b6ed925c435c0745bd942644ce87300dbaac2fb25,e6a575a44591a0eaf09c711fe46449c7366c745d85f587683163b6dbda3aa0e6,8d620a84930c85d617131d1062a01e640b667a32,b167674594bf0944f0b2afb877d2d8c8f5647c0e4e60c64ebb2a511a9f1f7729,d0ec6ff924ecc411b9a9d40786f057ec869076b98308e2ecb75da2756c308237,2,0
38600,20260724T091041024473Z_c6434d8a,runs/20260724T091041024473Z_c6434d8a/checkpoints/step_038600.pt,a866a0c1f695df68f5cf2f95566137a49505d88ef2222b84f2180a1ff8c0e223,86db8a3802c4ba721f4690358072a3ef2d987601d8823f331359e9b442ab02e7,8d620a84930c85d617131d1062a01e640b667a32,b167674594bf0944f0b2afb877d2d8c8f5647c0e4e60c64ebb2a511a9f1f7729,d0ec6ff924ecc411b9a9d40786f057ec869076b98308e2ecb75da2756c308237,2,0
38700,20260724T091041024473Z_c6434d8a,runs/20260724T091041024473Z_c6434d8a/checkpoints/step_038700.pt,1069426386d33008cea7870925ba0ac8a1065f7f010ae03f4979884e76e60c0d,c93c56ef61ea187d4445311aaf4753abe62c678dbc0986240a5fbd262ccee818,8d620a84930c85d617131d1062a01e640b667a32,b167674594bf0944f0b2afb877d2d8c8f5647c0e4e60c64ebb2a511a9f1f7729,d0ec6ff924ecc411b9a9d40786f057ec869076b98308e2ecb75da2756c308237,2,0
38800,20260724T091041024473Z_c6434d8a,runs/20260724T091041024473Z_c6434d8a/checkpoints/step_038800.pt,393cfc9b53ec54ccffccf8201cda4f666e07855a17275e17013133e54c276d75,4eaf3a3f1c5cdb54c0df09de7a3286658360ff9907fa8a6bc7ecbc4549699ab2,8d620a84930c85d617131d1062a01e640b667a32,b167674594bf0944f0b2afb877d2d8c8f5647c0e4e60c64ebb2a511a9f1f7729,d0ec6ff924ecc411b9a9d40786f057ec869076b98308e2ecb75da2756c308237,2,0
38900,20260724T091041024473Z_c6434d8a,runs/20260724T091041024473Z_c6434d8a/checkpoints/step_038900.pt,9970ebd85bd2093483e9c376d3cd21f4a840f07e6ced3a7bc5fe1873b1f26c3c,d3bdc782bb23d15e9b4cfe9c348e832fa7d8878457fee5865ef06d58a8a47a4f,8d620a84930c85d617131d1062a01e640b667a32,b167674594bf0944f0b2afb877d2d8c8f5647c0e4e60c64ebb2a511a9f1f7729,d0ec6ff924ecc411b9a9d40786f057ec869076b98308e2ecb75da2756c308237,2,0
39000,20260724T091041024473Z_c6434d8a,runs/20260724T091041024473Z_c6434d8a/checkpoints/step_039000.pt,93974d1be2f379acd38bca5ebbf645bf7ad765931314cdfed68c569d8d9f24fa,00d61e19bccc52b8b396bb3f0aa9b9fcae44f0c8908884d4e122439de80f9b56,8d620a84930c85d617131d1062a01e640b667a32,b167674594bf0944f0b2afb877d2d8c8f5647c0e4e60c64ebb2a511a9f1f7729,d0ec6ff924ecc411b9a9d40786f057ec869076b98308e2ecb75da2756c308237,2,0
39100,20260724T091041024473Z_c6434d8a,runs/20260724T091041024473Z_c6434d8a/checkpoints/step_039100.pt,f6fe9c4a006946f845969c49cd925413e193174ae9bd37df12e23a559e835472,223d767865aa388a19d6fb8d9743448007385304752f76c6988dd7d79b1e9c50,8d620a84930c85d617131d1062a01e640b667a32,b167674594bf0944f0b2afb877d2d8c8f5647c0e4e60c64ebb2a511a9f1f7729,d0ec6ff924ecc411b9a9d40786f057ec869076b98308e2ecb75da2756c308237,2,0
39200,20260724T091041024473Z_c6434d8a,runs/20260724T091041024473Z_c6434d8a/checkpoints/step_039200.pt,cfd5cfe156bd728047b7a91ce22175ed8084da0eee22883d5a0d36b361a87640,55edd471e088b11ad855d0b5b5efb7c4c857c3ceb80f9395809c2ce956285f75,8d620a84930c85d617131d1062a01e640b667a32,b167674594bf0944f0b2afb877d2d8c8f5647c0e4e60c64ebb2a511a9f1f7729,d0ec6ff924ecc411b9a9d40786f057ec869076b98308e2ecb75da2756c308237,2,0
39300,20260724T091041024473Z_c6434d8a,runs/20260724T091041024473Z_c6434d8a/checkpoints/step_039300.pt,1d7900bf88374e3bc937d6c30097978f2173222f44873ebedee01653705cf46b,e8f81033020aafba8fae2a0d20ab5e008068e424dfa58c0324e7d519224df383,8d620a84930c85d617131d1062a01e640b667a32,b167674594bf0944f0b2afb877d2d8c8f5647c0e4e60c64ebb2a511a9f1f7729,d0ec6ff924ecc411b9a9d40786f057ec869076b98308e2ecb75da2756c308237,2,0
39400,20260724T091041024473Z_c6434d8a,runs/20260724T091041024473Z_c6434d8a/checkpoints/step_039400.pt,1f00527393a63fe68a9502dae660c639dd725e0bfa10d020731b501bed509123,90242b094d6082494085ec2441515b890d83c9567204e20159c824dde75674de,8d620a84930c85d617131d1062a01e640b667a32,b167674594bf0944f0b2afb877d2d8c8f5647c0e4e60c64ebb2a511a9f1f7729,d0ec6ff924ecc411b9a9d40786f057ec869076b98308e2ecb75da2756c308237,2,0
39500,20260724T091041024473Z_c6434d8a,runs/20260724T091041024473Z_c6434d8a/checkpoints/step_039500.pt,cbe4e27837a286133fd578da44ea44af6dce7bbe4f766fb308af72e25b67cfd5,90be5d06af155cd80e53376c75f1c944fd18c6d25985eef6db6fb393f75ac0e9,8d620a84930c85d617131d1062a01e640b667a32,b167674594bf0944f0b2afb877d2d8c8f5647c0e4e60c64ebb2a511a9f1f7729,d0ec6ff924ecc411b9a9d40786f057ec869076b98308e2ecb75da2756c308237,2,0
39600,20260724T091041024473Z_c6434d8a,runs/20260724T091041024473Z_c6434d8a/checkpoints/step_039600.pt,b2178be16d860710912ead052d57f12cf3c8446f666b202e839b744220dc234d,e3655b5078742c56f7979c9bebfce9f32f66cff5bc2cf4e2a234a8158c5a343a,8d620a84930c85d617131d1062a01e640b667a32,b167674594bf0944f0b2afb877d2d8c8f5647c0e4e60c64ebb2a511a9f1f7729,d0ec6ff924ecc411b9a9d40786f057ec869076b98308e2ecb75da2756c308237,2,0
39700,20260724T091041024473Z_c6434d8a,runs/20260724T091041024473Z_c6434d8a/checkpoints/step_039700.pt,3e87e2b8a2ac30afcc20c7fb36f3e634509cf17e47133baccd65f700d5904184,c5120252508b3d2dd2d2355427725abbd2aece88b1ff0b6eed55ca8dde19abf6,8d620a84930c85d617131d1062a01e640b667a32,b167674594bf0944f0b2afb877d2d8c8f5647c0e4e60c64ebb2a511a9f1f7729,d0ec6ff924ecc411b9a9d40786f057ec869076b98308e2ecb75da2756c308237,2,0
39800,20260724T091041024473Z_c6434d8a,runs/20260724T091041024473Z_c6434d8a/checkpoints/step_039800.pt,763d44770e46a11c4461c42b4f58151818faaaf5cccccf6054dc779820a74947,217654328d6a4265aee2f84f0ba8d962893ee13c487493971d4d5a93a89be53c,8d620a84930c85d617131d1062a01e640b667a32,b167674594bf0944f0b2afb877d2d8c8f5647c0e4e60c64ebb2a511a9f1f7729,d0ec6ff924ecc411b9a9d40786f057ec869076b98308e2ecb75da2756c308237,2,0
39900,20260724T091041024473Z_c6434d8a,runs/20260724T091041024473Z_c6434d8a/checkpoints/step_039900.pt,ccb2a19baca95def695004c528ecef84377a5db0c02db15f451bcde45e41cd57,07eb1df191dde8e3324b175a860e32e8bcd69bb081dac359363a50e37cd8de43,8d620a84930c85d617131d1062a01e640b667a32,b167674594bf0944f0b2afb877d2d8c8f5647c0e4e60c64ebb2a511a9f1f7729,d0ec6ff924ecc411b9a9d40786f057ec869076b98308e2ecb75da2756c308237,2,0
40000,20260724T091041024473Z_c6434d8a,runs/20260724T091041024473Z_c6434d8a/checkpoints/step_040000.pt,f357aa08c9e596859c493ea2640ec5e142faa698fe779a9d4a2053cac57db702,0e602ea831b661176be192625367540127469d3ed541a20969a9574719f3cbc1,8d620a84930c85d617131d1062a01e640b667a32,b167674594bf0944f0b2afb877d2d8c8f5647c0e4e60c64ebb2a511a9f1f7729,d0ec6ff924ecc411b9a9d40786f057ec869076b98308e2ecb75da2756c308237,2,0
40100,20260724T091041024473Z_c6434d8a,runs/20260724T091041024473Z_c6434d8a/checkpoints/step_040100.pt,3bb1f5ebd692994c19b1f049cb22c4223e94fda0a75628cb9ba67087b7f072df,86c7e8b82f862a3450d398119802e4be4faff893f271dcead188021fbca2e517,8d620a84930c85d617131d1062a01e640b667a32,b167674594bf0944f0b2afb877d2d8c8f5647c0e4e60c64ebb2a511a9f1f7729,d0ec6ff924ecc411b9a9d40786f057ec869076b98308e2ecb75da2756c308237,2,0
40200,20260724T091041024473Z_c6434d8a,runs/20260724T091041024473Z_c6434d8a/checkpoints/step_040200.pt,b24d25b7ac3b5a87f764159d37d7d88a14f9745682d8df0a23e776c0c057fd09,4eeabe8c878abe1f0d17b3ee2920d3e03322b7f4305ee11da4e1287c8a86fa6a,8d620a84930c85d617131d1062a01e640b667a32,b167674594bf0944f0b2afb877d2d8c8f5647c0e4e60c64ebb2a511a9f1f7729,d0ec6ff924ecc411b9a9d40786f057ec869076b98308e2ecb75da2756c308237,2,0
40300,20260724T091041024473Z_c6434d8a,runs/20260724T091041024473Z_c6434d8a/checkpoints/step_040300.pt,1cd746c69828ec6c6b2965e73390338764878e02b5f9fc81d90834e4f4b6e7e3,f9af43c5fcf73576e5a83e9fe5151cfbeb28eaed2da5fd1b69f4de187f98beab,8d620a84930c85d617131d1062a01e640b667a32,b167674594bf0944f0b2afb877d2d8c8f5647c0e4e60c64ebb2a511a9f1f7729,d0ec6ff924ecc411b9a9d40786f057ec869076b98308e2ecb75da2756c308237,2,0
40400,20260724T091041024473Z_c6434d8a,runs/20260724T091041024473Z_c6434d8a/checkpoints/step_040400.pt,223f7e38bf22996209419789aadefb48e6223cfad82427a7beb7f3e67f297135,d5b15165b9ad12273f8b6e848e198c982bff105d02bd6663b7fdc81e3773ad60,8d620a84930c85d617131d1062a01e640b667a32,b167674594bf0944f0b2afb877d2d8c8f5647c0e4e60c64ebb2a511a9f1f7729,d0ec6ff924ecc411b9a9d40786f057ec869076b98308e2ecb75da2756c308237,2,0
40500,20260724T091041024473Z_c6434d8a,runs/20260724T091041024473Z_c6434d8a/checkpoints/step_040500.pt,818027e6aeff4963cce48211ff755c600fe31fcec03e985e23432279a5c6b53c,ed1e2ec20c6564a921d63858e1fd083bf496a7ee4065ec494861d3b091f1423b,8d620a84930c85d617131d1062a01e640b667a32,b167674594bf0944f0b2afb877d2d8c8f5647c0e4e60c64ebb2a511a9f1f7729,d0ec6ff924ecc411b9a9d40786f057ec869076b98308e2ecb75da2756c308237,2,0
40600,20260724T091041024473Z_c6434d8a,runs/20260724T091041024473Z_c6434d8a/checkpoints/step_040600.pt,6c6433c1754b844012b6a436dbb02b5eb461d1555d6bc605c97db6a801bfdf3e,4fc8d539e8d5b07ca7e87bab3a72b38ff99beda8528c3e2ca171ccc64651c1f7,8d620a84930c85d617131d1062a01e640b667a32,b167674594bf0944f0b2afb877d2d8c8f5647c0e4e60c64ebb2a511a9f1f7729,d0ec6ff924ecc411b9a9d40786f057ec869076b98308e2ecb75da2756c308237,2,0
40700,20260724T091041024473Z_c6434d8a,runs/20260724T091041024473Z_c6434d8a/checkpoints/step_040700.pt,e30cb7d3dc83e2bd25ad024481864f28b216f27479bbf8d6f5dec53e244c94c3,4c44d70d9abe8d76f86c9163fd47b42e800e5b49acf15b0a09be9ba5f705f0e6,8d620a84930c85d617131d1062a01e640b667a32,b167674594bf0944f0b2afb877d2d8c8f5647c0e4e60c64ebb2a511a9f1f7729,d0ec6ff924ecc411b9a9d40786f057ec869076b98308e2ecb75da2756c308237,2,0
40800,20260724T091041024473Z_c6434d8a,runs/20260724T091041024473Z_c6434d8a/checkpoints/step_040800.pt,09b2bfbae74f7d23e82b3d6f16b966f7a8ec141c97e01ac64e0c402f9d75fd14,ddb758e1919de9000f9d35dcd3885119ed5f056b5da88975be97bac7e3fec468,8d620a84930c85d617131d1062a01e640b667a32,b167674594bf0944f0b2afb877d2d8c8f5647c0e4e60c64ebb2a511a9f1f7729,d0ec6ff924ecc411b9a9d40786f057ec869076b98308e2ecb75da2756c308237,2,0
40900,20260724T091041024473Z_c6434d8a,runs/20260724T091041024473Z_c6434d8a/checkpoints/step_040900.pt,0e4dfaccf28e62bf7a109475dd7554c5cb880a7450ca0e83c9b481c68688e78c,1b48c183ec41c58200fe701fbc155a99980d959e0dbcb08fef7d1b02524bf724,8d620a84930c85d617131d1062a01e640b667a32,b167674594bf0944f0b2afb877d2d8c8f5647c0e4e60c64ebb2a511a9f1f7729,d0ec6ff924ecc411b9a9d40786f057ec869076b98308e2ecb75da2756c308237,2,0
41000,20260724T091041024473Z_c6434d8a,runs/20260724T091041024473Z_c6434d8a/checkpoints/step_041000.pt,90fafaa3523ce9ba85fcc775104731a101d74d8c2a360c015bc9762254563b95,ba9022d5d1539527f9f6e713fac46c25cd1365f42c956f4ba67a522392b3c1e3,8d620a84930c85d617131d1062a01e640b667a32,b167674594bf0944f0b2afb877d2d8c8f5647c0e4e60c64ebb2a511a9f1f7729,d0ec6ff924ecc411b9a9d40786f057ec869076b98308e2ecb75da2756c308237,2,0
41100,20260724T091041024473Z_c6434d8a,runs/20260724T091041024473Z_c6434d8a/checkpoints/step_041100.pt,90fd59fc9a439c6bf2f1e0d95b7d8a1f2a06783da7a866c53e7b45f0f0d3558f,c46bfd50829b338d7420763dfd729487c776b6e37ee5c6d480b85fe4d25385d3,8d620a84930c85d617131d1062a01e640b667a32,b167674594bf0944f0b2afb877d2d8c8f5647c0e4e60c64ebb2a511a9f1f7729,d0ec6ff924ecc411b9a9d40786f057ec869076b98308e2ecb75da2756c308237,2,0
41200,20260724T091041024473Z_c6434d8a,runs/20260724T091041024473Z_c6434d8a/checkpoints/step_041200.pt,41fca93262ff1e0f9942fc618bd5abb6915e6b3264610e98cf2f68d630248e62,dd9408ec20c7adfac06ae11ab57b3c322a1a6d821db605ee18c5001e5e04ae84,8d620a84930c85d617131d1062a01e640b667a32,b167674594bf0944f0b2afb877d2d8c8f5647c0e4e60c64ebb2a511a9f1f7729,d0ec6ff924ecc411b9a9d40786f057ec869076b98308e2ecb75da2756c308237,2,0
41300,20260724T091041024473Z_c6434d8a,runs/20260724T091041024473Z_c6434d8a/checkpoints/step_041300.pt,74e373ae10c966b533c20593c530942383ea71d5aeee4ef9d8bc87f5abf06f9b,676f7fbfaf73cc02d72ba8b9b3ea6627bbde879a0d96421dadd570073f968253,8d620a84930c85d617131d1062a01e640b667a32,b167674594bf0944f0b2afb877d2d8c8f5647c0e4e60c64ebb2a511a9f1f7729,d0ec6ff924ecc411b9a9d40786f057ec869076b98308e2ecb75da2756c308237,2,0
41400,20260724T091041024473Z_c6434d8a,runs/20260724T091041024473Z_c6434d8a/checkpoints/step_041400.pt,47071be9b4c22c38e132330b833eded241e2f6074800ccc9ab00a90f37228fe0,723e263f2db74ae7dfbac75098f9da1d7a5e82149ed3473f900bbbd563da5f46,8d620a84930c85d617131d1062a01e640b667a32,b167674594bf0944f0b2afb877d2d8c8f5647c0e4e60c64ebb2a511a9f1f7729,d0ec6ff924ecc411b9a9d40786f057ec869076b98308e2ecb75da2756c308237,2,0
41500,20260724T091041024473Z_c6434d8a,runs/20260724T091041024473Z_c6434d8a/checkpoints/step_041500.pt,4d22cdd997cef129fa252abd6b66845f412025a5858303a5fe9411aedf55e8f4,a895f74a747fa4a452b2db5c8101c98440758b931f3f06572a64f3813b054cd4,8d620a84930c85d617131d1062a01e640b667a32,b167674594bf0944f0b2afb877d2d8c8f5647c0e4e60c64ebb2a511a9f1f7729,d0ec6ff924ecc411b9a9d40786f057ec869076b98308e2ecb75da2756c308237,2,0
41600,20260724T091041024473Z_c6434d8a,runs/20260724T091041024473Z_c6434d8a/checkpoints/step_041600.pt,7419197d286ab9dd5e4c582a590e7fefe39ae2b5f190408868913016b7ab50f3,cac7e72a4015632be22fa524204d18cb8425ea05b04330ddc36f7f47a3b8b5b1,8d620a84930c85d617131d1062a01e640b667a32,b167674594bf0944f0b2afb877d2d8c8f5647c0e4e60c64ebb2a511a9f1f7729,d0ec6ff924ecc411b9a9d40786f057ec869076b98308e2ecb75da2756c308237,2,0
41700,20260724T091041024473Z_c6434d8a,runs/20260724T091041024473Z_c6434d8a/checkpoints/step_041700.pt,d1ad312d5ee8db1529004ee00e3aa4723e8a44ee9aed4b15b0537417991013cc,2e42cb180ed1fc7c50583bce803a7b3eb5fd9ab6983d7f0a9f3440a14717bc5d,8d620a84930c85d617131d1062a01e640b667a32,b167674594bf0944f0b2afb877d2d8c8f5647c0e4e60c64ebb2a511a9f1f7729,d0ec6ff924ecc411b9a9d40786f057ec869076b98308e2ecb75da2756c308237,2,0
41800,20260724T091041024473Z_c6434d8a,runs/20260724T091041024473Z_c6434d8a/checkpoints/step_041800.pt,5adef5aa8fadcb9bf6d8c908d11cf8c1fd8b17a17d40c4b4d5572b736917a4d9,509cc2b25012e782eb2859e0f829048e59d8c8ca37026a707e013dec51a146e6,8d620a84930c85d617131d1062a01e640b667a32,b167674594bf0944f0b2afb877d2d8c8f5647c0e4e60c64ebb2a511a9f1f7729,d0ec6ff924ecc411b9a9d40786f057ec869076b98308e2ecb75da2756c308237,2,0
41900,20260724T091041024473Z_c6434d8a,runs/20260724T091041024473Z_c6434d8a/checkpoints/step_041900.pt,3887f897bf9637c3e84fe6d5306d20c734ba8d8e2b73819ac243ba940a1dbdf6,71f739a9f20f95bc0a25db4c4f277bfaf42005f679023d915cf9532c18820677,8d620a84930c85d617131d1062a01e640b667a32,b167674594bf0944f0b2afb877d2d8c8f5647c0e4e60c64ebb2a511a9f1f7729,d0ec6ff924ecc411b9a9d40786f057ec869076b98308e2ecb75da2756c308237,2,0
42000,20260724T091041024473Z_c6434d8a,runs/20260724T091041024473Z_c6434d8a/checkpoints/step_042000.pt,6bc9da1d9cabd5e5156347c9f4a9c95e2c4dd726d9abca7de54a9c0196bd238c,54fccd3abefd7e2a2083c3cefa1880f951a4da99e5cd939801370c2799e827a2,8d620a84930c85d617131d1062a01e640b667a32,b167674594bf0944f0b2afb877d2d8c8f5647c0e4e60c64ebb2a511a9f1f7729,d0ec6ff924ecc411b9a9d40786f057ec869076b98308e2ecb75da2756c308237,2,0
42100,20260724T091041024473Z_c6434d8a,runs/20260724T091041024473Z_c6434d8a/checkpoints/step_042100.pt,877046feff76ffebf01b9d8c071eabd99a5000bb7e543c3da781c96200cde602,7a97cd0c1207cfcc1ccef691617ad0300e36de86264b3b5c0d2e8f6d8271e286,8d620a84930c85d617131d1062a01e640b667a32,b167674594bf0944f0b2afb877d2d8c8f5647c0e4e60c64ebb2a511a9f1f7729,d0ec6ff924ecc411b9a9d40786f057ec869076b98308e2ecb75da2756c308237,2,0
42200,20260724T091041024473Z_c6434d8a,runs/20260724T091041024473Z_c6434d8a/checkpoints/step_042200.pt,a18c787401a026428f721bf25c287c8bf1751bc7cd9fbd1e8d970b7b4c879bce,6dbfae12e6cc63d801f9a6ae2d271da28cbb938bdb5d4774feb118f58c455e60,8d620a84930c85d617131d1062a01e640b667a32,b167674594bf0944f0b2afb877d2d8c8f5647c0e4e60c64ebb2a511a9f1f7729,d0ec6ff924ecc411b9a9d40786f057ec869076b98308e2ecb75da2756c308237,2,0
42300,20260724T091041024473Z_c6434d8a,runs/20260724T091041024473Z_c6434d8a/checkpoints/step_042300.pt,6ec3214a7a1d5a160b2d6bcea6e3d6042e641abaca2547d3237e653502532473,51e0e171bee3bd94552fa96abaed2eceed3416b304ea490a74e79f7f026f6179,8d620a84930c85d617131d1062a01e640b667a32,b167674594bf0944f0b2afb877d2d8c8f5647c0e4e60c64ebb2a511a9f1f7729,d0ec6ff924ecc411b9a9d40786f057ec869076b98308e2ecb75da2756c308237,2,0
42400,20260724T091041024473Z_c6434d8a,runs/20260724T091041024473Z_c6434d8a/checkpoints/step_042400.pt,a9ecada762162f420002733df35025d7197efe0cf26433e81b2932a4fb2e7f34,64909104ce4aa8d2b211b2ba80b9253bc1d55f80d98cd697952673de0eba7b11,8d620a84930c85d617131d1062a01e640b667a32,b167674594bf0944f0b2afb877d2d8c8f5647c0e4e60c64ebb2a511a9f1f7729,d0ec6ff924ecc411b9a9d40786f057ec869076b98308e2ecb75da2756c308237,2,0
42500,20260724T091041024473Z_c6434d8a,runs/20260724T091041024473Z_c6434d8a/checkpoints/step_042500.pt,cd00bcf2d344db33b3c22386d78c88f1b19598c11fd1b1c66efb698792d7a900,83107774010d94d1db07721edb93b90dd9cecd97b8b2e2b821d0942a2e0599bd,8d620a84930c85d617131d1062a01e640b667a32,b167674594bf0944f0b2afb877d2d8c8f5647c0e4e60c64ebb2a511a9f1f7729,d0ec6ff924ecc411b9a9d40786f057ec869076b98308e2ecb75da2756c308237,2,0
42600,20260724T091041024473Z_c6434d8a,runs/20260724T091041024473Z_c6434d8a/checkpoints/step_042600.pt,e9e55e0d548b97d832c8739454677b35c5b7a01f4e59c94c5804447bf108a549,edd6aae980d04a84cbcf3b326e2d9e3bbd08c280b2d99abbda15b237f7a6d156,8d620a84930c85d617131d1062a01e640b667a32,b167674594bf0944f0b2afb877d2d8c8f5647c0e4e60c64ebb2a511a9f1f7729,d0ec6ff924ecc411b9a9d40786f057ec869076b98308e2ecb75da2756c308237,2,0
42700,20260724T091041024473Z_c6434d8a,runs/20260724T091041024473Z_c6434d8a/checkpoints/step_042700.pt,fc53deacb23b90ce092ab54f57b45182688330ee918e989a8fb5460e1cfd1bc9,fb42b889e443b9be84f7e2130856aab0fbc6827b9c476d7193489fa30416e1b5,8d620a84930c85d617131d1062a01e640b667a32,b167674594bf0944f0b2afb877d2d8c8f5647c0e4e60c64ebb2a511a9f1f7729,d0ec6ff924ecc411b9a9d40786f057ec869076b98308e2ecb75da2756c308237,2,0
42800,20260724T091041024473Z_c6434d8a,runs/20260724T091041024473Z_c6434d8a/checkpoints/step_042800.pt,9267a513ea03240e2d848ac290fb1c6a53cd10ac50a43a77af040979b67d2026,fcc1bc04083677699d63b22b39538156a686a058eda0ca60042165a06cbe391b,8d620a84930c85d617131d1062a01e640b667a32,b167674594bf0944f0b2afb877d2d8c8f5647c0e4e60c64ebb2a511a9f1f7729,d0ec6ff924ecc411b9a9d40786f057ec869076b98308e2ecb75da2756c308237,2,0
42900,20260724T091041024473Z_c6434d8a,runs/20260724T091041024473Z_c6434d8a/checkpoints/step_042900.pt,7a79142e4ec09988943392351429669767158e1547641feb21e5b2f9b922f47f,e9de7801856df1534a5c202ae85bf6842caf25f5c4b3d15e295ab6b5ac500516,8d620a84930c85d617131d1062a01e640b667a32,b167674594bf0944f0b2afb877d2d8c8f5647c0e4e60c64ebb2a511a9f1f7729,d0ec6ff924ecc411b9a9d40786f057ec869076b98308e2ecb75da2756c308237,2,0
43000,20260724T091041024473Z_c6434d8a,runs/20260724T091041024473Z_c6434d8a/checkpoints/step_043000.pt,4e2f5a5fd72210a1bd8a3547282bed8cb88dbc9793c482ce14395ccae1fab493,5128b4590f306ee036412d565571e6130e3e9865b852490f072f7873ea5c0847,8d620a84930c85d617131d1062a01e640b667a32,b167674594bf0944f0b2afb877d2d8c8f5647c0e4e60c64ebb2a511a9f1f7729,d0ec6ff924ecc411b9a9d40786f057ec869076b98308e2ecb75da2756c308237,2,0
43100,20260724T091041024473Z_c6434d8a,runs/20260724T091041024473Z_c6434d8a/checkpoints/step_043100.pt,9f082e0386df7cadd4d6597d475b0fec48fe9615c6ee3af28230bb160410817d,27e888c9a0d985e5cdbd1691ac7533e91b974c8bfb80f73d11ab4aa2d2256c1f,8d620a84930c85d617131d1062a01e640b667a32,b167674594bf0944f0b2afb877d2d8c8f5647c0e4e60c64ebb2a511a9f1f7729,d0ec6ff924ecc411b9a9d40786f057ec869076b98308e2ecb75da2756c308237,2,0
43200,20260724T091041024473Z_c6434d8a,runs/20260724T091041024473Z_c6434d8a/checkpoints/step_043200.pt,e303ebb45fa8ad9a8d5c27111e1bdb475deb82b6ac2d7208d9872e4b813df064,1e1e7edb447d54bf3d3b0250be82a03a84fbcb5e97ae993818087bde42cab696,8d620a84930c85d617131d1062a01e640b667a32,b167674594bf0944f0b2afb877d2d8c8f5647c0e4e60c64ebb2a511a9f1f7729,d0ec6ff924ecc411b9a9d40786f057ec869076b98308e2ecb75da2756c308237,2,0
43300,20260724T091041024473Z_c6434d8a,runs/20260724T091041024473Z_c6434d8a/checkpoints/step_043300.pt,25a5edc9bb947ccb28149a246a536afba059cda1a9b30fc0934d7e8a7a09c8e4,0cd52d3349817c1e66c8f884f2d123b7061c8fc7579a73a4ca82427fbafd6e88,8d620a84930c85d617131d1062a01e640b667a32,b167674594bf0944f0b2afb877d2d8c8f5647c0e4e60c64ebb2a511a9f1f7729,d0ec6ff924ecc411b9a9d40786f057ec869076b98308e2ecb75da2756c308237,2,0
43400,20260724T091041024473Z_c6434d8a,runs/20260724T091041024473Z_c6434d8a/checkpoints/step_043400.pt,6e4340e5dbf99c0d2b3f3b3c28e904cd52336640f0c3af2662974b8cdbeef392,7b60990a4696f68d5e9d3d3a5ef43013f6a544da28a2cb10444d93690533e484,8d620a84930c85d617131d1062a01e640b667a32,b167674594bf0944f0b2afb877d2d8c8f5647c0e4e60c64ebb2a511a9f1f7729,d0ec6ff924ecc411b9a9d40786f057ec869076b98308e2ecb75da2756c308237,2,0
43500,20260724T091041024473Z_c6434d8a,runs/20260724T091041024473Z_c6434d8a/checkpoints/step_043500.pt,db26747ca6c77be123f4a877d2eb1d21c94a68c7fe27892a91383562dc973684,444b6cfeca4003ecc8fc76ef3563e552092607bf95fda27af8898988d3f4bc24,8d620a84930c85d617131d1062a01e640b667a32,b167674594bf0944f0b2afb877d2d8c8f5647c0e4e60c64ebb2a511a9f1f7729,d0ec6ff924ecc411b9a9d40786f057ec869076b98308e2ecb75da2756c308237,2,0
43600,20260724T091041024473Z_c6434d8a,runs/20260724T091041024473Z_c6434d8a/checkpoints/step_043600.pt,2d2c96568d2058e678c54a7d54b6a52ba8cd3ced6b4f0a3ec790dccee02139c7,24e18b007faf15fb4d8f8ebb0a4fd7d189afe467b3c62cae2c2e7caa53ec867f,8d620a84930c85d617131d1062a01e640b667a32,b167674594bf0944f0b2afb877d2d8c8f5647c0e4e60c64ebb2a511a9f1f7729,d0ec6ff924ecc411b9a9d40786f057ec869076b98308e2ecb75da2756c308237,2,0
43700,20260724T091041024473Z_c6434d8a,runs/20260724T091041024473Z_c6434d8a/checkpoints/step_043700.pt,f0d91a8133d1e7f06b1ab239d653778a5884049d51debeb1960c4b10791ab1dc,d630dc1407452502ce106fa5934eefaa052ecbcbc370e73efd3e8e0bcb8aa957,8d620a84930c85d617131d1062a01e640b667a32,b167674594bf0944f0b2afb877d2d8c8f5647c0e4e60c64ebb2a511a9f1f7729,d0ec6ff924ecc411b9a9d40786f057ec869076b98308e2ecb75da2756c308237,2,0
43800,20260724T091041024473Z_c6434d8a,runs/20260724T091041024473Z_c6434d8a/checkpoints/step_043800.pt,1e45f3a4c8855479f809f0a59043fb6145114aeb11308d960e2afb7118c05b1d,4fa4cbbfb1bb8e3f3f1884fdebba4f99d04dea694ec3fc385b7e062f114bbc3b,8d620a84930c85d617131d1062a01e640b667a32,b167674594bf0944f0b2afb877d2d8c8f5647c0e4e60c64ebb2a511a9f1f7729,d0ec6ff924ecc411b9a9d40786f057ec869076b98308e2ecb75da2756c308237,2,0
43900,20260724T091041024473Z_c6434d8a,runs/20260724T091041024473Z_c6434d8a/checkpoints/step_043900.pt,48db4d141552e4a0197ed68c51865e409e2f6368859e490132a5d5e726eb7990,67baa651bc5196a29e064836481f91503763cc49ba7633c90d2d38799fd750f9,8d620a84930c85d617131d1062a01e640b667a32,b167674594bf0944f0b2afb877d2d8c8f5647c0e4e60c64ebb2a511a9f1f7729,d0ec6ff924ecc411b9a9d40786f057ec869076b98308e2ecb75da2756c308237,2,0
44000,20260724T091041024473Z_c6434d8a,runs/20260724T091041024473Z_c6434d8a/checkpoints/step_044000.pt,080ae91caa21c5839196a88c46f762967694727e99121bd115cae7127bbd93d5,658ccc87059cae27700c92627e39bce700b8063cb1853593234a61161b1511f2,8d620a84930c85d617131d1062a01e640b667a32,b167674594bf0944f0b2afb877d2d8c8f5647c0e4e60c64ebb2a511a9f1f7729,d0ec6ff924ecc411b9a9d40786f057ec869076b98308e2ecb75da2756c308237,2,0
44100,20260724T091041024473Z_c6434d8a,runs/20260724T091041024473Z_c6434d8a/checkpoints/step_044100.pt,e33eab22c1282a0d4244cf3e52e71017a262afdc98b3fc828d436dddd3e71b29,358778dbecbe144a19e674bc5e06a21a2cc87c5fab8b48f839cad0bb3b987106,8d620a84930c85d617131d1062a01e640b667a32,b167674594bf0944f0b2afb877d2d8c8f5647c0e4e60c64ebb2a511a9f1f7729,d0ec6ff924ecc411b9a9d40786f057ec869076b98308e2ecb75da2756c308237,2,0
44200,20260724T091041024473Z_c6434d8a,runs/20260724T091041024473Z_c6434d8a/checkpoints/step_044200.pt,af2e330d1a6ffc745a96a3a98ec7b27a32b3fed7bad7162700ffcda94642f61f,ddac01c15fb3c08d1ffa0857043b3a38aac971cb15f29dd076595a410164abd1,8d620a84930c85d617131d1062a01e640b667a32,b167674594bf0944f0b2afb877d2d8c8f5647c0e4e60c64ebb2a511a9f1f7729,d0ec6ff924ecc411b9a9d40786f057ec869076b98308e2ecb75da2756c308237,2,0
44300,20260724T091041024473Z_c6434d8a,runs/20260724T091041024473Z_c6434d8a/checkpoints/step_044300.pt,f642d867f18e3b5e57eb2fe9075814d6a52b888df19feb800548e56bfb29ddcd,298fb124b546ad071973a2573dde10fd4bdcbe25a375613be9baa24c4d0a5441,8d620a84930c85d617131d1062a01e640b667a32,b167674594bf0944f0b2afb877d2d8c8f5647c0e4e60c64ebb2a511a9f1f7729,d0ec6ff924ecc411b9a9d40786f057ec869076b98308e2ecb75da2756c308237,2,0
44400,20260724T091041024473Z_c6434d8a,runs/20260724T091041024473Z_c6434d8a/checkpoints/step_044400.pt,1d8ad88b2398419c09e17f409073e0846f4373054373a8ebb94f437b816d0e53,33f8c9195d24254597bff64e8715f12eda1770170acb021355836734adb0018a,8d620a84930c85d617131d1062a01e640b667a32,b167674594bf0944f0b2afb877d2d8c8f5647c0e4e60c64ebb2a511a9f1f7729,d0ec6ff924ecc411b9a9d40786f057ec869076b98308e2ecb75da2756c308237,2,0
44500,20260724T091041024473Z_c6434d8a,runs/20260724T091041024473Z_c6434d8a/checkpoints/step_044500.pt,c9a8c9b887bf5b71ff0d2989f83ac22f42a0d635e163c405f2347b9db68a7cb3,a9a8a29873b78cdcb880d55dd133e44e7937672ce0ae697c8be8206807f6c5b8,8d620a84930c85d617131d1062a01e640b667a32,b167674594bf0944f0b2afb877d2d8c8f5647c0e4e60c64ebb2a511a9f1f7729,d0ec6ff924ecc411b9a9d40786f057ec869076b98308e2ecb75da2756c308237,2,0
44600,20260724T091041024473Z_c6434d8a,runs/20260724T091041024473Z_c6434d8a/checkpoints/step_044600.pt,11c97725c069c49cc9bb803a7f7771eab440df3abb482e5970d2782e4f59a45d,bda2e80bd9232369200d5357b6376a2b95fd5d91070f71fb4d70b70c757c68d5,8d620a84930c85d617131d1062a01e640b667a32,b167674594bf0944f0b2afb877d2d8c8f5647c0e4e60c64ebb2a511a9f1f7729,d0ec6ff924ecc411b9a9d40786f057ec869076b98308e2ecb75da2756c308237,2,0
44700,20260724T091041024473Z_c6434d8a,runs/20260724T091041024473Z_c6434d8a/checkpoints/step_044700.pt,7e85c0dde8d07b075aae61d0ac681a9c85cfe046f8cb591dbb19e0cad0c65a4d,d59069fa6974b9f68a876d995183b7312e60f86ac460b593ec1934a2fe184ed5,8d620a84930c85d617131d1062a01e640b667a32,b167674594bf0944f0b2afb877d2d8c8f5647c0e4e60c64ebb2a511a9f1f7729,d0ec6ff924ecc411b9a9d40786f057ec869076b98308e2ecb75da2756c308237,2,0
44800,20260724T091041024473Z_c6434d8a,runs/20260724T091041024473Z_c6434d8a/checkpoints/step_044800.pt,84f2165ef406811afac61e5ab921b5eca2dcb0fa628baaa08dce6998670c54f1,201137de03040587440355d59c39e0ce586ed18d0ed8e6aba4045404aead9a4d,8d620a84930c85d617131d1062a01e640b667a32,b167674594bf0944f0b2afb877d2d8c8f5647c0e4e60c64ebb2a511a9f1f7729,d0ec6ff924ecc411b9a9d40786f057ec869076b98308e2ecb75da2756c308237,2,0
44900,20260724T091041024473Z_c6434d8a,runs/20260724T091041024473Z_c6434d8a/checkpoints/step_044900.pt,9740458436afb74b09ff241139bc51f2debb0ca7c3422eaea1625e5620271798,de7a5df232e84e4d46f4d268cbb834bedb85cff81f13c9514a6fcb5efbddfa27,8d620a84930c85d617131d1062a01e640b667a32,b167674594bf0944f0b2afb877d2d8c8f5647c0e4e60c64ebb2a511a9f1f7729,d0ec6ff924ecc411b9a9d40786f057ec869076b98308e2ecb75da2756c308237,2,0
45000,20260724T091041024473Z_c6434d8a,runs/20260724T091041024473Z_c6434d8a/checkpoints/step_045000.pt,0708b975d9e5998856da2234cd12615e01289d5f9377d3dcd5886995225f931f,24fee9863d43cb5cb843a3d1740321b50f3389c06273ef07c1bfa005118b9bbc,8d620a84930c85d617131d1062a01e640b667a32,b167674594bf0944f0b2afb877d2d8c8f5647c0e4e60c64ebb2a511a9f1f7729,d0ec6ff924ecc411b9a9d40786f057ec869076b98308e2ecb75da2756c308237,2,0
45100,20260724T091041024473Z_c6434d8a,runs/20260724T091041024473Z_c6434d8a/checkpoints/step_045100.pt,fccf982b6aedf7b6e24c273939741537c9c68335e696a5ecd1103f14b405a712,86f70b4e07200fa10382e0e6a80cd12a321ce57b355a65d22a13f8439d04ad0a,8d620a84930c85d617131d1062a01e640b667a32,b167674594bf0944f0b2afb877d2d8c8f5647c0e4e60c64ebb2a511a9f1f7729,d0ec6ff924ecc411b9a9d40786f057ec869076b98308e2ecb75da2756c308237,2,0
45200,20260724T091041024473Z_c6434d8a,runs/20260724T091041024473Z_c6434d8a/checkpoints/step_045200.pt,91b2bb2851c91b15daf0c0a1bf3de9bfb2a1938a8fb193754ba28df71ac1018f,7c5d6ffbdf956d7d485e8d4b1c9c2cb89ec5bc63f6283d073865e544eff53788,8d620a84930c85d617131d1062a01e640b667a32,b167674594bf0944f0b2afb877d2d8c8f5647c0e4e60c64ebb2a511a9f1f7729,d0ec6ff924ecc411b9a9d40786f057ec869076b98308e2ecb75da2756c308237,2,0
45300,20260724T091041024473Z_c6434d8a,runs/20260724T091041024473Z_c6434d8a/checkpoints/step_045300.pt,339fb06b596817d545a30d4c51e5e7ec5d58ee41d1f86eb26a16d5441dcc0614,0c708cd095bd4e19321029c6014b37e6934425299796c20f96694c136486c4b6,8d620a84930c85d617131d1062a01e640b667a32,b167674594bf0944f0b2afb877d2d8c8f5647c0e4e60c64ebb2a511a9f1f7729,d0ec6ff924ecc411b9a9d40786f057ec869076b98308e2ecb75da2756c308237,2,0
45400,20260724T091041024473Z_c6434d8a,runs/20260724T091041024473Z_c6434d8a/checkpoints/step_045400.pt,4b40199a66bad1b3ec4218ccde423ed92dd0afad0a201341db000b9dcee25bbe,a70f24c07f03ed0b6c06e1ee74498d1bc1bff712dab10f867b75a5ed8eda6b1d,8d620a84930c85d617131d1062a01e640b667a32,b167674594bf0944f0b2afb877d2d8c8f5647c0e4e60c64ebb2a511a9f1f7729,d0ec6ff924ecc411b9a9d40786f057ec869076b98308e2ecb75da2756c308237,2,0
45500,20260724T091041024473Z_c6434d8a,runs/20260724T091041024473Z_c6434d8a/checkpoints/step_045500.pt,2d27b91812fd3c87926aaac053fabe5658d051c2e4cf1ac9b04b1167d0f47578,c7cce1d3124125fb239f2600be9d846f36487b366da4a8b70b572f850159ae84,8d620a84930c85d617131d1062a01e640b667a32,b167674594bf0944f0b2afb877d2d8c8f5647c0e4e60c64ebb2a511a9f1f7729,d0ec6ff924ecc411b9a9d40786f057ec869076b98308e2ecb75da2756c308237,2,0
45600,20260724T091041024473Z_c6434d8a,runs/20260724T091041024473Z_c6434d8a/checkpoints/step_045600.pt,88423bb1475824d33a0930e22f512a33818a6ccb88960ecebabb1abbfabfb792,d811dcef4851d09dfc197c032f0bb3a914a2bb5acabd7c10789b00d857e83155,8d620a84930c85d617131d1062a01e640b667a32,b167674594bf0944f0b2afb877d2d8c8f5647c0e4e60c64ebb2a511a9f1f7729,d0ec6ff924ecc411b9a9d40786f057ec869076b98308e2ecb75da2756c308237,2,0
45700,20260724T091041024473Z_c6434d8a,runs/20260724T091041024473Z_c6434d8a/checkpoints/step_045700.pt,44541bac0d59a2ad36ab94bc957e216b037fad710da076b68395b603a9f4dfdc,5b9dbd4a34bc6bc15334e2f851381db1f3da0f3e1e73d1d88547e4cfda0ebb45,8d620a84930c85d617131d1062a01e640b667a32,b167674594bf0944f0b2afb877d2d8c8f5647c0e4e60c64ebb2a511a9f1f7729,d0ec6ff924ecc411b9a9d40786f057ec869076b98308e2ecb75da2756c308237,2,0
45800,20260724T091041024473Z_c6434d8a,runs/20260724T091041024473Z_c6434d8a/checkpoints/step_045800.pt,a0c911aa1a2168ccc207f4f14dff07e05c3306e14c4c576b485602afac99858c,b26a3430afeec5151d80e014df388210ae290d4a8403def7437f4ef71a0f616d,8d620a84930c85d617131d1062a01e640b667a32,b167674594bf0944f0b2afb877d2d8c8f5647c0e4e60c64ebb2a511a9f1f7729,d0ec6ff924ecc411b9a9d40786f057ec869076b98308e2ecb75da2756c308237,2,0
45900,20260724T091041024473Z_c6434d8a,runs/20260724T091041024473Z_c6434d8a/checkpoints/step_045900.pt,9afeda137cf1f1bc1e107dfa4868337cd03e44a01c23e12bf0e5a371cebda209,bf543d32e2b52a6ce0925f7676c25bcbc77a6282bd01c6989f4ef6aec4bcacf4,8d620a84930c85d617131d1062a01e640b667a32,b167674594bf0944f0b2afb877d2d8c8f5647c0e4e60c64ebb2a511a9f1f7729,d0ec6ff924ecc411b9a9d40786f057ec869076b98308e2ecb75da2756c308237,2,0
46000,20260724T091041024473Z_c6434d8a,runs/20260724T091041024473Z_c6434d8a/checkpoints/step_046000.pt,be290e8f35a2852cf4f19c47d3bb9723ea58900b9b68f0f2474acd5845576bb3,c77525794fe1331f5fd30b0910ec1f468a0ce55530743cd6c41419160b54ec90,8d620a84930c85d617131d1062a01e640b667a32,b167674594bf0944f0b2afb877d2d8c8f5647c0e4e60c64ebb2a511a9f1f7729,d0ec6ff924ecc411b9a9d40786f057ec869076b98308e2ecb75da2756c308237,2,0
46100,20260724T091041024473Z_c6434d8a,runs/20260724T091041024473Z_c6434d8a/checkpoints/step_046100.pt,81daa21f882cab66c2b37a81e004782b5e3fd4c6d41b4dfb646fcbb6613e0902,ece69dd8d1fa3da4433309102f5a2eb81611be5a85dfd8fb6027b645b0b5f355,8d620a84930c85d617131d1062a01e640b667a32,b167674594bf0944f0b2afb877d2d8c8f5647c0e4e60c64ebb2a511a9f1f7729,d0ec6ff924ecc411b9a9d40786f057ec869076b98308e2ecb75da2756c308237,2,0
46200,20260724T091041024473Z_c6434d8a,runs/20260724T091041024473Z_c6434d8a/checkpoints/step_046200.pt,7707db464310f6fa8bd1fd0c9beb49bc57987b6a729cd19054c5beac217b5096,dd33d181d628815c547106c346b1c33b709becffebf7ce1f529ae9d1b7660fd6,8d620a84930c85d617131d1062a01e640b667a32,b167674594bf0944f0b2afb877d2d8c8f5647c0e4e60c64ebb2a511a9f1f7729,d0ec6ff924ecc411b9a9d40786f057ec869076b98308e2ecb75da2756c308237,2,0
46300,20260724T091041024473Z_c6434d8a,runs/20260724T091041024473Z_c6434d8a/checkpoints/step_046300.pt,21c59a788c455abfae6344aee5b7e96bd16b6303343f33cb610f4c5cd333f2ca,fa47a100b369f72310de676cc71afc66f2e7320b9780643463eb0111248c62cb,8d620a84930c85d617131d1062a01e640b667a32,b167674594bf0944f0b2afb877d2d8c8f5647c0e4e60c64ebb2a511a9f1f7729,d0ec6ff924ecc411b9a9d40786f057ec869076b98308e2ecb75da2756c308237,2,0
46400,20260724T091041024473Z_c6434d8a,runs/20260724T091041024473Z_c6434d8a/checkpoints/step_046400.pt,4112df1d8b7282531bab4220c1f0ed1e779f35fe07a0a2466fb3c7cae6da2c1b,ab8f89efdf0213ca0e06b2c762c3167bffeb45c9edfd331962ebe5c894d03d4a,8d620a84930c85d617131d1062a01e640b667a32,b167674594bf0944f0b2afb877d2d8c8f5647c0e4e60c64ebb2a511a9f1f7729,d0ec6ff924ecc411b9a9d40786f057ec869076b98308e2ecb75da2756c308237,2,0
46500,20260724T091041024473Z_c6434d8a,runs/20260724T091041024473Z_c6434d8a/checkpoints/step_046500.pt,8becd65ba192a76e17ae00556f5363b08bacd05694fb7e02e027e07124e83e26,fab647e4b1562fe60d9f4f82c941e9fc28ec0c1d41ba618820bfb1416b0408fe,8d620a84930c85d617131d1062a01e640b667a32,b167674594bf0944f0b2afb877d2d8c8f5647c0e4e60c64ebb2a511a9f1f7729,d0ec6ff924ecc411b9a9d40786f057ec869076b98308e2ecb75da2756c308237,2,0
46600,20260724T091041024473Z_c6434d8a,runs/20260724T091041024473Z_c6434d8a/checkpoints/step_046600.pt,c3332ea1e2cde331fb578e3015e26350558aa924407bcc8087829001ee9cba0a,e3e36015f911330dc3f7ede7f9fa4024685acd1bdcf53275f85cdfe76b34e7db,8d620a84930c85d617131d1062a01e640b667a32,b167674594bf0944f0b2afb877d2d8c8f5647c0e4e60c64ebb2a511a9f1f7729,d0ec6ff924ecc411b9a9d40786f057ec869076b98308e2ecb75da2756c308237,2,0
46700,20260724T091041024473Z_c6434d8a,runs/20260724T091041024473Z_c6434d8a/checkpoints/step_046700.pt,70eb40bf098ea54e48101d4831fae5d917d5ec5beef8969a4b5788f889827788,5b4a9c5a98571feb87344cb18b4d51efc43e72ebdeb9f5e837c6f9b706d43aef,8d620a84930c85d617131d1062a01e640b667a32,b167674594bf0944f0b2afb877d2d8c8f5647c0e4e60c64ebb2a511a9f1f7729,d0ec6ff924ecc411b9a9d40786f057ec869076b98308e2ecb75da2756c308237,2,0
46800,20260724T091041024473Z_c6434d8a,runs/20260724T091041024473Z_c6434d8a/checkpoints/step_046800.pt,209fddb6885c62fec342d3fba81c94a8f3c5a67cd05311591f1d98e46778d03c,3e15db1ba5f73d81b770ff071882d83f78e9ffdb93374b9de745faaa297c9101,8d620a84930c85d617131d1062a01e640b667a32,b167674594bf0944f0b2afb877d2d8c8f5647c0e4e60c64ebb2a511a9f1f7729,d0ec6ff924ecc411b9a9d40786f057ec869076b98308e2ecb75da2756c308237,2,0
46900,20260724T091041024473Z_c6434d8a,runs/20260724T091041024473Z_c6434d8a/checkpoints/step_046900.pt,eab690027534eae584786cfc99b7a0cffdac2c0c045582e35aacc248a1daf112,ef8c14dd19fb647f61bf3096c5d5a55a71788c2129e4987d88e8b9bc6436303a,8d620a84930c85d617131d1062a01e640b667a32,b167674594bf0944f0b2afb877d2d8c8f5647c0e4e60c64ebb2a511a9f1f7729,d0ec6ff924ecc411b9a9d40786f057ec869076b98308e2ecb75da2756c308237,2,0
47000,20260724T091041024473Z_c6434d8a,runs/20260724T091041024473Z_c6434d8a/checkpoints/step_047000.pt,d0a28b00c8a654fd55a3de09495bcba9e1c78d92d095b0d9d58f9cc0684464d6,b3b4e6a6bc5a9f4be22f4bf6e75964fcd884a9baf88c96b8a40c45477b3db992,8d620a84930c85d617131d1062a01e640b667a32,b167674594bf0944f0b2afb877d2d8c8f5647c0e4e60c64ebb2a511a9f1f7729,d0ec6ff924ecc411b9a9d40786f057ec869076b98308e2ecb75da2756c308237,2,0
47100,20260724T091041024473Z_c6434d8a,runs/20260724T091041024473Z_c6434d8a/checkpoints/step_047100.pt,4fb58ac02f6b357bd7e8cdea60d79168025dbf5c361582e9704660bb7c576711,4d23476fa3d17d42423b5e36952aa247d02d1d7931ccf087c6133d23c54e73b1,8d620a84930c85d617131d1062a01e640b667a32,b167674594bf0944f0b2afb877d2d8c8f5647c0e4e60c64ebb2a511a9f1f7729,d0ec6ff924ecc411b9a9d40786f057ec869076b98308e2ecb75da2756c308237,2,0
47200,20260724T091041024473Z_c6434d8a,runs/20260724T091041024473Z_c6434d8a/checkpoints/step_047200.pt,bd26a7d25657f4bd91255503bcdc8d7a4a6d5e12db517dd08453799cf09e9c91,5d7870547d2f8f127ba3e46687013ed28367b4154171a2d3a5526fa952d20a36,8d620a84930c85d617131d1062a01e640b667a32,b167674594bf0944f0b2afb877d2d8c8f5647c0e4e60c64ebb2a511a9f1f7729,d0ec6ff924ecc411b9a9d40786f057ec869076b98308e2ecb75da2756c308237,2,0
47300,20260724T091041024473Z_c6434d8a,runs/20260724T091041024473Z_c6434d8a/checkpoints/step_047300.pt,865e0b04f142d41c1a1593c88e4f1cfa5b0d946848d14ecfdd6c0969a595ef6f,a02c9ac74e297f93190d61105c480d40e956f1b73ccd5af9db3b55c2f952d341,8d620a84930c85d617131d1062a01e640b667a32,b167674594bf0944f0b2afb877d2d8c8f5647c0e4e60c64ebb2a511a9f1f7729,d0ec6ff924ecc411b9a9d40786f057ec869076b98308e2ecb75da2756c308237,2,0
47400,20260724T091041024473Z_c6434d8a,runs/20260724T091041024473Z_c6434d8a/checkpoints/step_047400.pt,c628c1aea3c4e714651af0678b1d0f89976299525d2103d65a4adb105c4a0d8e,d24c2ae70cb19308462bab1d3540c5e966fed7639f00c135a26310ccdcd62333,8d620a84930c85d617131d1062a01e640b667a32,b167674594bf0944f0b2afb877d2d8c8f5647c0e4e60c64ebb2a511a9f1f7729,d0ec6ff924ecc411b9a9d40786f057ec869076b98308e2ecb75da2756c308237,2,0
47500,20260724T091041024473Z_c6434d8a,runs/20260724T091041024473Z_c6434d8a/checkpoints/step_047500.pt,c75d7147693fce001b2242c64ebe4ce4b9971d36efefc2807ddc194d72efd4c0,9c8a07c88b4424411b15674f91394c8e3e160969be36c4ce7e569b5f74eaa555,8d620a84930c85d617131d1062a01e640b667a32,b167674594bf0944f0b2afb877d2d8c8f5647c0e4e60c64ebb2a511a9f1f7729,d0ec6ff924ecc411b9a9d40786f057ec869076b98308e2ecb75da2756c308237,2,0
47600,20260724T091041024473Z_c6434d8a,runs/20260724T091041024473Z_c6434d8a/checkpoints/step_047600.pt,e1a0cf7b9d186372935b0d4130db30a42ed3538dfdd6392fc65c01a18c768ff4,da7be4ea016212ef93180a165045fa579ac04ff798739c65be1c403ec9fa3a39,8d620a84930c85d617131d1062a01e640b667a32,b167674594bf0944f0b2afb877d2d8c8f5647c0e4e60c64ebb2a511a9f1f7729,d0ec6ff924ecc411b9a9d40786f057ec869076b98308e2ecb75da2756c308237,2,0
47700,20260724T091041024473Z_c6434d8a,runs/20260724T091041024473Z_c6434d8a/checkpoints/step_047700.pt,eb883557cdeeab3e3dcc60ae93ac279fe1b2ae8edfdbdaa452f6b7dda84a1292,d5bda88f77f7d81367a1fe0849ce54748017334e0f81e882feb6fa46d5beafdb,8d620a84930c85d617131d1062a01e640b667a32,b167674594bf0944f0b2afb877d2d8c8f5647c0e4e60c64ebb2a511a9f1f7729,d0ec6ff924ecc411b9a9d40786f057ec869076b98308e2ecb75da2756c308237,2,0
47800,20260724T091041024473Z_c6434d8a,runs/20260724T091041024473Z_c6434d8a/checkpoints/step_047800.pt,bbc7d570dbff643eac06bd137503065151d034790fed252edafa881fe7ef1beb,d9ea34f5ec3a8d8c0a99a014b1a74a6ee346c811e1f4df1489db4409b048b60a,8d620a84930c85d617131d1062a01e640b667a32,b167674594bf0944f0b2afb877d2d8c8f5647c0e4e60c64ebb2a511a9f1f7729,d0ec6ff924ecc411b9a9d40786f057ec869076b98308e2ecb75da2756c308237,2,0
47900,20260724T091041024473Z_c6434d8a,runs/20260724T091041024473Z_c6434d8a/checkpoints/step_047900.pt,5e907df4b7fc6fc6e12e4a9d6583afc0d42ac50c08e4be95bb4ae0cc05fb2337,0acd27453d28f0bf27939d19e8d7977cb29e36307914cd8d645331e9ca62dd37,8d620a84930c85d617131d1062a01e640b667a32,b167674594bf0944f0b2afb877d2d8c8f5647c0e4e60c64ebb2a511a9f1f7729,d0ec6ff924ecc411b9a9d40786f057ec869076b98308e2ecb75da2756c308237,2,0
48000,20260724T091041024473Z_c6434d8a,runs/20260724T091041024473Z_c6434d8a/checkpoints/step_048000.pt,dd7c3a8238083433a3a6a489fcbe47608585dfd552c6043260d593f77762af39,f9699fad7352ff6ae85289071711a681ab92ef2a92742b9c4d48740a0358bfde,8d620a84930c85d617131d1062a01e640b667a32,b167674594bf0944f0b2afb877d2d8c8f5647c0e4e60c64ebb2a511a9f1f7729,d0ec6ff924ecc411b9a9d40786f057ec869076b98308e2ecb75da2756c308237,2,0
48100,20260724T091041024473Z_c6434d8a,runs/20260724T091041024473Z_c6434d8a/checkpoints/step_048100.pt,9275e587e7e4df5fd2e3b6314440dfd67a6e3fe7c79dbdf84ce3c60e2a4eb3d4,6ad96673331323a4503bc016355f15f241617de9b9b05c6752c4c3c2175482c5,8d620a84930c85d617131d1062a01e640b667a32,b167674594bf0944f0b2afb877d2d8c8f5647c0e4e60c64ebb2a511a9f1f7729,d0ec6ff924ecc411b9a9d40786f057ec869076b98308e2ecb75da2756c308237,2,0
48200,20260724T091041024473Z_c6434d8a,runs/20260724T091041024473Z_c6434d8a/checkpoints/step_048200.pt,40217da97b57173bbb6c665b5cd144594da22b5bd581fea9cf95351db5e786fd,b7e66b9443a1f5e75aa77fa4b6cb1c93acc094dace493fa642c0f3f596c0a3d0,8d620a84930c85d617131d1062a01e640b667a32,b167674594bf0944f0b2afb877d2d8c8f5647c0e4e60c64ebb2a511a9f1f7729,d0ec6ff924ecc411b9a9d40786f057ec869076b98308e2ecb75da2756c308237,2,0
48300,20260724T091041024473Z_c6434d8a,runs/20260724T091041024473Z_c6434d8a/checkpoints/step_048300.pt,e48e3b5365c4f1165f0c76bc8a8715f72d35cf7165334a5cc090951145193bc6,7535350928e4a6f9649a48af03abf0f0913e242936e8fa6782b77004cb9ab488,8d620a84930c85d617131d1062a01e640b667a32,b167674594bf0944f0b2afb877d2d8c8f5647c0e4e60c64ebb2a511a9f1f7729,d0ec6ff924ecc411b9a9d40786f057ec869076b98308e2ecb75da2756c308237,2,0
48400,20260724T091041024473Z_c6434d8a,runs/20260724T091041024473Z_c6434d8a/checkpoints/step_048400.pt,7417be398bbfaa5a4a18f515693706dd432ff62d50dc1681970791255841e627,889b64961c870ca495e1c19479a0209f94842c6b82a7dceb913c790aac62ae52,8d620a84930c85d617131d1062a01e640b667a32,b167674594bf0944f0b2afb877d2d8c8f5647c0e4e60c64ebb2a511a9f1f7729,d0ec6ff924ecc411b9a9d40786f057ec869076b98308e2ecb75da2756c308237,2,0
48500,20260724T091041024473Z_c6434d8a,runs/20260724T091041024473Z_c6434d8a/checkpoints/step_048500.pt,b029c671a39c4b3f2197ec6598ec53dedc95c2ceab10445ef2ced06f05e73cfd,17083a9b8fdefd38aebbcf871aa2fde434799bf6469f51b151b940d553fc6d04,8d620a84930c85d617131d1062a01e640b667a32,b167674594bf0944f0b2afb877d2d8c8f5647c0e4e60c64ebb2a511a9f1f7729,d0ec6ff924ecc411b9a9d40786f057ec869076b98308e2ecb75da2756c308237,2,0
48600,20260724T091041024473Z_c6434d8a,runs/20260724T091041024473Z_c6434d8a/checkpoints/step_048600.pt,b176a14e50b73edf87282c5c1058d82555c4219c3215ea221c5569d9cb5e0627,01f05e904398f4f10cd55d81e1a091db368bf8ca53809ecaa7d55abc6d6587c2,8d620a84930c85d617131d1062a01e640b667a32,b167674594bf0944f0b2afb877d2d8c8f5647c0e4e60c64ebb2a511a9f1f7729,d0ec6ff924ecc411b9a9d40786f057ec869076b98308e2ecb75da2756c308237,2,0
48700,20260724T091041024473Z_c6434d8a,runs/20260724T091041024473Z_c6434d8a/checkpoints/step_048700.pt,a9543419352ac6d8c0200e2d92aa6270561bdebdac4a715b35754bfd66bac5cf,87ecf46db56ef4f201c174d66d8befeaafae76f79adaa68f8b960b4f0194b279,8d620a84930c85d617131d1062a01e640b667a32,b167674594bf0944f0b2afb877d2d8c8f5647c0e4e60c64ebb2a511a9f1f7729,d0ec6ff924ecc411b9a9d40786f057ec869076b98308e2ecb75da2756c308237,2,0
48800,20260724T091041024473Z_c6434d8a,runs/20260724T091041024473Z_c6434d8a/checkpoints/step_048800.pt,5a8ffcac43f2cd9724dd58b98cfc14c3392823769ac2132d05f9fabcce92c4ba,c455d42fbf18c66e16f5f3a7b0db57fac1bc3559466bd404003b1d7d73ad56ec,8d620a84930c85d617131d1062a01e640b667a32,b167674594bf0944f0b2afb877d2d8c8f5647c0e4e60c64ebb2a511a9f1f7729,d0ec6ff924ecc411b9a9d40786f057ec869076b98308e2ecb75da2756c308237,2,0
48900,20260724T091041024473Z_c6434d8a,runs/20260724T091041024473Z_c6434d8a/checkpoints/step_048900.pt,f84c0e10e9e2ecd71c748366bceb8823135633b138313fddbcfaaef890b50a25,3b8a7434fd41e82fd029906e73ad9c580ff52c96644608ea977e7c6c81ee78b8,8d620a84930c85d617131d1062a01e640b667a32,b167674594bf0944f0b2afb877d2d8c8f5647c0e4e60c64ebb2a511a9f1f7729,d0ec6ff924ecc411b9a9d40786f057ec869076b98308e2ecb75da2756c308237,2,0
49000,20260724T091041024473Z_c6434d8a,runs/20260724T091041024473Z_c6434d8a/checkpoints/step_049000.pt,9da757a923b5371e15eef7388b1e7e855ea929ef5e960ae705c098a4ae1b89d3,5ee40679f0b37cdde2e45414f2545cc50df588dcf99b7ea3cff3cbb6c9de2033,8d620a84930c85d617131d1062a01e640b667a32,b167674594bf0944f0b2afb877d2d8c8f5647c0e4e60c64ebb2a511a9f1f7729,d0ec6ff924ecc411b9a9d40786f057ec869076b98308e2ecb75da2756c308237,2,0
49100,20260724T091041024473Z_c6434d8a,runs/20260724T091041024473Z_c6434d8a/checkpoints/step_049100.pt,190226fbf3f9672384e45c96e647927dadc1e8c39a0286f93b50da2e7f8b955b,be81d6e4aa95fb6204e2fe87d71938f33f2a68ac2dac7d8841ab15fee91d68ab,8d620a84930c85d617131d1062a01e640b667a32,b167674594bf0944f0b2afb877d2d8c8f5647c0e4e60c64ebb2a511a9f1f7729,d0ec6ff924ecc411b9a9d40786f057ec869076b98308e2ecb75da2756c308237,2,0
49200,20260724T091041024473Z_c6434d8a,runs/20260724T091041024473Z_c6434d8a/checkpoints/step_049200.pt,caab8d563e89f1d23affbae2a6f6ab2aa40b71c09fef2e841ba79eab38fc4088,eaa496afc77223a3773c2c2e3ce6666657b755dc9b9d13e629f83ef357d202a3,8d620a84930c85d617131d1062a01e640b667a32,b167674594bf0944f0b2afb877d2d8c8f5647c0e4e60c64ebb2a511a9f1f7729,d0ec6ff924ecc411b9a9d40786f057ec869076b98308e2ecb75da2756c308237,2,0
49300,20260724T091041024473Z_c6434d8a,runs/20260724T091041024473Z_c6434d8a/checkpoints/step_049300.pt,722591a60c1655eb521a54f572c33654d930ea4550c8f07c3b4bae26006fbb00,239fa7f144e78012c74243c85298ea065378b94069541f384a75a15cb628b19f,8d620a84930c85d617131d1062a01e640b667a32,b167674594bf0944f0b2afb877d2d8c8f5647c0e4e60c64ebb2a511a9f1f7729,d0ec6ff924ecc411b9a9d40786f057ec869076b98308e2ecb75da2756c308237,2,0
49400,20260724T091041024473Z_c6434d8a,runs/20260724T091041024473Z_c6434d8a/checkpoints/step_049400.pt,41bc5ee059861119ad7b50f23be68815eb9aeff418e4f1eac7b1810b9a38d2ac,01c98793ec192c90845e05b475b62d97ff07c48771b1b446bf9749c811398299,8d620a84930c85d617131d1062a01e640b667a32,b167674594bf0944f0b2afb877d2d8c8f5647c0e4e60c64ebb2a511a9f1f7729,d0ec6ff924ecc411b9a9d40786f057ec869076b98308e2ecb75da2756c308237,2,0
49500,20260724T091041024473Z_c6434d8a,runs/20260724T091041024473Z_c6434d8a/checkpoints/step_049500.pt,ae3f14215769d9b7821f076457a253e753bfea061b6798ae87ea02861c9e2bbf,09117f9063ad526c75a127add019756a62cf91157bbcc963f796945110ca862e,8d620a84930c85d617131d1062a01e640b667a32,b167674594bf0944f0b2afb877d2d8c8f5647c0e4e60c64ebb2a511a9f1f7729,d0ec6ff924ecc411b9a9d40786f057ec869076b98308e2ecb75da2756c308237,2,0
49600,20260724T091041024473Z_c6434d8a,runs/20260724T091041024473Z_c6434d8a/checkpoints/step_049600.pt,5e8322ea49b0f13eefcacf7d08c2e51ac0f89c97e14bd6a5f1cd3c050f286f68,f45b5834be3cc540ec4e432705762d2e2aa05be16310a487146d5b376eb8580e,8d620a84930c85d617131d1062a01e640b667a32,b167674594bf0944f0b2afb877d2d8c8f5647c0e4e60c64ebb2a511a9f1f7729,d0ec6ff924ecc411b9a9d40786f057ec869076b98308e2ecb75da2756c308237,2,0
49700,20260724T091041024473Z_c6434d8a,runs/20260724T091041024473Z_c6434d8a/checkpoints/step_049700.pt,96ca9079152a64643c1f732ee415f74180d6317095f48b3402ce6607fea23c9e,76973ca406055fa9251372f96b66108bc57aaa0af0e1723b065baf45b6553dbf,8d620a84930c85d617131d1062a01e640b667a32,b167674594bf0944f0b2afb877d2d8c8f5647c0e4e60c64ebb2a511a9f1f7729,d0ec6ff924ecc411b9a9d40786f057ec869076b98308e2ecb75da2756c308237,2,0
49800,20260724T091041024473Z_c6434d8a,runs/20260724T091041024473Z_c6434d8a/checkpoints/step_049800.pt,a9b8f142baf197e9d3e504dec0098084b804d0e02e5e10d2e0ed8d4c2b608dcb,36560d580ff7246909c053640b33e6d3216649b147bdf348ab2fca7cde353426,8d620a84930c85d617131d1062a01e640b667a32,b167674594bf0944f0b2afb877d2d8c8f5647c0e4e60c64ebb2a511a9f1f7729,d0ec6ff924ecc411b9a9d40786f057ec869076b98308e2ecb75da2756c308237,2,0
49900,20260724T091041024473Z_c6434d8a,runs/20260724T091041024473Z_c6434d8a/checkpoints/step_049900.pt,d51acbf6645f21dcd8a2dffe82349a64081cef29a9dd6e0c254b5c0e0c28185e,30edf9bf098fd3da3a87d4347938e0eb10110c2a605300781c14ebf8390360ea,8d620a84930c85d617131d1062a01e640b667a32,b167674594bf0944f0b2afb877d2d8c8f5647c0e4e60c64ebb2a511a9f1f7729,d0ec6ff924ecc411b9a9d40786f057ec869076b98308e2ecb75da2756c308237,2,0
50000,20260724T091041024473Z_c6434d8a,runs/20260724T091041024473Z_c6434d8a/checkpoints/step_050000.pt,59ca2965f9c512021173341d59e7861fa64979d84e9579d4e454c9cc6040fd7c,7d45625ddef613a78ec125ed36a7394eeae94d98f30a62d0d5b80c3939cbf9e9,8d620a84930c85d617131d1062a01e640b667a32,b167674594bf0944f0b2afb877d2d8c8f5647c0e4e60c64ebb2a511a9f1f7729,d0ec6ff924ecc411b9a9d40786f057ec869076b98308e2ecb75da2756c308237,2,0
